id,sentence,type,pronoun,tokens,log_probs,pronoun_log_prob
1_dog_affirmative,John owns a dog and it follows him everywhere he goes.,affirmative,it,John| owns| a| dog| and| it| follows| him| everywhere| he| goes|.,-12.05151|-1.2389575|-5.751538|-2.5454457|-3.8152804|-5.400128|-0.1905186|-1.1938651|-2.102642|-0.015156917|-0.2737273,-5.400128
1_dog_affirmative,John owns a dog and he is thinking about getting another one.,affirmative,subj,John| owns| a| dog| and| he| is| thinking| about| getting| another| one|.,-12.050948|-1.2370327|-5.750761|-2.5439568|-2.675106|-2.1130917|-5.2468224|-0.8774881|-2.0285068|-1.5971469|-0.79111254|-0.29943717,-2.1130917
1_dog_negated,John doesn't own a dog and it follows him everywhere he goes.,negated,it,John| doesn|'t| own| a| dog| and| it| follows| him| everywhere| he| goes|.,-9.115828|-0.37966186|-5.7289095|-0.7410115|-4.8657327|-3.2693431|-4.6129947|-8.737575|-1.5350059|-1.4226121|-1.6927426|-0.023457844|-0.60358715,-8.737575
1_dog_negated,John doesn't own a dog and he isn't planning on getting one.,negated,subj,John| doesn|'t| own| a| dog| and| he| isn|'t| planning| on| getting| one|.,-9.115947|-0.38127935|-5.7333508|-0.73997855|-4.995341|-3.2680337|-1.7172291|-3.7438183|-0.0032572944|-3.9273818|-0.77858675|-0.5255985|-0.14338942|-0.98342377,-3.7438183
1_dog_know,I know that John owns a dog. It follows him everywhere he goes.,know,it,I| know| that| John| owns| a| dog|.| It| follows| him| everywhere| he| goes|.,-4.262303|-2.3906283|-7.7151604|-8.208603|-1.0041908|-5.435513|-1.5872812|-4.2617435|-4.764607|-8.426699|-0.9250432|-2.0326664|-0.008220354|-0.47631174,-4.764607
1_dog_know,I know that John owns a dog. He is thinking about getting another one.,know,subj,I| know| that| John| owns| a| dog|.| He| is| thinking| about| getting| another| one|.,-4.262303|-2.3906283|-7.7151604|-8.208603|-1.0041908|-5.435513|-1.5872812|-3.3631632|-2.117301|-5.6883698|-0.9117726|-0.94885236|-1.7891185|-0.6735812|-0.28361112,-2.117301
1_dog_doubt,I doubt that John owns a dog. It follows him everywhere he goes.,doubt,it,I| doubt| that| John| owns| a| dog|.| It| follows| him| everywhere| he| goes|.,-8.071822|-1.9218339|-7.7534723|-9.360069|-0.9652474|-5.0892467|-1.4007983|-5.284011|-6.4254146|-9.838907|-0.8398276|-2.0239377|-0.008164345|-0.39790747,-6.4254146
1_dog_doubt,I doubt that John owns a dog. He doesn't own any other pets either.,doubt,subj,I| doubt| that| John| owns| a| dog|.| He| doesn|'t| own| any| other| pets| either|.,-8.072716|-1.9201941|-7.7560396|-9.350591|-0.9646234|-5.113033|-1.4051815|-3.507697|-1.9026139|-0.3201804|-6.383998|-2.7152045|-6.0379214|-0.6498186|-1.3429637|-0.31034514,-1.9026139
1_dog_modal,John wants to own a dog and it follows him everywhere he goes.,modal,it,John| wants| to| own| a| dog| and| it| follows| him| everywhere| he| goes|.,-10.131065|-0.41552633|-7.465124|-0.98999304|-4.442937|-2.8823662|-5.127141|-8.266352|-0.72039014|-1.3325925|-2.05673|-0.029994141|-0.4406802,-8.266352
1_dog_modal,John wants to own a dog and he cannot wait to move to a building that allows pets.,modal,subj,John| wants| to| own| a| dog| and| he| cannot| wait| to| move| to| a| building| that| allows| pets|.,-10.131213|-0.41681063|-7.4652343|-0.9890638|-4.440587|-2.8819916|-2.3111053|-6.4985905|-1.8348098|-0.913934|-5.810989|-1.6022424|-1.2166747|-8.026679|-1.2869827|-0.41608912|-0.9056148|-0.28906396,-6.4985905
1_dog_managed,John managed to adopt a dog. It follows him everywhere he goes.,managed,it,John| managed| to| adopt| a| dog|.| It| follows| him| everywhere| he| goes|.,-10.893376|-0.40246937|-10.020765|-0.53583664|-8.607207|-3.0150683|-2.7342658|-8.4515085|-2.0447857|-1.2113837|-2.6708584|-0.024231428|-0.65793216,-8.4515085
1_dog_managed,John managed to adopt a dog. He only needed permission from his landlord.,managed,subj,John| managed| to| adopt| a| dog|.| He| only| needed| permission| from| his| landlord|.,-10.89243|-0.4040793|-10.025998|-0.53484404|-8.739405|-3.012427|-2.006885|-7.3803825|-3.9960158|-6.212735|-0.35024238|-1.2984906|-2.229571|-1.2421218,-7.3803825
1_dog_failed,John failed to adopt a dog. It follows him everywhere he goes.,failed,it,John| failed| to| adopt| a| dog|.| It| follows| him| everywhere| he| goes|.,-11.397698|-0.61530447|-8.952257|-1.5589466|-5.869363|-2.4809606|-4.8543262|-6.582747|-7.1651187|-2.085459|-2.0062325|-0.020565458|-0.47998604,-6.582747
1_dog_failed,John failed to adopt a dog. He doesn't have a big enough apartment.,failed,subj,John| failed| to| adopt| a| dog|.| He| doesn|'t| have| a| big| enough| apartment|.,-11.397368|-0.6166331|-8.957917|-1.5563893|-5.849098|-2.4770424|-2.9696422|-4.526425|-0.314582|-1.7749788|-1.2670827|-5.0963793|-1.5271542|-2.1551504|-0.59676737,-4.526425
2_car_affirmative,Lucy has a car and it has a self-driving mode.,affirmative,it,Lu|cy| has| a| car| and| it| has| a| self|-|driving| mode|.,-1.6443694|-5.2085123|-1.9237721|-7.1928034|-2.5580132|-3.8995998|-3.7734723|-1.2854453|-8.252166|-0.2174035|-1.3171858|-1.2457087|-1.0081623,-3.7734723
2_car_affirmative,Lucy has a car and she loves to go on roadtrips.,affirmative,subj,Lu|cy| has| a| car| and| she| loves| to| go| on| road|tri|ps|.,-1.6437887|-5.2111707|-1.9215121|-7.185139|-2.5554614|-1.9002202|-3.9628382|-0.68113124|-2.8915567|-2.4000883|-1.3110491|-2.5230708|-0.00025849018|-0.6925691,-3.9628382
2_car_negated,Lucy doesn't have a car and it has a self-driving mode.,negated,it,Lu|cy| doesn|'t| have| a| car| and| it| has| a| self|-|driving| mode|.,-1.6447488|-7.299044|-0.40128085|-2.6942658|-1.3786206|-4.051017|-2.8281674|-3.7723448|-5.439362|-3.9934537|-9.3277855|-0.31799364|-1.4853765|-1.2011014|-1.2693555,-5.439362
2_car_negated,Lucy doesn't have a car and she only buys second-hand clothes.,negated,subj,Lu|cy| doesn|'t| have| a| car| and| she| only| buys| second|-|hand| clothes|.,-1.6447488|-7.299044|-0.40128085|-2.6942658|-1.3786206|-4.051017|-2.8281674|-1.9500487|-5.1997457|-6.003279|-4.0556393|-0.74033386|-0.026797969|-0.7065399|-0.89042664,-5.1997457
2_car_know,I know that Lucy has a car. It has a self-driving mode.,know,it,I| know| that| Lucy| has| a| car|.| It| has| a| self|-|driving| mode|.,-4.262303|-2.3906283|-8.977656|-2.560508|-2.061155|-6.543975|-1.7728661|-3.1724312|-4.216518|-1.4022212|-9.122929|-0.09202897|-1.9456165|-2.135554|-1.1641358,-4.216518
2_car_know,I know that Lucy has a car. She loves to go on roadtrips.,know,subj,I| know| that| Lucy| has| a| car|.| She| loves| to| go| on| road|tri|ps|.,-4.2627354|-2.3906894|-8.999995|-2.5606325|-2.0617676|-6.5490117|-1.7731291|-1.9244096|-5.1973276|-1.4685649|-3.3271751|-2.523928|-1.2279251|-3.5802898|-0.00012143587|-0.9988169,-5.1973276
2_car_doubt,I doubt that Lucy has a car. It has a self-driving mode.,doubt,it,I| doubt| that| Lucy| has| a| car|.| It| has| a| self|-|driving| mode|.,-8.072716|-1.9201941|-10.261462|-3.196496|-2.7084243|-5.754576|-1.3831434|-3.4587927|-5.5827255|-3.3911276|-8.491327|-0.11930242|-3.2578008|-1.5887406|-1.7899956,-5.5827255
2_car_doubt,I doubt that Lucy has a car. She also only buys second-hand clothes.,doubt,subj,I| doubt| that| Lucy| has| a| car|.| She| also| only| buys| second|-|hand| clothes|.,-8.071802|-1.9226406|-10.24752|-3.190027|-2.7067251|-5.749441|-1.3813107|-1.7627084|-7.5709343|-6.6269245|-7.1459346|-3.795334|-0.790573|-0.07760223|-1.0511653|-1.1355793,-7.5709343
2_car_modal,Lucy wants to have a car and it has a self-driving mode.,modal,it,Lu|cy| wants| to| have| a| car| and| it| has| a| self|-|driving| mode|.,-1.6440685|-7.673662|-0.47071156|-4.148833|-1.0007828|-7.353951|-2.9576552|-5.496451|-3.940507|-3.5491693|-8.51523|-0.3703635|-0.6531026|-1.9503205|-1.0106515,-3.940507
2_car_modal,Lucy wants to have a car and she also wants to get a motorcycle.,modal,subj,Lu|cy| wants| to| have| a| car| and| she| also| wants| to| get| a| motorcycle|.,-1.6437902|-7.67419|-0.46887678|-4.1487017|-1.0000387|-7.355049|-2.9525654|-2.2552116|-3.9476976|-0.2653145|-0.33670902|-2.798306|-1.2940395|-5.929803|-1.9199364,-3.9476976
2_car_managed,Lucy managed to rent a car. It has a self-driving mode.,managed,it,Lu|cy| managed| to| rent| a| car|.| It| has| a| self|-|driving| mode|.,-1.6443694|-9.063756|-0.42823538|-10.123808|-0.50157195|-2.3614597|-3.0105772|-2.7217352|-6.607046|-1.2475903|-8.25227|-0.05669073|-1.4273223|-2.495404|-1.1877391,-6.607046
2_car_managed,Lucy managed to rent a car. She found a place that was open late.,managed,subj,Lu|cy| managed| to| rent| a| car|.| She| found| a| place| that| was| open| late|.,-1.6444104|-9.06187|-0.43122837|-10.127188|-0.50085896|-2.3565183|-3.009536|-1.418615|-4.330304|-1.2408277|-2.9524174|-3.3235343|-2.0108223|-2.2855413|-3.2584007|-1.7039578,-4.330304
2_car_failed,Lucy failed to rent a car. It has a self-driving mode.,failed,it,Lu|cy| failed| to| rent| a| car|.| It| has| a| self|-|driving| mode|.,-1.6440682|-10.955421|-0.25688237|-10.814612|-1.607735|-1.8442812|-2.3696673|-4.2841144|-5.2424774|-2.8376753|-6.9500213|-0.13309528|-2.0509017|-2.1098564|-2.1874716,-5.2424774
2_car_failed,Lucy failed to rent a car. She couldn't find a place that was open late.,failed,subj,Lu|cy| failed| to| rent| a| car|.| She| couldn|'t| find| a| place| that| was| open| late|.,-1.6444104|-10.95623|-0.25654957|-10.81222|-1.6022758|-1.848489|-2.37074|-1.873786|-3.6309588|-0.33266854|-2.1823475|-1.1312282|-2.2298045|-1.6104192|-2.119198|-1.168479|-3.6459572|-1.405094,-3.6309588
3_bear_affirmative,Carol saw a bear at the zoo and it was taller than she expected.,affirmative,it,Car|ol| saw| a| bear| at| the| zoo| and| it| was| taller| than| she| expected|.,-4.5737367|-8.110033|-2.500281|-8.365383|-4.0776052|-0.92324924|-2.9543676|-2.6120636|-2.7667277|-0.98374087|-6.190494|-0.06513706|-1.556501|-4.9434376|-0.50389457,-0.98374087
3_bear_affirmative,Carol saw a bear at the zoo and she took amazing pictures of it.,affirmative,subj,Car|ol| saw| a| bear| at| the| zoo| and| she| took| amazing| pictures| of| it|.,-4.5737367|-8.129835|-2.5041075|-8.365346|-4.0711417|-0.9226526|-2.9102046|-2.6142013|-2.2742527|-5.191931|-9.912148|-0.52640307|-0.998006|-0.3043135|-0.51045287,-5.191931
3_bear_negated,Carol didn't see a bear at the zoo and it was taller than she expected.,negated,it,Car|ol| didn|'t| see| a| bear| at| the| zoo| and| it| was| taller| than| she| expected|.,-4.5725837|-6.225158|-0.34072477|-4.1523952|-3.541847|-7.0228987|-3.4289126|-1.9017516|-3.809218|-3.938169|-3.8610442|-1.5257062|-10.536182|-0.1410514|-2.239919|-2.1826756|-0.5751035,-1.5257062
3_bear_negated,Carol didn't see a bear at the zoo and she went home disappointed.,negated,subj,Car|ol| didn|'t| see| a| bear| at| the| zoo| and| she| went| home| disappointed|.,-4.5730276|-6.209187|-0.33820012|-4.149102|-3.5434206|-7.01525|-3.4220383|-1.9075991|-3.8136544|-3.9354584|-1.7428259|-4.723752|-2.2975674|-2.8414543|-0.349106,-4.723752
3_bear_know,I know that Carol saw a bear at the zoo. It was taller than she expected.,know,it,I| know| that| Carol| saw| a| bear| at| the| zoo|.| It| was| taller| than| she| expected|.,-4.262303|-2.3906283|-10.522614|-7.201077|-2.9780464|-6.7243743|-3.5591426|-0.9542017|-4.230998|-1.6930002|-4.1060724|-0.77858734|-6.7966747|-0.042915054|-1.8147378|-5.399541|-0.5191043,-0.77858734
3_bear_know,I know that Carol saw a bear at the zoo. She took amazing pictures of it.,know,subj,I| know| that| Carol| saw| a| bear| at| the| zoo|.| She| took| amazing| pictures| of| it|.,-4.262452|-2.3897927|-10.556178|-7.197235|-2.984135|-6.7303653|-3.557765|-0.9530259|-4.2303824|-1.697262|-3.1306148|-5.1731806|-9.610285|-0.43481183|-0.9008287|-0.27348953|-0.71887636,-5.1731806
3_bear_doubt,I doubt that Carol saw a bear at the zoo. It was taller than she expected.,doubt,it,I| doubt| that| Carol| saw| a| bear| at| the| zoo|.| It| was| taller| than| she| expected|.,-8.072716|-1.9201941|-11.00887|-6.7466288|-3.4757202|-6.68221|-3.0665205|-2.0450506|-4.9339633|-1.132134|-3.4912674|-1.3424839|-10.609052|-0.13796736|-1.9078053|-5.732481|-0.48064435,-1.3424839
3_bear_doubt,I doubt that Carol saw a bear at the zoo. She didn't get to see any other big animals either.,doubt,subj,I| doubt| that| Carol| saw| a| bear| at| the| zoo|.| She| didn|'t| get| to| see| any| other| big| animals| either|.,-8.072716|-1.9201941|-11.00887|-6.7466288|-3.4757202|-6.68221|-3.0665205|-2.0450506|-4.9339614|-1.1321371|-2.9421265|-3.7706044|-0.41514954|-4.6697216|-2.3818204|-1.0881385|-1.9308248|-4.7470546|-6.308725|-0.17883042|-3.2102227|-0.40771878,-3.7706044
3_bear_modal,Carol wants to see a bear at the zoo and it is taller than she expected.,modal,it,Car|ol| wants| to| see| a| bear| at| the| zoo| and| it| is| taller| than| she| expected|.,-4.5730276|-8.497736|-0.49431348|-3.5744572|-3.1367393|-8.216367|-4.5338817|-0.7078278|-0.5456057|-3.342083|-4.3778315|-1.6752536|-12.968426|-0.073226415|-1.6541353|-2.7269719|-0.39532727,-1.6752536
3_bear_modal,Carol wants to see a bear at the zoo and she does not stop talking about it.,modal,subj,Car|ol| wants| to| see| a| bear| at| the| zoo| and| she| does| not| stop| talking| about| it|.,-4.5725837|-8.4969015|-0.49553382|-3.58068|-3.13655|-8.199489|-4.547136|-0.7074141|-0.55126154|-3.33833|-2.731137|-4.3233347|-2.6837082|-5.85204|-1.9227053|-0.11978607|-0.16121855|-0.63939315,-4.3233347
3_bear_managed,Carol managed to see a bear at the zoo. It was taller than she expected.,managed,it,Car|ol| managed| to| see| a| bear| at| the| zoo|.| It| was| taller| than| she| expected|.,-4.5730557|-9.519463|-0.41234782|-5.8904963|-2.6636147|-9.50217|-3.8361292|-1.1523604|-2.2523837|-1.7433202|-3.2384768|-0.39197275|-8.08771|-0.058249023|-0.9708899|-3.3222215|-0.86828196,-0.39197275
3_bear_managed,Carol managed to see a bear at the zoo. She took amazing pictures of it.,managed,subj,Car|ol| managed| to| see| a| bear| at| the| zoo|.| She| took| amazing| pictures| of| it|.,-4.5725837|-9.506661|-0.4126607|-5.89211|-2.6637862|-9.529355|-3.839982|-1.1498936|-2.244973|-1.7420192|-2.5528734|-4.284301|-8.1213455|-0.7788488|-1.1607338|-0.8285344|-0.646466,-4.284301
3_bear_failed,Carol failed to see a bear at the zoo. It was taller than she expected.,failed,it,Car|ol| failed| to| see| a| bear| at| the| zoo|.| It| was| taller| than| she| expected|.,-4.5737367|-11.28164|-0.22705548|-3.2182853|-3.71484|-7.493188|-3.9546096|-1.1669668|-2.500908|-1.2137628|-4.477209|-0.8158008|-9.004487|-0.09910709|-1.7549741|-1.6926361|-0.38566533,-0.8158008
3_bear_failed,Carol failed to see a bear at the zoo. She didn't get to see any other big animals either.,failed,subj,Car|ol| failed| to| see| a| bear| at| the| zoo|.| She| didn|'t| get| to| see| any| other| big| animals| either|.,-4.573072|-11.275909|-0.22812417|-3.226481|-3.7153258|-7.486206|-3.9638066|-1.170348|-2.4887104|-1.2161572|-2.491315|-3.2480464|-0.43157992|-3.632068|-0.49715307|-0.55286795|-2.100151|-5.6426177|-6.440207|-0.22145018|-1.0947382|-0.32028016,-3.2480464
4_book_affirmative,Susan published a book and it is a real page-turner.,affirmative,it,Susan| published| a| book| and| it| is| a| real| page|-|turn|er|.,-9.221773|-1.5179437|-1.4281752|-5.0052085|-3.816746|-1.7337818|-2.2883224|-3.9031267|-1.7116026|-1.1415745|-0.007486562|-0.004380723|-0.6720063,-1.7337818
4_book_affirmative,Susan published a book and she is going on tour later this year.,affirmative,subj,Susan| published| a| book| and| she| is| going| on| tour| later| this| year|.,-9.221795|-1.513046|-1.4314772|-5.013329|-3.7640219|-2.123458|-3.5575423|-1.6729113|-1.3351086|-7.1047845|-0.14370096|-0.7030518|-0.7087373,-2.123458
4_book_negated,Susan didn't publish a book and it is a real page-turner.,negated,it,Susan| didn|'t| publish| a| book| and| it| is| a| real| page|-|turn|er|.,-6.321185|-0.336518|-10.214664|-2.579831|-1.9047859|-4.4162416|-4.3373985|-3.027974|-2.893844|-3.6467736|-6.2024484|-1.1846389|-0.007997962|-0.006759293|-0.70902365,-3.027974
4_book_negated,Susan didn't publish a book and she doesn't intend to do so in the near future.,negated,subj,Susan| didn|'t| publish| a| book| and| she| doesn|'t| intend| to| do| so| in| the| near| future|.,-6.3208404|-0.33623824|-10.227524|-2.575806|-1.9028217|-4.4105115|-1.8099643|-3.0165563|-0.006764574|-5.158237|-0.025953505|-3.0098174|-0.22081962|-2.5285983|-0.059534103|-1.4860665|-0.011242672|-0.39954692,-3.0165563
4_book_know,I know that Susan published a book. It is a real page-turner.,know,it,I| know| that| Susan| published| a| book|.| It| is| a| real| page|-|turn|er|.,-4.2621636|-2.392852|-9.865981|-11.798197|-1.0700653|-1.3252198|-3.1528862|-2.9594154|-2.22954|-2.208|-5.063954|-2.475016|-0.7755863|-0.008190007|-0.0033663746|-0.64220554,-2.22954
4_book_know,I know that Susan published a book. She is going on tour later this year.,know,subj,I| know| that| Susan| published| a| book|.| She| is| going| on| tour| later| this| year|.,-4.262303|-2.3906283|-9.829051|-11.810422|-1.069316|-1.3239169|-3.158524|-2.7462537|-2.649648|-3.8323183|-3.9547021|-1.8961582|-5.504165|-0.19916995|-0.617993|-0.7087501,-2.649648
4_book_doubt,I doubt that Susan published a book. It is a real page-turner.,doubt,it,I| doubt| that| Susan| published| a| book|.| It| is| a| real| page|-|turn|er|.,-8.071802|-1.9226406|-9.434195|-12.688352|-2.623844|-1.7207849|-2.5055134|-3.4419568|-1.6676195|-3.0374045|-4.885007|-3.9778776|-0.48456967|-0.009570972|-0.0013913795|-0.6259329,-1.6676195
4_book_doubt,I doubt that Susan published a book. She also hasn't written any good articles lately.,doubt,subj,I| doubt| that| Susan| published| a| book|.| She| also| hasn|'t| written| any| good| articles| lately|.,-8.071886|-1.9193996|-9.437427|-12.705481|-2.6275625|-1.7310636|-2.505311|-2.1803246|-6.555165|-5.1606545|-0.37151167|-2.740849|-2.1980453|-6.0813227|-2.834755|-3.1276913|-0.5195363,-6.555165
4_book_modal,Susan wants to publish a book and it is a real page-turner.,modal,it,Susan| wants| to| publish| a| book| and| it| is| a| real| page|-|turn|er|.,-7.7599397|-0.3844042|-7.7716|-0.99647826|-1.0036063|-3.2515826|-4.811751|-1.6526399|-2.4550471|-4.487329|-4.0252075|-0.9473809|-0.012143823|-0.007452153|-0.57163054,-1.6526399
4_book_modal,Susan wants to publish a book and she committed to writing at least 2 pages a day.,modal,subj,Susan| wants| to| publish| a| book| and| she| committed| to| writing| at| least| 2| pages| a| day|.,-7.7611866|-0.38697767|-7.753602|-0.99850094|-1.0051724|-3.2430036|-2.590494|-12.055446|-0.34156847|-1.9411211|-3.537614|-0.021716967|-3.0959556|-2.9183586|-0.9867365|-0.1024714|-0.5579004,-12.055446
4_book_managed,Susan managed to write a book. It is a real page-turner.,managed,it,Susan| managed| to| write| a| book|.| It| is| a| real| page|-|turn|er|.,-9.99459|-0.095603295|-6.200098|-1.3641039|-2.8973386|-3.4425738|-2.5856094|-2.3159869|-1.7571869|-4.523743|-1.0591089|-0.65607667|-0.011857943|-0.0023279008|-0.5083791,-2.3159869
4_book_managed,Susan managed to write a book. She is going on tour later this year.,managed,subj,Susan| managed| to| write| a| book|.| She| is| going| on| tour| later| this| year|.,-9.995475|-0.09640998|-6.197834|-1.3634819|-2.9008226|-3.4450464|-2.3327107|-2.9088671|-3.4494157|-4.869086|-3.547756|-5.7281146|-0.22178948|-0.6812916|-0.8018527,-2.9088671
4_book_failed,Susan failed to write a book. It is a real page-turner.,failed,it,Susan| failed| to| write| a| book|.| It| is| a| real| page|-|turn|er|.,-11.023036|-0.21613957|-5.9085755|-1.8362076|-2.7473018|-2.3333817|-4.351515|-2.1277754|-2.3660982|-5.289713|-4.910307|-0.70463234|-0.014654832|-0.0039120163|-0.475443,-2.1277754
4_book_failed,Susan failed to write a book. She also hasn't written any good articles lately.,failed,subj,Susan| failed| to| write| a| book|.| She| also| hasn|'t| written| any| good| articles| lately|.,-11.021873|-0.21699566|-5.9206085|-1.83163|-2.7448025|-2.336752|-2.2411842|-4.3062696|-4.9853697|-0.527373|-1.6846819|-2.166678|-5.9239345|-2.6339183|-2.4328024|-0.39526594,-4.3062696
5_shirt_affirmative,Mary found a shirt at the store and it looks amazing on her.,affirmative,it,Mary| found| a| shirt| at| the| store| and| it| looks| amazing| on| her|.,-7.618597|-2.2553608|-7.88153|-4.8877096|-0.5946271|-4.846481|-1.759874|-3.4710398|-3.9207008|-4.1232104|-1.0158072|-0.306783|-0.57598734,-3.9207008
5_shirt_affirmative,Mary found a shirt at the store and she wore it at the wedding.,affirmative,subj,Mary| found| a| shirt| at| the| store| and| she| wore| it| at| the| wedding|.,-7.618597|-2.2553608|-7.88153|-4.8877096|-0.5946271|-4.846481|-1.759874|-4.122533|-2.9384553|-0.38392717|-4.9969306|-0.9172462|-3.725095|-0.5855897,-2.9384553
5_shirt_negated,Mary didn't find a shirt at the store and it looks amazing on her.,negated,it,Mary| didn|'t| find| a| shirt| at| the| store| and| it| looks| amazing| on| her|.,-7.4545255|-0.4543319|-5.8025126|-2.9605846|-7.8894143|-4.823375|-1.0068188|-2.1807458|-2.8716629|-4.660459|-3.6390061|-8.603533|-0.6863225|-0.5009101|-0.8708738,-3.6390061
5_shirt_negated,Mary didn't find a shirt at the store and she had to wear a t-shirt instead.,negated,subj,Mary| didn|'t| find| a| shirt| at| the| store| and| she| had| to| wear| a| t|-|shirt| instead|.,-7.4552894|-0.45325893|-5.7962675|-2.96163|-7.8756967|-4.8198915|-1.0091888|-2.1765115|-2.8718562|-2.1509414|-3.020107|-0.5173528|-1.4951158|-1.5777766|-3.0236485|-0.11875624|-0.012152754|-2.9053855|-0.37927428,-3.020107
5_shirt_know,I know that Mary found a shirt at the store. It looks amazing on her.,know,it,I| know| that| Mary| found| a| shirt| at| the| store|.| It| looks| amazing| on| her|.,-4.2624497|-2.3896077|-9.144076|-6.7898374|-2.3331265|-8.12663|-3.564637|-1.0276077|-3.0344012|-2.623328|-3.5443437|-4.71424|-6.7637386|-0.5258895|-0.1736451|-0.6784645,-4.71424
5_shirt_know,I know that Mary found a shirt at the store. She wore it at the wedding.,know,subj,I| know| that| Mary| found| a| shirt| at| the| store|.| She| wore| it| at| the| wedding|.,-4.2624264|-2.3895333|-9.147237|-6.7703876|-2.3377671|-8.12886|-3.5716772|-1.0267626|-3.039286|-2.626069|-2.7361221|-3.6278667|-0.07704784|-3.710582|-0.9369457|-4.247535|-0.75924814,-3.6278667
5_shirt_doubt,I doubt that Mary found a shirt at the store. It looks amazing on her.,doubt,it,I| doubt| that| Mary| found| a| shirt| at| the| store|.| It| looks| amazing| on| her|.,-8.071785|-1.9196118|-9.095981|-6.647992|-3.5902512|-9.645931|-4.212423|-1.2416973|-2.7780962|-1.9012012|-3.2414389|-3.4453738|-8.940185|-1.048406|-1.1359541|-0.75986546,-3.4453738
5_shirt_doubt,I doubt that Mary found a shirt at the store. She didn't manage to get any other nice clothes either.,doubt,subj,I| doubt| that| Mary| found| a| shirt| at| the| store|.| She| didn|'t| manage| to| get| any| other| nice| clothes| either|.,-8.072626|-1.9209077|-9.086842|-6.6384296|-3.5929286|-9.653277|-4.2165008|-1.2423986|-2.7825582|-1.9084624|-2.28176|-4.149471|-0.4908805|-8.246029|-0.30276364|-1.4819552|-2.9854317|-3.8390048|-7.304762|-0.70318645|-3.6051736|-0.48174277,-4.149471
5_shirt_modal,Mary wants to find a shirt at the store and it looks amazing on her.,modal,it,Mary| wants| to| find| a| shirt| at| the| store| and| it| looks| amazing| on| her|.,-9.9474945|-0.5222349|-4.67863|-1.3667129|-7.901321|-5.2917|-1.1778669|-1.9078604|-3.5676746|-4.1677437|-4.910089|-6.9227457|-0.71181273|-0.25866264|-0.66684556,-4.910089
5_shirt_modal,Mary wants to find a shirt at the store and she checked that the store is open on Sundays. ,modal,subj,Mary| wants| to| find| a| shirt| at| the| store| and| she| checked| that| the| store| is| open| on| Sundays|.,-9.948085|-0.5247328|-4.6877775|-1.369285|-7.9054503|-5.3049088|-1.177545|-1.9222802|-3.5699017|-2.3108342|-9.45479|-4.3276005|-1.450186|-2.3154173|-1.8657967|-0.700487|-3.0128148|-3.73792|-0.37411034,-9.45479
5_shirt_managed,Mary managed to find a shirt at the store. It looks amazing on her.,managed,it,Mary| managed| to| find| a| shirt| at| the| store|.| It| looks| amazing| on| her|.,-10.076783|-0.2798531|-3.6592736|-1.1057677|-7.063361|-5.060202|-0.72869974|-4.777958|-1.961762|-2.5872555|-6.0031266|-5.978563|-0.6535238|-0.22823498|-0.6968403,-6.0031266
5_shirt_managed,Mary managed to find a shirt at the store. She wore it at the wedding.,managed,subj,Mary| managed| to| find| a| shirt| at| the| store|.| She| wore| it| at| the| wedding|.,-10.076193|-0.28020886|-3.656125|-1.1049906|-7.0620475|-5.0680156|-0.7283698|-4.7603226|-1.964619|-2.625588|-4.468295|-0.5068379|-5.372693|-0.96642864|-4.17317|-0.9064263,-4.468295
5_shirt_failed,Mary failed to find a shirt at the store. It looks amazing on her.,failed,it,Mary| failed| to| find| a| shirt| at| the| store|.| It| looks| amazing| on| her|.,-11.52434|-0.3086113|-4.0497894|-1.3123716|-9.178092|-4.9518404|-0.78063637|-2.2294533|-1.5842555|-4.6111107|-4.673947|-7.04855|-0.79579693|-3.2554898|-0.39815718,-4.673947
5_shirt_failed,Mary failed to find a shirt at the store. She didn't manage to get any other nice clothes either.,failed,subj,Mary| failed| to| find| a| shirt| at| the| store|.| She| didn|'t| manage| to| get| any| other| nice| clothes| either|.,-11.523782|-0.30915362|-4.047627|-1.3143203|-9.17874|-4.9469686|-0.7794363|-2.2330449|-1.5795318|-2.275441|-3.173656|-0.40117142|-5.894765|-0.047872163|-1.789453|-2.949841|-6.223317|-7.3948903|-0.8035645|-1.7974167|-0.22697575,-3.173656
6_rat_affirmative,Carla got a pet rat and it is very noisy at night.,affirmative,it,Car|la| got| a| pet| rat| and| it| is| very| noisy| at| night|.,-4.753594|-7.3339334|-2.6466377|-7.8806286|-4.0171094|-2.604734|-3.6861637|-2.9473546|-3.291568|-6.31341|-3.2205732|-0.112691544|-0.67903304,-2.9473546
6_rat_affirmative,Carla got a pet rat and she constantly posts photos of it.,affirmative,subj,Car|la| got| a| pet| rat| and| she| constantly| posts| photos| of| it|.,-4.7537456|-7.346726|-2.6484592|-7.889499|-4.012185|-2.6019237|-3.6798127|-9.416459|-4.925312|-2.1589196|-0.27649647|-0.47419617|-2.0467267,-9.416459
6_rat_negated,Carla didn't get a pet rat and it is very noisy at night.,negated,it,Car|la| didn|'t| get| a| pet| rat| and| it| is| very| noisy| at| night|.,-4.7537456|-5.8892727|-0.285361|-4.243636|-2.173154|-8.735103|-5.2712|-4.052086|-4.0384955|-3.1128504|-3.721902|-9.172821|-2.83547|-0.6235033|-0.93023473,-3.1128504
6_rat_negated,Carla didn't get a pet rat and she is already regretting her decision.,negated,subj,Car|la| didn|'t| get| a| pet| rat| and| she| is| already| regret|ting| her| decision|.,-4.7537456|-5.8892727|-0.285361|-4.2516522|-2.1709723|-8.845909|-5.2687716|-4.0587363|-2.1547668|-3.57105|-5.939892|-4.2895603|-0.0068410896|-2.532805|-0.25432563|-0.46695885,-3.57105
6_rat_know,I know that Carla got a pet rat. It is very noisy at night.,know,it,I| know| that| Car|la| got| a| pet| rat|.| It| is| very| noisy| at| night|.,-4.2614546|-2.3930752|-9.506623|-2.075819|-5.997555|-2.0180495|-8.699467|-3.75385|-2.3553777|-3.021329|-3.014556|-3.0969076|-6.1912556|-3.8590343|-0.19296809|-0.74987966,-3.014556
6_rat_know,I know that Carla got a pet rat. She constantly posts photos of it.,know,subj,I| know| that| Car|la| got| a| pet| rat|.| She| constantly| posts| photos| of| it|.,-4.262112|-2.389189|-9.506728|-2.0768976|-6.002598|-2.0150466|-8.558147|-3.7473755|-2.3563745|-2.5896025|-9.684303|-3.999384|-2.278587|-0.26285326|-0.52189445|-2.1303945,-9.684303
6_rat_doubt,I doubt that Carla got a pet rat. It is very noisy at night.,doubt,it,I| doubt| that| Car|la| got| a| pet| rat|.| It| is| very| noisy| at| night|.,-8.072626|-1.920908|-9.498527|-2.0071352|-5.579426|-2.4852998|-8.41835|-4.819086|-2.162781|-3.3960428|-2.953975|-3.4385898|-7.3750744|-3.770996|-0.22734754|-1.0068557,-2.953975
6_rat_doubt,I doubt that Carla got a pet rat. She wasn't particularly impressed by the chinchillas either.,doubt,subj,I| doubt| that| Car|la| got| a| pet| rat|.| She| wasn|'t| particularly| impressed| by| the| ch|inch|illas| either|.,-8.071772|-1.9192166|-9.486|-2.017008|-5.5781274|-2.4868753|-8.278132|-4.819234|-2.1514056|-1.9373654|-4.352598|-0.27066216|-5.1132226|-7.574218|-1.1364473|-1.493619|-7.1409545|-0.48071682|-0.77762574|-4.743315|-0.6875704,-4.352598
6_rat_modal,Carla wants to get a pet rat and it is very noisy at night.,modal,it,Car|la| wants| to| get| a| pet| rat| and| it| is| very| noisy| at| night|.,-4.754235|-8.310292|-0.48573127|-3.4413233|-2.5832717|-4.8099437|-5.442133|-2.8071673|-4.98416|-2.2675636|-4.015496|-6.6165977|-2.586467|-0.72594625|-0.6730073,-2.2675636
6_rat_modal,Carla wants to get a pet rat and she already bought a cage.,modal,subj,Car|la| wants| to| get| a| pet| rat| and| she| already| bought| a| cage|.,-4.753594|-8.312423|-0.48327598|-3.4406064|-2.586903|-4.759951|-5.45264|-2.8033037|-2.597735|-5.3597026|-4.321701|-1.4882905|-0.21489619|-1.9082528,-5.3597026
6_rat_managed,Carla managed to get a pet rat. It is very noisy at night.,managed,it,Car|la| managed| to| get| a| pet| rat|.| It| is| very| noisy| at| night|.,-4.753594|-10.335264|-0.38440818|-2.083353|-2.2366738|-9.369617|-5.6554027|-2.4271328|-2.39958|-2.5576828|-3.1534872|-6.351091|-3.2284515|-0.25574642|-0.9703525,-2.5576828
6_rat_managed,Carla managed to get a pet rat. She found one at the store at the mall.,managed,subj,Car|la| managed| to| get| a| pet| rat|.| She| found| one| at| the| store| at| the| mall|.,-4.753341|-10.33697|-0.3877693|-2.083117|-2.233148|-9.373496|-5.644396|-2.42696|-1.7263657|-4.1268053|-2.4237232|-2.4552617|-0.79439265|-3.7454631|-5.58312|-0.6637757|-1.0352218|-0.83093554,-4.1268053
6_rat_failed,Carla failed to get a pet rat. It is very noisy at night.,failed,it,Car|la| failed| to| get| a| pet| rat|.| It| is| very| noisy| at| night|.,-4.7539525|-11.159386|-0.23499861|-3.351861|-1.9512134|-9.891009|-7.1772604|-2.67908|-4.368102|-2.867643|-3.8651917|-6.1792874|-3.380574|-1.5825121|-0.7384664,-2.867643
6_rat_failed,Carla failed to get a pet rat. She tried three different stores.,failed,subj,Car|la| failed| to| get| a| pet| rat|.| She| tried| three| different| stores|.,-4.753673|-11.147278|-0.23526886|-3.3548286|-1.9545256|-9.883346|-7.163901|-2.668025|-2.0669618|-3.087347|-4.5398335|-2.593489|-2.508803|-1.4356561,-3.087347
7_beer_affirmative,Sam ordered a beer at the bar and it was warm.,affirmative,it,Sam| ordered| a| beer| at| the| bar| and| it| was| warm|.,-9.450821|-1.3211708|-3.2035537|-3.753024|-0.13344122|-0.2468242|-0.81593996|-7.184756|-0.88648|-4.597231|-0.64992094,-0.88648
7_beer_affirmative,Sam ordered a beer at the bar and he gave a very generous tip.,affirmative,subj,Sam| ordered| a| beer| at| the| bar| and| he| gave| a| very| generous| tip|.,-9.449375|-1.3132885|-3.2027345|-3.7596292|-0.13349177|-0.2446504|-0.8127278|-5.569323|-5.919676|-2.793732|-6.5262027|-2.6783185|-0.04432773|-1.1927605,-5.919676
7_beer_negated,Sam didn't order a beer at the bar and it was warm.,negated,it,Sam| didn|'t| order| a| beer| at| the| bar| and| it| was| warm|.,-7.0191483|-0.27860683|-9.26206|-2.3462012|-3.2006798|-4.168694|-0.76439583|-0.45819446|-3.1580422|-4.901668|-1.3667281|-7.7412753|-2.5857694,-1.3667281
7_beer_negated,Sam didn't order a beer at the bar and he also didn't do any drugs.,negated,subj,Sam| didn|'t| order| a| beer| at| the| bar| and| he| also| didn|'t| do| any| drugs|.,-7.0198894|-0.27955878|-9.2579|-2.3529675|-3.1893673|-4.171062|-0.7628148|-0.45548818|-3.162297|-1.9864256|-5.4808846|-0.45125055|-0.0023399107|-5.4120207|-1.9362496|-2.8314633|-0.78380764,-5.4808846
7_beer_know,I know that Sam ordered a beer at the bar. It was warm.,know,it,I| know| that| Sam| ordered| a| beer| at| the| bar|.| It| was| warm|.,-4.262049|-2.3925607|-8.496111|-9.242058|-1.7946162|-5.478943|-3.5434844|-0.4829697|-0.6492237|-1.7679951|-3.7640495|-1.0587384|-5.9048014|-2.0483048,-1.0587384
7_beer_know,I know that Sam ordered a beer at the bar. He gave a very generous tip.,know,subj,I| know| that| Sam| ordered| a| beer| at| the| bar|.| He| gave| a| very| generous| tip|.,-4.2623844|-2.3904886|-8.494807|-9.259304|-1.7933815|-5.4704275|-3.5415099|-0.480102|-0.651492|-1.7705351|-2.2049603|-5.636037|-3.124914|-5.3305573|-3.6884818|-0.03857679|-1.513335,-5.636037
7_beer_doubt,I doubt that Sam ordered a beer at the bar. It was warm.,doubt,it,I| doubt| that| Sam| ordered| a| beer| at| the| bar|.| It| was| warm|.,-8.072716|-1.9201941|-8.658166|-9.938676|-2.973389|-5.4911194|-3.0894449|-1.2246188|-1.2089574|-1.3254613|-3.6156135|-1.6385494|-6.6616993|-3.2609918,-1.6385494
7_beer_doubt,I doubt that Sam ordered a beer at the bar. He also couldn't get a drink with his fake ID anywhere else.,doubt,subj,I| doubt| that| Sam| ordered| a| beer| at| the| bar|.| He| also| couldn|'t| get| a| drink| with| his| fake| ID| anywhere| else|.,-8.072402|-1.9173846|-8.650499|-9.930661|-2.97423|-5.4798613|-3.092292|-1.2229929|-1.2045321|-1.31891|-1.9341798|-6.4913287|-5.050324|-0.3155576|-3.9660988|-1.4763334|-2.3308902|-4.6741405|-1.183508|-1.5169863|-0.2092039|-7.5154867|-1.4065928|-1.6903456,-6.4913287
7_beer_modal,Sam wants to order a beer at the bar and it is warm.,modal,it,Sam| wants| to| order| a| beer| at| the| bar| and| it| is| warm|.,-8.378252|-0.40784773|-8.0292015|-1.2466594|-3.7914736|-3.6581924|-0.5367426|-0.35051602|-2.9461632|-5.47709|-2.7613513|-7.375188|-2.4058301,-2.7613513
7_beer_modal,Sam wants to order a beer at the bar and he also wants to get some fries.,modal,subj,Sam| wants| to| order| a| beer| at| the| bar| and| he| also| wants| to| get| some| fries|.,-8.378132|-0.40868682|-8.030035|-1.2488886|-3.7923727|-3.652202|-0.5376801|-0.34994277|-2.9503105|-3.2143264|-4.953532|-0.3201773|-0.28340417|-2.9922724|-3.0698595|-2.8242075|-1.024617,-4.953532
7_beer_managed,Sam managed to order a beer at the bar. It was warm.,managed,it,Sam| managed| to| order| a| beer| at| the| bar|.| It| was| warm|.,-9.610313|-0.13963312|-8.373144|-1.517726|-3.516452|-2.8779898|-0.29985195|-0.37891778|-2.1440089|-2.956168|-0.78340274|-3.492181|-2.2092557,-0.78340274
7_beer_managed,Sam managed to order a beer at the bar. He had to stand in line for ten minutes though.,managed,subj,Sam| managed| to| order| a| beer| at| the| bar|.| He| had| to| stand| in| line| for| ten| minutes| though|.,-9.610868|-0.13898854|-8.376196|-1.5192913|-3.5218678|-2.8629587|-0.29901898|-0.37997705|-2.1451523|-1.478176|-2.9283416|-1.3916283|-4.098754|-2.0953858|-0.67352676|-1.0433896|-2.6057274|-0.029608386|-5.4093103|-0.94196975,-2.9283416
7_beer_failed,Sam failed to order a beer at the bar. It was warm.,failed,it,Sam| failed| to| order| a| beer| at| the| bar|.| It| was| warm|.,-11.337137|-0.36360887|-8.505166|-1.901235|-6.1533537|-2.8572068|-0.57653385|-0.64732707|-1.2804879|-4.567477|-0.86450344|-7.2673464|-2.6350236,-0.86450344
7_beer_failed,Sam failed to order a beer at the bar. He also couldn't get a drink with his fake ID anywhere else.,failed,subj,Sam| failed| to| order| a| beer| at| the| bar|.| He| also| couldn|'t| get| a| drink| with| his| fake| ID| anywhere| else|.,-11.337137|-0.36360887|-8.505166|-1.901235|-6.1533537|-2.8572068|-0.57653385|-0.64732707|-1.2804879|-2.3007307|-4.1968784|-5.0009446|-0.4753851|-2.6429265|-1.5610427|-3.135017|-4.719|-1.0605316|-5.493766|-0.24140282|-7.519839|-1.0131546|-1.1938883,-4.1968784
8_cake_affirmative,Michael baked a cake and it was the best thing at the picnic.,affirmative,it,Michael| baked| a| cake| and| it| was| the| best| thing| at| the| picnic|.,-13.237839|-2.1378489|-1.4603395|-2.4426095|-3.7648227|-0.8885505|-3.1314626|-0.72112364|-2.5547538|-7.5189357|-0.45273554|-4.8782954|-0.7174693,-0.8885505
8_cake_affirmative,Michael baked a cake and he also made a pie.,affirmative,subj,Michael| baked| a| cake| and| he| also| made| a| pie|.,-13.237839|-2.1378489|-1.4603395|-2.4393687|-4.182463|-4.7526736|-1.4787571|-1.2901677|-4.6638417|-1.0056074,-4.7526736
8_cake_negated,Michael didn't bake a cake and it was the best thing at the picnic.,negated,it,Michael| didn|'t| bake| a| cake| and| it| was| the| best| thing| at| the| picnic|.,-6.96365|-0.2942724|-12.189507|-3.16385|-0.39965978|-4.1329727|-3.9210956|-1.4646881|-2.919756|-1.8343072|-3.6338708|-6.288613|-0.28815505|-6.409127|-0.941166,-1.4646881
8_cake_negated,Michael didn't bake a cake and he also didn't bring anything else to the picnic.,negated,subj,Michael| didn|'t| bake| a| cake| and| he| also| didn|'t| bring| anything| else| to| the| picnic|.,-6.96365|-0.2942724|-12.189505|-3.1638536|-0.39608353|-4.1372495|-2.2096198|-5.3922977|-0.55571824|-0.0033272621|-3.8371763|-4.2708983|-3.3740833|-1.9480481|-0.8986735|-3.6836467|-0.7481768,-5.3922977
8_cake_know,I know that Michael baked a cake. It was the best thing at the picnic.,know,it,I| know| that| Michael| baked| a| cake|.| It| was| the| best| thing| at| the| picnic|.,-4.262352|-2.3885374|-8.557242|-11.960077|-2.1585426|-0.7854633|-2.6076658|-3.3599098|-1.3038689|-3.2772923|-1.5295924|-3.9519808|-4.657882|-0.27091253|-4.77269|-0.7506422,-1.3038689
8_cake_know,I know that Michael baked a cake. He also made a pie.,know,subj,I| know| that| Michael| baked| a| cake|.| He| also| made| a| pie|.,-4.261593|-2.3901029|-8.554449|-11.949081|-2.1553297|-0.7811596|-2.5999615|-2.8851037|-4.677371|-2.0190587|-1.354871|-2.2426376|-0.8524539,-4.677371
8_cake_doubt,I doubt that Michael baked a cake. It was the best thing at the picnic.,doubt,it,I| doubt| that| Michael| baked| a| cake|.| It| was| the| best| thing| at| the| picnic|.,-8.072716|-1.9201941|-8.698228|-12.180413|-2.8066874|-0.5232797|-2.1524825|-3.6148117|-1.6912467|-3.7272563|-2.72479|-3.1748064|-7.2344046|-0.27113318|-4.1836457|-0.12651923,-1.6912467
8_cake_doubt,I doubt that Michael baked a cake. He also didn't prepare anything else for the picnic.,doubt,subj,I| doubt| that| Michael| baked| a| cake|.| He| also| didn|'t| prepare| anything| else| for| the| picnic|.,-8.072716|-1.9201941|-8.698228|-12.180415|-2.8037992|-0.52467906|-2.160234|-2.1072822|-8.502969|-2.5602465|-0.2307484|-5.909199|-3.4367537|-1.7118946|-2.175336|-1.0192254|-3.32545|-0.68928874,-8.502969
8_cake_modal,Michael wants to bake a cake and it is the best thing at the picnic.,modal,it,Michael| wants| to| bake| a| cake| and| it| is| the| best| thing| at| the| picnic|.,-9.1691|-0.4875822|-9.485473|-1.0782192|-0.44454917|-3.2332456|-4.0312138|-1.9690282|-3.3297186|-2.5427558|-2.931405|-7.972582|-0.7263113|-6.2325873|-0.6328386,-1.9690282
8_cake_modal,Michael wants to bake a cake and he already chose a recipe.,modal,subj,Michael| wants| to| bake| a| cake| and| he| already| chose| a| recipe|.,-9.169137|-0.4879548|-9.479721|-1.074848|-0.44495377|-3.2421727|-2.5988693|-5.502837|-6.1082273|-2.1979516|-0.7263638|-0.98098296,-5.502837
8_cake_managed,Michael managed to bake a cake. It was the best thing at the picnic.,managed,it,Michael| managed| to| bake| a| cake|.| It| was| the| best| thing| at| the| picnic|.,-9.136401|-0.2064898|-10.743273|-1.3825074|-0.9127209|-2.7044437|-3.1038697|-1.1268755|-3.2949438|-1.8527486|-3.235703|-7.3258185|-0.28402913|-5.308308|-0.5204183,-1.1268755
8_cake_managed,Michael managed to bake a cake. He also made a pie.,managed,subj,Michael| managed| to| bake| a| cake|.| He| also| made| a| pie|.,-9.136801|-0.20726813|-10.740407|-1.3827815|-0.9070536|-2.7054129|-2.670719|-4.459496|-2.3441696|-1.1820804|-4.558239|-1.0262018,-4.459496
8_cake_failed,Michael failed to bake a cake. It was the best thing at the picnic.,failed,it,Michael| failed| to| bake| a| cake|.| It| was| the| best| thing| at| the| picnic|.,-10.148734|-0.3400269|-11.998522|-1.551498|-0.53194326|-2.4864807|-4.3795443|-1.144481|-2.9397354|-3.3947177|-3.8688302|-8.654868|-0.40234223|-5.7094827|-0.26331598,-1.144481
8_cake_failed,Michael failed to bake a cake. He also didn't prepare anything else for the picnic.,failed,subj,Michael| failed| to| bake| a| cake|.| He| also| didn|'t| prepare| anything| else| for| the| picnic|.,-10.148734|-0.33800343|-11.979956|-1.5507015|-0.53302705|-2.4820297|-2.6544318|-4.9169607|-3.0218627|-0.34981337|-5.551634|-3.8352573|-1.4642283|-1.4064826|-0.9430374|-4.0785003|-0.58993304,-4.9169607
9_letter_affirmative,Carolyn wrote a letter to her parents and it arrived three days after she sent it.,affirmative,it,Car|olyn| wrote| a| letter| to| her| parents| and| it| arrived| three| days| after| she| sent| it|.,-6.365565|-8.064619|-2.5191147|-2.7297544|-0.38911912|-1.8102897|-3.068725|-2.414023|-4.973205|-3.5743115|-4.968862|-0.5521848|-1.5671583|-1.0413446|-6.3109164|-0.011110669|-0.3296165,-3.5743115
9_letter_affirmative,Carolyn wrote a letter to her parents and she also gave them a call.,affirmative,subj,Car|olyn| wrote| a| letter| to| her| parents| and| she| also| gave| them| a| call|.,-6.3656397|-8.061605|-2.5160198|-2.7361908|-0.38925466|-1.8103201|-3.0782425|-2.4117591|-4.872692|-3.782092|-3.769834|-2.31354|-0.9861226|-3.4478467|-0.80980307,-3.782092
9_letter_negated,Carolyn didn't write a letter to her parents and it arrived three days after she sent it.,negated,it,Car|olyn| didn|'t| write| a| letter| to| her| parents| and| it| arrived| three| days| after| she| sent| it|.,-6.365686|-6.819684|-0.31129536|-7.8381624|-2.6966724|-2.9967728|-1.3887919|-1.7618729|-2.321396|-3.7560916|-4.8805566|-10.570667|-4.9051642|-0.5985667|-1.5257437|-1.4518946|-6.4079227|-0.13374107|-0.5063095,-10.570667
9_letter_negated,Carolyn didn't write a letter to her parents and she also didn't explain anything when she visited them last year.,negated,subj,Car|olyn| didn|'t| write| a| letter| to| her| parents| and| she| also| didn|'t| explain| anything| when| she| visited| them| last| year|.,-6.3656273|-6.8223023|-0.32036948|-7.8368354|-2.694872|-3.0000448|-1.3883691|-1.7579323|-2.3090546|-3.75345|-1.9953641|-5.0825105|-0.5067223|-0.005174689|-5.969385|-2.575429|-4.733836|-0.5053659|-4.40671|-0.46781152|-4.1209726|-2.6901717|-0.4584503,-5.0825105
9_letter_know,I know that Carolyn wrote a letter to her parents. It arrived three days after she sent it.,know,it,I| know| that| Carolyn| wrote| a| letter| to| her| parents|.| It| arrived| three| days| after| she| sent| it|.,-4.262303|-2.3906283|-11.1003|-6.90757|-1.6412972|-1.8130299|-0.5439897|-2.5241172|-2.7956948|-2.519984|-3.0789707|-4.9730673|-4.4398|-0.502282|-0.54207057|-0.6933188|-7.9219303|-0.004843659|-0.6297575,-4.9730673
9_letter_know,I know that Carolyn wrote a letter to her parents. She also gave them a call.,know,subj,I| know| that| Carolyn| wrote| a| letter| to| her| parents|.| She| also| gave| them| a| call|.,-4.262303|-2.3906283|-11.1003|-6.90757|-1.6421415|-1.812421|-0.54390764|-2.5268364|-2.7884014|-2.5172975|-2.2115197|-3.9528043|-4.1438923|-1.9387219|-0.80996543|-2.4113955|-1.0933902,-3.9528043
9_letter_doubt,I doubt that Carolyn wrote a letter to her parents. It arrived three days after she sent it.,doubt,it,I| doubt| that| Carolyn| wrote| a| letter| to| her| parents|.| It| arrived| three| days| after| she| sent| it|.,-8.072134|-1.9202967|-11.421832|-8.137801|-2.9997978|-2.1269|-1.0130727|-2.269624|-2.8477669|-1.8952667|-3.14708|-10.598565|-5.450727|-0.61621296|-1.0957528|-0.95112103|-6.9743705|-0.078592315|-0.6635922,-10.598565
9_letter_doubt,I doubt that Carolyn wrote a letter to her parents. She also didn't give them a call.,doubt,subj,I| doubt| that| Carolyn| wrote| a| letter| to| her| parents|.| She| also| didn|'t| give| them| a| call|.,-8.072808|-1.919848|-11.425936|-8.14527|-2.9957795|-2.12782|-1.0121789|-2.2760513|-2.8415563|-1.8979305|-2.0936544|-7.6670365|-2.574287|-0.35212028|-3.95537|-1.9390233|-1.1524405|-1.4667726|-0.9855596,-7.6670365
9_letter_modal,Carolyn wants to write a letter to her parents and it arrives three days after she sends it.,modal,it,Car|olyn| wants| to| write| a| letter| to| her| parents| and| it| arrives| three| days| after| she| sends| it|.,-6.36526|-8.274666|-0.49242002|-5.482366|-0.98101294|-2.9188824|-0.35633743|-1.5519574|-3.405345|-2.3327804|-5.708292|-9.39387|-5.864139|-0.7181747|-1.908902|-1.6394222|-4.010178|-0.021195687|-0.4063497,-9.39387
9_letter_modal,Carolyn wants to write a letter to her parents and she also plans to send them a gift.,modal,subj,Car|olyn| wants| to| write| a| letter| to| her| parents| and| she| also| plans| to| send| them| a| gift|.,-6.3651605|-8.2826605|-0.49121964|-5.49154|-0.9824048|-2.9078894|-0.3554278|-1.5460223|-3.3964107|-2.3278427|-3.219787|-4.361763|-5.5476513|-0.15487039|-2.833557|-1.5269369|-0.7053377|-3.018259|-0.67940694,-4.361763
9_letter_managed,Carolyn managed to write a letter to her parents. It arrived three days after she sent it.,managed,it,Car|olyn| managed| to| write| a| letter| to| her| parents|.| It| arrived| three| days| after| she| sent| it|.,-6.365686|-9.54589|-0.48543826|-6.7022758|-1.4148961|-2.800268|-0.54099727|-1.1507581|-2.1574748|-2.236954|-2.1808233|-4.0934324|-4.036238|-0.87038356|-0.63618565|-1.2865052|-8.18532|-0.014313517|-0.6388813,-4.0934324
9_letter_managed,Carolyn managed to write a letter to her parents. She also gave them a call.,managed,subj,Car|olyn| managed| to| write| a| letter| to| her| parents|.| She| also| gave| them| a| call|.,-6.365686|-9.54589|-0.48543826|-6.7022758|-1.4148961|-2.8002677|-0.5410002|-1.1507581|-2.1574748|-2.236954|-1.4532617|-3.6227162|-4.271055|-2.3866556|-1.2518239|-4.427627|-1.2732971,-3.6227162
9_letter_failed,Carolyn failed to write a letter to her parents. It arrived three days after she sent it.,failed,it,Car|olyn| failed| to| write| a| letter| to| her| parents|.| It| arrived| three| days| after| she| sent| it|.,-6.3651605|-12.260131|-0.22554317|-6.140993|-1.6899196|-2.9024782|-0.9210082|-1.2656113|-2.7862716|-1.7991209|-4.760648|-8.3155|-3.392047|-0.604009|-1.2345848|-1.9256198|-6.893384|-0.19566554|-0.6306919,-8.3155
9_letter_failed,Carolyn failed to write a letter to her parents. She also didn't give them a call.,failed,subj,Car|olyn| failed| to| write| a| letter| to| her| parents|.| She| also| didn|'t| give| them| a| call|.,-6.365565|-12.242482|-0.22930118|-6.147818|-1.6918415|-2.9071615|-0.9216849|-1.2614747|-2.780117|-1.8024626|-2.6083536|-3.412159|-3.1226072|-0.48606294|-4.5050364|-2.007973|-1.026185|-1.2455939|-0.7211818,-3.412159
10_hat_affirmative,Chris knitted a hat and it was very colorful.,affirmative,it,Chris| kn|itted| a| hat| and| it| was| very| colorful|.,-11.727026|-3.9167335|-6.1751895|-9.380871|-2.2987196|-5.0235023|-1.3507959|-3.5921364|-5.5172563|-0.97295815,-1.3507959
10_hat_affirmative,Chris knitted a hat and he was very proud of it.,affirmative,subj,Chris| kn|itted| a| hat| and| he| was| very| proud| of| it|.,-11.728046|-3.91092|-6.191714|-9.377885|-2.2997117|-5.291915|-3.0293682|-2.9633555|-1.0185094|-0.16508143|-0.3105994|-0.5408798,-3.0293682
10_hat_negated,Chris didn't knit a hat and it was very colorful.,negated,it,Chris| didn|'t| knit| a| hat| and| it| was| very| colorful|.,-6.5030923|-0.28796864|-12.948299|-3.3663385|-3.0218198|-4.4523606|-4.1096525|-1.5169362|-4.0102167|-8.688795|-1.0177735,-1.5169362
10_hat_negated,Chris didn't knit a hat and he didn't do any of the other assignments either.,negated,subj,Chris| didn|'t| knit| a| hat| and| he| didn|'t| do| any| of| the| other| assignments| either|.,-6.5026135|-0.2871944|-12.948741|-3.374773|-3.0154238|-4.449595|-2.159353|-1.1769284|-0.0028023235|-3.8027966|-2.3903286|-1.7387702|-0.25157169|-1.584323|-5.8423038|-2.963298|-0.45895138,-1.1769284
10_hat_know,I know that Chris knitted a hat. It was very colorful.,know,it,I| know| that| Chris| kn|itted| a| hat|.| It| was| very| colorful|.,-4.262354|-2.388538|-8.966419|-12.399374|-1.5538025|-2.0102184|-3.201076|-3.3776472|-3.3992777|-1.1347989|-3.8014731|-4.825955|-1.0100788,-1.1347989
10_hat_know,I know that Chris knitted a hat. He was very proud of it.,know,subj,I| know| that| Chris| kn|itted| a| hat|.| He| was| very| proud| of| it|.,-4.262303|-2.3906283|-8.971036|-12.386133|-1.5384483|-2.011485|-3.1962|-3.387426|-2.6834795|-2.5199437|-2.7838109|-0.87259823|-0.09870938|-0.37724388|-0.84489655,-2.5199437
10_hat_doubt,I doubt that Chris knitted a hat. It was very colorful.,doubt,it,I| doubt| that| Chris| kn|itted| a| hat|.| It| was| very| colorful|.,-8.071787|-1.9196123|-9.069181|-12.325753|-2.0451612|-3.2238197|-3.751999|-2.323296|-3.638401|-1.8050748|-4.6580524|-7.0691867|-1.5325661,-1.8050748
10_hat_doubt,I doubt that Chris knitted a hat. He didn't do any of the other assignments either.,doubt,subj,I| doubt| that| Chris| kn|itted| a| hat|.| He| didn|'t| do| any| of| the| other| assignments| either|.,-8.072716|-1.9201941|-9.0831175|-12.328359|-2.0462034|-3.219019|-3.7630715|-2.3215404|-2.0614142|-3.4234712|-0.29390574|-3.2321486|-3.7148614|-1.8122116|-0.9800898|-3.8150785|-9.266327|-2.5081897|-0.907823,-3.4234712
10_hat_modal,Chris wants to knit a hat and it is very colorful.,modal,it,Chris| wants| to| knit| a| hat| and| it| is| very| colorful|.,-8.452994|-0.38453522|-10.746212|-1.6085919|-2.5637188|-3.1281686|-4.5607076|-2.3872526|-3.9382975|-6.1262484|-0.76074934,-2.3872526
10_hat_modal,Chris wants to knit a hat and he already chose the color for the yarn.,modal,subj,Chris| wants| to| knit| a| hat| and| he| already| chose| the| color| for| the| yarn|.,-8.452736|-0.38459432|-10.751702|-1.6053466|-2.5576086|-3.1252942|-2.8442106|-5.7530737|-5.766855|-0.4932429|-2.9451716|-3.4264078|-1.8205712|-1.2843733|-0.7725284,-5.7530737
10_hat_managed,Chris managed to knit a hat. It was very colorful.,managed,it,Chris| managed| to| knit| a| hat|.| It| was| very| colorful|.,-10.139954|-0.2959275|-10.660359|-2.4416537|-4.5721903|-3.0462334|-2.4981|-1.2079881|-3.9854228|-4.7233157|-1.3809037,-1.2079881
10_hat_managed,Chris managed to knit a hat. He was very proud of it.,managed,subj,Chris| managed| to| knit| a| hat|.| He| was| very| proud| of| it|.,-10.139528|-0.29691455|-10.666857|-2.4397187|-4.5864177|-3.0440514|-2.180735|-2.5568826|-2.4818091|-0.25563225|-0.18034539|-0.6418409|-0.8251209,-2.5568826
10_hat_failed,Chris failed to knit a hat. It was very colorful.,failed,it,Chris| failed| to| knit| a| hat|.| It| was| very| colorful|.,-11.017036|-0.44869858|-12.555743|-2.1699314|-2.626278|-2.3755643|-4.2288785|-1.077134|-3.8562129|-7.184547|-0.4224302,-1.077134
10_hat_failed,Chris failed to knit a hat. He didn't do any of the other assignments either.,failed,subj,Chris| failed| to| knit| a| hat|.| He| didn|'t| do| any| of| the| other| assignments| either|.,-11.017546|-0.45092484|-12.559557|-2.1779954|-2.6465797|-2.3746283|-2.5407171|-3.236228|-0.24578583|-4.0791745|-3.8905041|-2.3007722|-0.48426935|-4.3849545|-4.1821823|-1.0608023|-0.40460432,-3.236228
11_cod_affirmative,Sarah caught a cod and it made a fantastic dinner.,affirmative,it,Sarah| caught| a| cod| and| it| made| a| fantastic| dinner|.,-9.237946|-2.4024317|-12.891542|-2.6121461|-4.0322723|-4.5917087|-1.9405092|-5.849|-1.9165634|-0.7945595,-4.5917087
11_cod_affirmative,Sarah caught a cod and she ate it for dinner.,affirmative,subj,Sarah| caught| a| cod| and| she| ate| it| for| dinner|.,-9.237696|-2.423804|-12.881009|-2.6108081|-4.8985853|-4.173137|-0.3269564|-1.7002915|-1.2461684|-0.6953333,-4.173137
11_cod_negated,Sarah didn't catch a cod and it made a fantastic dinner.,negated,it,Sarah| didn|'t| catch| a| cod| and| it| made| a| fantastic| dinner|.,-6.1857076|-0.35417315|-6.820323|-3.1970794|-12.533305|-5.060278|-3.828396|-4.457634|-4.3232203|-6.90663|-2.4003305|-1.0546173,-4.457634
11_cod_negated,Sarah didn't catch a cod and she got dinner from the store instead.,negated,subj,Sarah| didn|'t| catch| a| cod| and| she| got| dinner| from| the| store| instead|.,-6.1850967|-0.35156018|-6.8128443|-3.2005105|-12.527152|-5.0905695|-2.32658|-4.2462487|-9.16865|-3.0801747|-0.98708755|-3.907556|-2.6959991|-0.5167645,-4.2462487
11_cod_know,I know that Sarah caught a cod. It made a fantastic dinner.,know,it,I| know| that| Sarah| caught| a| cod|.| It| made| a| fantastic| dinner|.,-4.26207|-2.3886948|-9.188344|-9.604642|-2.0603364|-9.668381|-3.2410598|-2.9481225|-5.595624|-1.4938146|-6.189189|-1.6582321|-1.0613225,-5.595624
11_cod_know,I know that Sarah caught a cod. She ate it for dinner.,know,subj,I| know| that| Sarah| caught| a| cod|.| She| ate| it| for| dinner|.,-4.262303|-2.3906283|-9.176766|-9.6193|-2.067901|-9.681351|-3.2159815|-2.2001226|-5.117191|-0.49696034|-1.5727849|-1.3914007|-1.0811192,-5.117191
11_cod_doubt,I doubt that Sarah caught a cod. It made a fantastic dinner.,doubt,it,I| doubt| that| Sarah| caught| a| cod|.| It| made| a| fantastic| dinner|.,-8.072402|-1.9173839|-9.133748|-10.838715|-2.5489447|-10.071008|-2.8047445|-3.1795456|-7.2125936|-1.6397166|-6.9157953|-4.469764|-1.3285216,-7.2125936
11_cod_doubt,I doubt that Sarah caught a cod. She also didn't catch any shrimp.,doubt,subj,I| doubt| that| Sarah| caught| a| cod|.| She| also| didn|'t| catch| any| shrimp|.,-8.072716|-1.9201941|-9.13947|-10.798193|-2.5441847|-10.079327|-2.788663|-2.1599245|-7.128881|-3.0302017|-0.39830354|-1.049233|-2.0508556|-4.7997565|-1.0665817,-7.128881
11_cod_modal,Sarah wants to catch a cod and it makes a fantastic dinner.,modal,it,Sarah| wants| to| catch| a| cod| and| it| makes| a| fantastic| dinner|.,-7.400469|-0.56790245|-7.3990483|-1.8898308|-10.818567|-3.0865138|-5.3936934|-5.637465|-3.1919367|-5.7960334|-2.6250546|-0.80393255,-5.637465
11_cod_modal,Sarah wants to catch a cod and she is obsessed with fishing blogs.,modal,subj,Sarah| wants| to| catch| a| cod| and| she| is| obsessed| with| fishing| blogs|.,-7.4019938|-0.5687281|-7.408565|-1.8888487|-10.825513|-3.0848627|-2.9709456|-2.5793757|-7.541008|-0.21540567|-3.1237493|-11.635558|-1.0882157,-2.5793757
11_cod_managed,Sarah managed to catch a cod. It made a fantastic dinner.,managed,it,Sarah| managed| to| catch| a| cod|.| It| made| a| fantastic| dinner|.,-9.808069|-0.47086626|-4.253143|-2.0233283|-12.8113985|-3.008249|-2.500658|-5.3773437|-1.1746923|-5.8241844|-1.5506973|-1.0450221,-5.3773437
11_cod_managed,Sarah managed to catch a cod. She ate it for dinner.,managed,subj,Sarah| managed| to| catch| a| cod|.| She| ate| it| for| dinner|.,-9.808069|-0.47086626|-4.253143|-2.0233283|-12.8113985|-3.008249|-1.6904659|-5.5653687|-0.6392609|-2.6967192|-1.2350491|-1.2141844,-5.5653687
11_cod_failed,Sarah failed to catch a cod. It made a fantastic dinner.,failed,it,Sarah| failed| to| catch| a| cod|.| It| made| a| fantastic| dinner|.,-10.27093|-0.23284405|-5.294009|-2.3889084|-11.029229|-2.845296|-3.7772052|-4.9838257|-1.5176069|-6.8141093|-7.870561|-1.4401714,-4.9838257
11_cod_failed,Sarah failed to catch a cod. She also didn't catch any shrimp.,failed,subj,Sarah| failed| to| catch| a| cod|.| She| also| didn|'t| catch| any| shrimp|.,-10.271604|-0.23157007|-5.2844076|-2.3932972|-11.029829|-2.8518903|-2.0803971|-4.5184684|-3.2874663|-0.3490638|-0.9351745|-1.5965587|-4.567755|-0.9761676,-4.5184684
12_ticket_affirmative,Thomas booked a ticket in advance and it was much cheaper than he expected.,affirmative,it,Thomas| booked| a| ticket| in| advance| and| it| was| much| cheaper| than| he| expected|.,-13.4976015|-1.3402873|-3.3826895|-4.0505657|-3.0514019|-1.6188112|-4.9416876|-0.8242533|-6.554367|-0.42565894|-0.62531936|-4.247351|-1.1541353|-0.32869667,-0.8242533
12_ticket_affirmative,Thomas booked a ticket in advance and he also made a hotel reservation.,affirmative,subj,Thomas| booked| a| ticket| in| advance| and| he| also| made| a| hotel| reservation|.,-13.498408|-1.338317|-3.3772256|-4.0539575|-3.0583558|-1.6168785|-4.432038|-4.6348977|-3.0326567|-1.4833332|-2.5855367|-0.16803205|-1.0416883,-4.6348977
12_ticket_negated,Thomas didn't book a ticket in advance and it was much cheaper than he expected.,negated,it,Thomas| didn|'t| book| a| ticket| in| advance| and| it| was| much| cheaper| than| he| expected|.,-8.084444|-0.41943577|-10.825921|-1.5405828|-3.1427884|-3.1090038|-0.73995245|-2.1663573|-4.588942|-0.9746779|-6.2907495|-1.1944181|-2.2798288|-2.4445257|-1.1069697|-0.505009,-0.9746779
12_ticket_negated,Thomas didn't book a ticket in advance and he couldn't get one at the airport.,negated,subj,Thomas| didn|'t| book| a| ticket| in| advance| and| he| couldn|'t| get| one| at| the| airport|.,-8.0851755|-0.41765866|-10.819652|-1.54093|-3.1345258|-3.1104336|-0.73899496|-2.1637595|-3.1729412|-4.2678537|-0.005822152|-1.9217174|-1.2859594|-1.3805543|-0.13758017|-1.1921468|-1.0512726,-4.2678537
12_ticket_know,I know that Thomas booked a ticket in advance. It was much cheaper than he expected.,know,it,I| know| that| Thomas| booked| a| ticket| in| advance|.| It| was| much| cheaper| than| he| expected|.,-4.26245|-2.389793|-9.549814|-11.069702|-1.4992133|-3.2823207|-3.7485592|-2.1346765|-2.173892|-3.7671068|-1.3463609|-7.0049806|-1.6047852|-0.6811125|-5.5385075|-1.1145198|-0.32970327,-1.3463609
12_ticket_know,I know that Thomas booked a ticket in advance. He also made a hotel reservation.,know,subj,I| know| that| Thomas| booked| a| ticket| in| advance|.| He| also| made| a| hotel| reservation|.,-4.26207|-2.3886948|-9.554574|-11.081143|-1.5021255|-3.2957482|-3.7462482|-2.1480744|-2.1820204|-2.565304|-4.481202|-3.6016212|-1.0970528|-1.4504364|-0.043849453|-0.76454765,-4.481202
12_ticket_doubt,I doubt that Thomas booked a ticket in advance. It was much cheaper than he expected.,doubt,it,I| doubt| that| Thomas| booked| a| ticket| in| advance|.| It| was| much| cheaper| than| he| expected|.,-8.072716|-1.9201941|-9.142634|-12.646482|-1.6528364|-3.3170245|-3.2041564|-0.963305|-1.435613|-3.455393|-1.6982801|-5.4766574|-1.9004804|-3.544722|-4.0386987|-1.1789389|-0.52039677,-1.6982801
12_ticket_doubt,I doubt that Thomas booked a ticket in advance. He didn't even show up at the airport until an hour before the flight.,doubt,subj,I| doubt| that| Thomas| booked| a| ticket| in| advance|.| He| didn|'t| even| show| up| at| the| airport| until| an| hour| before| the| flight|.,-8.071987|-1.9223529|-9.144561|-12.625838|-1.6486241|-3.3107793|-3.2027488|-0.97500914|-1.438426|-1.9230343|-3.982793|-0.28461897|-2.4202266|-6.0967193|-0.18886125|-1.5031211|-0.2875672|-1.0687801|-1.9358324|-2.758273|-0.0028408777|-0.18930548|-0.8488832|-0.21269834|-1.2998172,-3.982793
12_ticket_modal,Thomas wants to book a ticket in advance and it is much cheaper than he expected.,modal,it,Thomas| wants| to| book| a| ticket| in| advance| and| it| is| much| cheaper| than| he| expected|.,-9.069465|-0.51619786|-9.1576805|-1.1006811|-3.5782619|-4.3332047|-1.8702533|-3.0173695|-4.928437|-1.2603382|-4.9851947|-0.26763785|-2.2049615|-4.5849|-1.3744754|-0.29168025,-1.2603382
12_ticket_modal,Thomas wants to book a ticket in advance and he started to look for cheap flights.,modal,subj,Thomas| wants| to| book| a| ticket| in| advance| and| he| started| to| look| for| cheap| flights|.,-9.069975|-0.5158323|-9.161889|-1.0947587|-3.5686042|-4.340703|-1.8728535|-3.014682|-2.7365685|-9.307702|-1.5094564|-1.6704347|-0.47290102|-3.3000543|-1.0485798|-2.1612644,-9.307702
12_ticket_managed,Thomas managed to book a ticket. It was much cheaper than he expected.,managed,it,Thomas| managed| to| book| a| ticket|.| It| was| much| cheaper| than| he| expected|.,-10.6818905|-0.18668532|-8.539876|-1.1995099|-2.8516798|-4.0727243|-4.2270956|-0.88626593|-6.125449|-1.8956028|-0.60774565|-1.2708379|-1.5388494|-0.47227272,-0.88626593
12_ticket_managed,Thomas managed to book a ticket. He also made a hotel reservation.,managed,subj,Thomas| managed| to| book| a| ticket|.| He| also| made| a| hotel| reservation|.,-10.68234|-0.18911794|-8.537837|-1.1965493|-2.8521051|-4.0647044|-2.741289|-4.4778705|-3.561342|-1.4861686|-3.9010174|-0.071131125|-0.9992169,-4.4778705
12_ticket_failed,Thomas failed to book a ticket. It was much cheaper than he expected.,failed,it,Thomas| failed| to| book| a| ticket|.| It| was| much| cheaper| than| he| expected|.,-10.697759|-0.22503|-8.481238|-1.3286754|-2.7113829|-5.3352733|-4.541386|-1.2634193|-7.0322785|-3.6809258|-1.1090404|-4.6432433|-1.4670826|-0.1775501,-1.2634193
12_ticket_failed,Thomas failed to book a ticket. He also didn't show up at the airport until an hour before the flight.,failed,subj,Thomas| failed| to| book| a| ticket|.| He| also| didn|'t| show| up| at| the| airport| until| an| hour| before| the| flight|.,-10.697329|-0.22445762|-8.48032|-1.3301723|-2.70316|-5.3288527|-2.7188592|-4.7271533|-2.9667013|-0.34995174|-3.6389391|-0.2009366|-1.5210011|-0.3960655|-1.5786228|-4.5665736|-3.757291|-0.010660789|-0.5132701|-0.888991|-0.24359106|-1.280454,-4.7271533
13_bed_affirmative,Luke bought a bed and it was delivered the next day.,affirmative,it,Luke| bought| a| bed| and| it| was| delivered| the| next| day|.,-10.497523|-1.664273|-7.3045034|-1.9748449|-5.8901043|-0.9300289|-0.5431114|-2.580567|-0.40671805|-0.11070244|-0.52051806,-0.9300289
13_bed_affirmative,Luke bought a bed and he also got a new dresser.,affirmative,subj,Luke| bought| a| bed| and| he| also| got| a| new| dress|er|.,-10.497562|-1.6492666|-7.288464|-1.9734064|-5.006373|-4.0675964|-2.5028465|-0.72449934|-2.1686416|-3.74737|-0.038385138|-1.0938814,-4.0675964
13_bed_negated,Luke didn't buy a bed and it was delivered the next day.,negated,it,Luke| didn|'t| buy| a| bed| and| it| was| delivered| the| next| day|.,-7.278582|-0.32594335|-6.2899175|-3.293929|-6.1957016|-4.2916565|-5.0557394|-1.3508362|-7.1367126|-2.934433|-0.6721016|-0.16726442|-0.72987247,-1.3508362
13_bed_negated,Luke didn't buy a bed and he also refused to get a new dresser.,negated,subj,Luke| didn|'t| buy| a| bed| and| he| also| refused| to| get| a| new| dress|er|.,-7.2791905|-0.32612363|-6.28113|-3.2969348|-6.200013|-4.287841|-2.3590803|-5.450053|-4.085318|-0.14591733|-3.3377907|-0.9107521|-2.5419927|-3.9347718|-0.021306679|-0.7793429,-5.450053
13_bed_know,I know that Luke bought a bed. It was delivered the next day.,know,it,I| know| that| Luke| bought| a| bed|.| It| was| delivered| the| next| day|.,-4.262354|-2.388538|-9.402282|-7.9845295|-1.6917473|-6.4591703|-3.1274812|-3.1543705|-1.3968277|-2.9643412|-3.232774|-3.6343803|-0.14700465|-0.80142736,-1.3968277
13_bed_know,I know that Luke bought a bed. He also got a new dresser.,know,subj,I| know| that| Luke| bought| a| bed|.| He| also| got| a| new| dress|er|.,-4.26245|-2.389608|-9.413137|-7.988593|-1.700955|-6.471332|-3.1187818|-2.0239775|-4.0417404|-3.4539893|-0.67387336|-1.987488|-3.1824322|-0.007855577|-1.4434103,-4.0417404
13_bed_doubt,I doubt that Luke bought a bed. It was delivered the next day.,doubt,it,I| doubt| that| Luke| bought| a| bed|.| It| was| delivered| the| next| day|.,-8.072716|-1.9201941|-9.938554|-7.9925227|-2.5029225|-6.833465|-2.6523988|-3.3545702|-2.2184222|-6.611699|-4.6509724|-2.120599|-0.22427681|-1.0285816,-2.2184222
13_bed_doubt,I doubt that Luke bought a bed. He didn't get a mattress either.,doubt,subj,I| doubt| that| Luke| bought| a| bed|.| He| didn|'t| get| a| mattress| either|.,-8.072134|-1.9202967|-9.930051|-8.005339|-2.5026326|-6.8375583|-2.6505005|-1.4559833|-3.9360337|-0.17720947|-4.6943884|-2.0910144|-3.324364|-2.8599312|-0.7040235,-3.9360337
13_bed_modal,Luke wants to buy a bed and it is delivered the next day.,modal,it,Luke| wants| to| buy| a| bed| and| it| is| delivered| the| next| day|.,-9.49351|-0.5184104|-5.5050454|-1.1155493|-7.0188584|-2.7702343|-5.253659|-1.9498248|-6.234156|-3.1552715|-0.49216124|-0.07559524|-0.5651397,-1.9498248
13_bed_modal,Luke wants to buy a bed and he also wants to get a dresser.,modal,subj,Luke| wants| to| buy| a| bed| and| he| also| wants| to| get| a| dress|er|.,-9.493512|-0.5184116|-5.5050454|-1.1212212|-7.028629|-2.766435|-2.4936316|-5.0937414|-0.64706075|-0.29555488|-2.712092|-0.9874249|-5.468786|-0.41950822|-1.0939819,-5.0937414
13_bed_managed,Luke managed to buy a bed. It was delivered the next day.,managed,it,Luke| managed| to| buy| a| bed|.| It| was| delivered| the| next| day|.,-10.014232|-0.38843593|-7.0972915|-1.535828|-6.9804354|-2.6936836|-2.102704|-0.71260816|-6.0691137|-2.563916|-0.6882869|-0.16892329|-0.8380128,-0.71260816
13_bed_managed,Luke managed to buy a bed. He also got a new dresser.,managed,subj,Luke| managed| to| buy| a| bed|.| He| also| got| a| new| dress|er|.,-10.014448|-0.38630533|-7.0963435|-1.5369899|-6.980416|-2.6950219|-1.7081494|-3.1925077|-2.38556|-0.7300814|-3.021259|-3.9156895|-0.13856986|-1.944186,-3.1925077
13_bed_failed,Luke failed to buy a bed. It was delivered the next day.,failed,it,Luke| failed| to| buy| a| bed|.| It| was| delivered| the| next| day|.,-10.241614|-0.20236939|-7.5765324|-1.7756102|-6.9934916|-2.0566268|-4.3611417|-0.82258916|-7.2229137|-3.2494729|-0.69294685|-0.14766568|-1.0820594,-0.82258916
13_bed_failed,Luke failed to buy a bed. He didn't get a mattress either.,failed,subj,Luke| failed| to| buy| a| bed|.| He| didn|'t| get| a| mattress| either|.,-10.241529|-0.20052437|-7.5814195|-1.7688117|-6.9856715|-2.059727|-1.7356132|-3.4572551|-0.36385077|-4.0130887|-1.5839425|-2.7968693|-2.0156152|-0.40041658,-3.4572551
14_gin_affirmative,Dan drank a gin tonic and it was very strong.,affirmative,it,Dan| drank| a| gin| ton|ic| and| it| was| very| strong|.,-11.276959|-1.897633|-7.7693944|-5.684026|-0.00025598682|-1.36457|-6.6538424|-1.5563692|-3.1010172|-2.6447873|-0.77873623,-1.5563692
14_gin_affirmative,Dan drank a gin tonic and he regretted it the next morning.,affirmative,subj,Dan| drank| a| gin| ton|ic| and| he| regretted| it| the| next| morning|.,-11.27729|-1.9038699|-7.765412|-5.7044177|-0.00025968134|-1.3657416|-5.7442274|-8.572115|-0.5780869|-3.6860075|-2.342855|-0.67060995|-0.46230516,-8.572115
14_gin_negated,Dan didn't drink a gin tonic and it was very strong.,negated,it,Dan| didn|'t| drink| a| gin| ton|ic| and| it| was| very| strong|.,-7.398486|-0.29822147|-7.3780913|-3.9839199|-9.785074|-4.707746|-0.00042580004|-4.116036|-4.826978|-1.2313101|-4.6690726|-4.640613|-0.9115581,-1.2313101
14_gin_negated,Dan didn't drink a gin tonic and he left before everyone else was drunk.,negated,subj,Dan| didn|'t| drink| a| gin| ton|ic| and| he| left| before| everyone| else| was| drunk|.,-7.40038|-0.2970818|-7.3773284|-3.9862576|-9.795272|-4.696086|-0.00041327655|-4.118843|-1.8250034|-6.074603|-2.656207|-5.4787087|-0.16959621|-4.556983|-3.5238035|-0.70550996,-6.074603
14_gin_know,I know that Dan drank a gin tonic. It was very strong.,know,it,I| know| that| Dan| drank| a| gin| ton|ic|.| It| was| very| strong|.,-4.262452|-2.3896077|-9.490879|-11.445304|-1.5164806|-8.851749|-4.9197006|-0.00043545783|-2.4776194|-4.098339|-1.0489239|-3.8774686|-2.5471487|-1.1088526,-1.0489239
14_gin_know,I know that Dan drank a gin tonic. He regretted it in the morning.,know,subj,I| know| that| Dan| drank| a| gin| ton|ic|.| He| regretted| it| in| the| morning|.,-4.262303|-2.3906283|-9.493841|-11.430265|-1.5183192|-8.866323|-4.920095|-0.00045203813|-2.4751093|-2.4731297|-10.572645|-1.9036404|-4.1032662|-0.06397065|-0.09300264|-0.61776876,-10.572645
14_gin_doubt,I doubt that Dan drank a gin tonic. It was very strong.,doubt,it,I| doubt| that| Dan| drank| a| gin| ton|ic|.| It| was| very| strong|.,-8.071818|-1.9218338|-9.298995|-11.903853|-2.9620786|-8.127869|-5.160044|-0.00025837286|-2.0797243|-3.3112004|-1.4074165|-4.4835877|-4.3888335|-1.4940614,-1.4074165
14_gin_doubt,I doubt that Dan drank a gin tonic. He didn't get any other drinks either.,doubt,subj,I| doubt| that| Dan| drank| a| gin| ton|ic|.| He| didn|'t| get| any| other| drinks| either|.,-8.07201|-1.9214945|-9.298947|-11.90047|-2.9583397|-8.117554|-5.1698275|-0.0002644525|-2.0809717|-1.6842821|-3.0431097|-0.46182132|-5.8957047|-5.031663|-6.2517867|-1.3859662|-3.336499|-0.6929789,-3.0431097
14_gin_modal,Dan wants to drink a gin tonic and it is very strong.,modal,it,Dan| wants| to| drink| a| gin| ton|ic| and| it| is| very| strong|.,-8.815418|-0.36991018|-7.841044|-2.6766205|-7.636859|-4.092002|-0.00093528844|-2.7432775|-5.610315|-2.1577387|-4.0364003|-5.082788|-0.93799394,-2.1577387
14_gin_modal,Dan wants to drink a gin tonic and he cannot wait for dry January to be over.,modal,subj,Dan| wants| to| drink| a| gin| ton|ic| and| he| cannot| wait| for| dry| January| to| be| over|.,-8.815477|-0.37135887|-7.8335547|-2.6734686|-7.6313334|-4.0738754|-0.0009592738|-2.7426407|-3.2706428|-6.5939054|-3.456956|-1.3343446|-11.1593075|-1.8143314|-0.3502461|-0.8151171|-0.040443674|-0.45195234,-6.5939054
14_gin_managed,Dan managed to mix a gin tonic. It was very strong.,managed,it,Dan| managed| to| mix| a| gin| ton|ic|.| It| was| very| strong|.,-10.2816105|-0.2595921|-9.369801|-2.4039474|-8.986627|-5.353008|-0.00036670634|-3.084443|-3.123484|-0.8025088|-3.93589|-2.2503269|-0.954091,-0.8025088
14_gin_managed,Dan managed to mix a gin tonic. He served it with a cucumber.,managed,subj,Dan| managed| to| mix| a| gin| ton|ic|.| He| served| it| with| a| cuc|umber|.,-10.2826805|-0.26169798|-9.379961|-2.4041493|-9.016359|-5.365851|-0.00037278878|-3.08442|-1.4674603|-5.4718237|-0.49232772|-2.3151877|-0.6604388|-6.4149246|-0.00032085512|-3.046851,-5.4718237
14_gin_failed,Dan failed to mix a gin tonic. It was very strong.,failed,it,Dan| failed| to| mix| a| gin| ton|ic|.| It| was| very| strong|.,-11.864136|-0.381843|-10.332783|-3.617094|-9.303531|-5.8323746|-0.00031298358|-1.868639|-4.0665345|-0.83976203|-4.823069|-4.51087|-1.0508866,-0.83976203
14_gin_failed,Dan failed to mix a gin tonic. He hadn't bought any tonic water.,failed,subj,Dan| failed| to| mix| a| gin| ton|ic|.| He| hadn|'t| bought| any| ton|ic| water|.,-11.864067|-0.38223925|-10.337832|-3.61993|-9.286516|-5.858208|-0.00031274796|-1.860471|-2.0096638|-5.5278606|-0.42703348|-5.795899|-1.6830554|-0.53998053|-0.003007242|-1.5529217|-0.762852,-5.5278606
15_bone_affirmative,David discovered a bone on his archeological expedition and it likely belonged to an extinct bird species.,affirmative,it,David| discovered| a| bone| on| his| arche|ological| expedition| and| it| likely| belonged| to| an| extinct| bird| species|.,-10.933321|-2.7869573|-9.735953|-3.877137|-2.3424108|-11.183212|-0.08521731|-3.5877964|-2.1640146|-3.0356803|-9.928107|-1.2691479|-0.009721731|-2.1107876|-2.6347349|-4.9150047|-2.1778793|-0.64492255,-9.928107
15_bone_affirmative,David discovered a bone on his archeological expedition and he brought it back to the lab for an extensive analysis.,affirmative,subj,David| discovered| a| bone| on| his| arche|ological| expedition| and| he| brought| it| back| to| the| lab| for| an| extensive| analysis|.,-10.933735|-2.789369|-9.747271|-3.8765934|-2.3496501|-11.228096|-0.08461328|-3.6041946|-2.169097|-2.5531747|-2.9950435|-0.05844932|-1.291682|-0.5844161|-0.7978553|-1.1870612|-1.680899|-4.67582|-5.954892|-0.9231449|-0.19388266,-2.9950435
15_bone_negated,David didn't discover a bone on this archeological expedition and it likely belonged to an extinct bird species.,negated,it,David| didn|'t| discover| a| bone| on| this| arche|ological| expedition| and| it| likely| belonged| to| an| extinct| bird| species|.,-7.5989456|-0.42519242|-9.826015|-3.4890993|-8.207678|-4.627212|-3.6566298|-8.152088|-0.032503027|-2.1473117|-5.332373|-3.1534212|-7.8590145|-4.6565137|-0.010473931|-1.6876205|-2.6840339|-4.521692|-2.6295087|-0.8880959,-7.8590145
15_bone_negated,David didn't discover a bone on this archeological expedition and he also didn't find anything else worth analyzing.,negated,subj,David| didn|'t| discover| a| bone| on| this| arche|ological| expedition| and| he| also| didn|'t| find| anything| else| worth| analyzing|.,-7.599224|-0.42490956|-9.825986|-3.4882736|-8.207609|-4.6315084|-3.655161|-8.136344|-0.03227763|-2.1444416|-5.32653|-1.4953225|-4.970106|-0.6014683|-0.005248448|-1.6365856|-3.2041132|-2.7493849|-3.953637|-8.058833|-0.5981218,-4.970106
15_bone_know,I know that David discovered a bone on his archeological expedition. It likely belonged to an extinct bird species.,know,it,I| know| that| David| discovered| a| bone| on| his| arche|ological| expedition|.| It| likely| belonged| to| an| extinct| bird| species|.,-4.262049|-2.3925607|-8.103323|-9.846234|-2.506685|-8.24696|-3.6127994|-2.304449|-10.159217|-0.058421392|-3.6189814|-1.6301196|-2.6032248|-8.7678585|-1.4567969|-0.005606047|-2.017115|-2.6889112|-4.781612|-2.6661875|-0.98864686,-8.7678585
15_bone_know,I know that David discovered a bone on his archeological expedition. He brought it back to the lab for an extensive analysis.,know,subj,I| know| that| David| discovered| a| bone| on| his| arche|ological| expedition|.| He| brought| it| back| to| the| lab| for| an| extensive| analysis|.,-4.262161|-2.3899841|-8.086207|-9.853142|-2.5018663|-8.25427|-3.6018817|-2.3083763|-10.159557|-0.058676653|-3.624037|-1.6327347|-1.7229129|-2.8384407|-0.11506321|-0.97663844|-0.908849|-0.9553875|-2.1403942|-2.2271929|-5.0218616|-5.523607|-0.84938896|-0.61336017,-2.8384407
15_bone_doubt,I doubt that David discovered a bone on his archeological expedition. It likely belonged to an extinct bird species.,doubt,it,I| doubt| that| David| discovered| a| bone| on| his| arche|ological| expedition|.| It| likely| belonged| to| an| extinct| bird| species|.,-8.072716|-1.9201941|-8.33011|-10.081807|-3.0134857|-8.23574|-4.506186|-1.8668121|-9.593604|-0.025602689|-2.9993415|-1.3619894|-2.3207407|-6.547507|-2.491979|-0.010102065|-1.8968679|-3.9668305|-4.6906624|-3.0649018|-1.140835,-6.547507
15_bone_doubt,I doubt that David discovered a bone on his archeological expedition. He also didn't find anything else worth analyzing.,doubt,subj,I| doubt| that| David| discovered| a| bone| on| his| arche|ological| expedition|.| He| also| didn|'t| find| anything| else| worth| analyzing|.,-8.072808|-1.919847|-8.333257|-10.063925|-3.0056338|-8.2570915|-4.498715|-1.8680937|-9.583722|-0.02563406|-2.9551797|-1.3587204|-2.3907406|-6.5206437|-2.8986664|-0.45857662|-2.1877427|-2.954859|-2.4909399|-4.636449|-8.668575|-1.1332992,-6.5206437
15_bone_modal,David wants to discover a bone on his archeological expedition and it likely belongs to an extinct bird.,modal,it,David| wants| to| discover| a| bone| on| his| arche|ological| expedition| and| it| likely| belongs| to| an| extinct| bird|.,-9.358697|-0.39559945|-8.3082695|-3.382022|-10.1711855|-5.3183727|-2.1132019|-10.307054|-0.09957572|-2.9612784|-2.9044526|-4.643898|-11.004077|-2.696465|-0.018635368|-2.0783637|-1.7637724|-5.447979|-0.7904121,-11.004077
15_bone_modal,David wants to discover a bone on his archeological expedition and he is prepared to spend a long time at the excavation site.,modal,subj,David| wants| to| discover| a| bone| on| his| arche|ological| expedition| and| he| is| prepared| to| spend| a| long| time| at| the| excavation| site|.,-9.359034|-0.39537826|-8.309288|-3.3865812|-10.179483|-5.322261|-2.109731|-10.328706|-0.100188084|-2.9737546|-2.907276|-2.106217|-2.5238323|-5.694598|-0.17507271|-5.3074164|-1.7866701|-2.376102|-0.07588778|-3.6354597|-1.3388084|-2.1087656|-0.40099454|-0.816644,-2.5238323
15_bone_managed,David managed to discover a bone on his archeological expedition. It likely belonged to an extinct bird species.,managed,it,David| managed| to| discover| a| bone| on| his| arche|ological| expedition|.| It| likely| belonged| to| an| extinct| bird| species|.,-10.866169|-0.21063825|-8.1814165|-1.9778333|-10.148498|-4.52728|-1.7655584|-11.73744|-0.082945295|-3.0279508|-1.3595532|-2.7904599|-9.166194|-1.0588372|-0.009923799|-1.9522184|-2.4964437|-4.6060166|-2.317897|-0.9395161,-9.166194
15_bone_managed,David managed to discover a bone on his archeological expedition. He brought it back to the lab for an extensive analysis.,managed,subj,David| managed| to| discover| a| bone| on| his| arche|ological| expedition|.| He| brought| it| back| to| the| lab| for| an| extensive| analysis|.,-10.867315|-0.21146996|-8.184675|-1.9767232|-10.136178|-4.527126|-1.7670335|-11.748704|-0.084506705|-3.0524623|-1.3602066|-1.730203|-2.9220486|-0.22260007|-1.0073035|-0.63806355|-0.7943189|-1.1574067|-2.0753996|-4.6245227|-5.4811206|-0.93120706|-0.44686913,-2.9220486
15_bone_failed,David failed to discover a bone on his archeological expedition. It likely belonged to an extinct bird species.,failed,it,David| failed| to| discover| a| bone| on| his| arche|ological| expedition|.| It| likely| belonged| to| an| extinct| bird| species|.,-11.303518|-0.2984744|-7.3904276|-2.7085404|-8.718567|-5.511117|-1.7728114|-10.982982|-0.061271317|-2.7130306|-1.3137589|-4.4605675|-9.409664|-3.9990547|-0.019546123|-1.985332|-1.8556278|-4.505375|-2.4538848|-1.1235396,-9.409664
15_bone_failed,David failed to discover a bone on his archeological expedition. He also didn't find anything else worth analyzing.,failed,subj,David| failed| to| discover| a| bone| on| his| arche|ological| expedition|.| He| also| didn|'t| find| anything| else| worth| analyzing|.,-11.304076|-0.30047518|-7.379245|-2.7013848|-8.713136|-5.4999013|-1.7742265|-10.999137|-0.060989417|-2.6977541|-1.3138974|-2.28539|-4.032961|-2.8044357|-0.50703615|-1.2570367|-3.126138|-2.2016082|-4.039239|-8.208095|-0.69347894,-4.032961
16_house_affirmative,Lisa built a house and it is the most beautiful building I have ever seen.,affirmative,it,Lisa| built| a| house| and| it| is| the| most| beautiful| building| I| have| ever| seen|.,-10.506181|-1.335709|-3.6765497|-3.0449774|-3.4937305|-2.1835237|-3.7109058|-1.9982969|-1.1561512|-5.663581|-1.0904489|-0.42795157|-0.102894984|-0.09642954|-0.51982045,-2.1835237
16_house_affirmative,Lisa built a house and she made sure that every room gets a lot of sunlight.,affirmative,subj,Lisa| built| a| house| and| she| made| sure| that| every| room| gets| a| lot| of| sunlight|.,-10.505721|-1.3278722|-3.6681156|-3.048457|-3.4040623|-4.085045|-3.9820838|-1.2999164|-3.1931367|-2.0340755|-8.57415|-1.1769718|-3.187595|-0.010231585|-1.6947384|-0.48967606,-4.085045
16_house_negated,Lisa didn't build a house and it is the most beautiful building I have ever seen.,negated,it,Lisa| didn|'t| build| a| house| and| it| is| the| most| beautiful| building| I| have| ever| seen|.,-6.691644|-0.29014528|-10.489724|-2.164423|-3.111455|-4.158374|-4.35384|-3.11994|-3.911143|-3.1024137|-2.1468806|-5.2997108|-0.9477747|-0.600139|-0.15916045|-0.24517587|-0.60586286,-3.11994
16_house_negated,Lisa didn't build a house and she lied about several other things as well.,negated,subj,Lisa| didn|'t| build| a| house| and| she| lied| about| several| other| things| as| well|.,-6.689222|-0.28765398|-10.486881|-2.1629872|-3.1145387|-4.1494317|-2.4075294|-9.016558|-0.8591459|-8.058235|-2.3382926|-0.44497004|-2.9019847|-0.0443129|-0.58900166,-9.016558
16_house_know,I know that Lisa built a house. It is the most beautiful building I have ever seen.,know,it,I| know| that| Lisa| built| a| house|.| It| is| the| most| beautiful| building| I| have| ever| seen|.,-4.262303|-2.3906283|-9.834592|-10.274545|-1.5606151|-3.384123|-3.1510055|-3.0814207|-2.1252851|-3.6614494|-2.700895|-0.9079605|-5.345229|-0.84149665|-0.45122242|-0.067121774|-0.058974717|-0.43117815,-2.1252851
16_house_know,I know that Lisa built a house. She made sure that every room gets a lot of sunlight.,know,subj,I| know| that| Lisa| built| a| house|.| She| made| sure| that| every| room| gets| a| lot| of| sunlight|.,-4.262303|-2.3906283|-9.834592|-10.274545|-1.5564458|-3.384918|-3.163802|-2.1445744|-4.7288156|-3.1873455|-1.0725191|-3.677029|-2.6902504|-8.426426|-1.3604656|-2.3584096|-0.006230814|-1.3977245|-0.5850594,-4.7288156
16_house_doubt,I doubt that Lisa built a house. It is the most beautiful building I have ever seen.,doubt,it,I| doubt| that| Lisa| built| a| house|.| It| is| the| most| beautiful| building| I| have| ever| seen|.,-8.071819|-1.9218299|-10.119824|-10.373172|-2.2441454|-3.7806647|-2.6060584|-3.4880116|-1.950428|-4.3330536|-2.9610941|-2.09115|-3.0870101|-0.7566262|-0.5880338|-0.074647814|-0.050379097|-0.37073702,-1.950428
16_house_doubt,I doubt that Lisa built a house. She lied about several other things as well.,doubt,subj,I| doubt| that| Lisa| built| a| house|.| She| lied| about| several| other| things| as| well|.,-8.071802|-1.9226406|-10.123024|-10.360133|-2.2389996|-3.7748442|-2.6120758|-1.9711808|-8.974166|-1.2596668|-6.8159833|-1.9777399|-0.13617472|-2.9095998|-0.03845841|-0.6331017,-8.974166
16_house_modal,Lisa wants to build a house and it is the most beautiful building I have ever seen.,modal,it,Lisa| wants| to| build| a| house| and| it| is| the| most| beautiful| building| I| have| ever| seen|.,-8.666266|-0.38750717|-5.610059|-0.6568035|-2.7078407|-3.0732486|-4.9814177|-1.8277309|-3.451634|-3.3333256|-2.5346158|-5.0788493|-2.4627154|-0.4950221|-0.11052368|-0.05720244|-0.52171266,-1.8277309
16_house_modal,Lisa wants to build a house and she already bought a plot of land.,modal,subj,Lisa| wants| to| build| a| house| and| she| already| bought| a| plot| of| land|.,-8.6666155|-0.3903115|-5.611342|-0.6583443|-2.6991923|-3.074417|-2.4724948|-4.985324|-3.6821814|-1.5260793|-1.6545807|-0.4680812|-0.014693726|-0.7498519,-4.985324
16_house_managed,Lisa managed to build a house. It is the most beautiful building I have ever seen.,managed,it,Lisa| managed| to| build| a| house|.| It| is| the| most| beautiful| building| I| have| ever| seen|.,-9.759429|-0.10281167|-7.3641367|-0.83367133|-4.3939767|-3.6681192|-2.7014687|-2.4193425|-3.1949663|-2.8091977|-1.1952446|-4.5861864|-1.4374986|-0.5590795|-0.13320538|-0.055202976|-0.48437318,-2.4193425
16_house_managed,Lisa managed to build a house. She made sure that every room gets a lot of sunlight.,managed,subj,Lisa| managed| to| build| a| house|.| She| made| sure| that| every| room| gets| a| lot| of| sunlight|.,-9.760427|-0.10013649|-7.362871|-0.82950246|-4.39534|-3.6728218|-1.8381699|-4.2179585|-2.9909635|-1.5204954|-3.7528439|-2.3523288|-8.063922|-1.2516689|-3.1737776|-0.0077617597|-1.2844908|-0.802227,-4.2179585
16_house_failed,Lisa failed to build a house. It is the most beautiful building I have ever seen.,failed,it,Lisa| failed| to| build| a| house|.| It| is| the| most| beautiful| building| I| have| ever| seen|.,-11.307918|-0.17213815|-7.7065988|-1.508929|-5.1361384|-3.1905189|-4.3013153|-2.1515913|-3.7106695|-3.1634703|-2.2229085|-3.5496926|-1.5443957|-0.5080844|-0.084831715|-0.062020455|-0.4837982,-2.1515913
16_house_failed,Lisa failed to build a house. She lied about several other things as well.,failed,subj,Lisa| failed| to| build| a| house|.| She| lied| about| several| other| things| as| well|.,-11.308484|-0.17374188|-7.7125335|-1.4982747|-5.1401024|-3.1934383|-2.269143|-7.067586|-1.5410333|-7.896384|-3.1108387|-0.69985217|-1.644538|-0.016707549|-0.5607389,-7.067586
