id,sentence,type,pronoun,tokens,log_probs,pronoun_log_prob,critical_token_idx
1_dog_affirmative,John owns a dog and it follows him everywhere he goes.,affirmative,it,John|##owns|##a|##dog|##and|##it|##follows|##him|##everywhere|##he|##goes|.|<|endoftext|>,-9.888463|-11.115249|-8.747046|-7.9778824|-7.252853|-9.330764|-13.434839|-11.880597|-7.292184|-14.57733|-12.749821|-10.3546295|-11.537975,-9.330764,5
1_dog_affirmative,John owns a dog and he is thinking about getting another one.,affirmative,subj,John|##owns|##a|##dog|##and|##he|##is|##thinking|##about|##getting|##another|##one|.|<|endoftext|>,-9.888463|-11.115249|-8.747046|-7.9778824|-7.252853|-9.36072|-9.4288845|-11.092122|-8.481757|-11.268131|-9.499166|-6.638823|-10.392009|-11.555282,-9.36072,5
1_dog_negated,John doesn't own a dog and it follows him everywhere he goes.,negated,it,John|##doesn|'t|##own|##a|##dog|##and|##it|##follows|##him|##everywhere|##he|##goes|.|<|endoftext|>,-9.888463|-10.518702|-11.227001|-10.666262|-10.10988|-8.713612|-7.6008196|-9.915702|-12.961262|-11.824136|-7.4035172|-14.314365|-13.483315|-10.62784|-11.401314,-9.915702,7
1_dog_negated,John doesn't own a dog and he isn't planning on getting one.,negated,subj,John|##doesn|'t|##own|##a|##dog|##and|##he|##isn|'t|##planning|##on|##getting|##one|.|<|endoftext|>,-9.888463|-10.518702|-11.227001|-10.666262|-10.10988|-8.713612|-7.6008196|-9.554243|-17.278904|-15.356934|-14.394627|-9.813787|-13.775603|-6.268865|-11.14278|-11.471104,-9.554243,7
1_dog_know,I know that John owns a dog. It follows him everywhere he goes.,know,it,I|##know|##that|##John|##owns|##a|##dog|.|##It|##follows|##him|##everywhere|##he|##goes|.|<|endoftext|>,-8.608882|-11.01769|-5.189838|-6.093275|-12.129921|-9.083792|-7.3545284|-10.69153|-13.92283|-11.466541|-11.416786|-8.968707|-14.009119|-13.460178|-10.675138|-11.573181,-13.92283,8
1_dog_know,I know that John owns a dog. He is thinking about getting another one.,know,subj,I|##know|##that|##John|##owns|##a|##dog|.|##He|##is|##thinking|##about|##getting|##another|##one|.|<|endoftext|>,-8.608882|-11.017689|-5.1898394|-6.0932755|-12.129921|-9.08379|-7.3545284|-10.691532|-12.837835|-9.54573|-11.718945|-8.27491|-11.67022|-9.921091|-6.9875026|-10.458052|-11.511374,-12.837835,8
1_dog_doubt,I doubt that John owns a dog. It follows him everywhere he goes.,doubt,it,I|##doubt|##that|##John|##owns|##a|##dog|.|##It|##follows|##him|##everywhere|##he|##goes|.|<|endoftext|>,-8.608882|-11.764902|-4.9677625|-6.2646303|-12.673348|-9.32168|-8.340323|-10.2859745|-13.515344|-11.043777|-10.220755|-8.6656685|-13.102789|-13.158731|-10.309336|-11.583662,-13.515344,8
1_dog_doubt,I doubt that John owns a dog. He doesn't own any other pets either.,doubt,subj,I|##doubt|##that|##John|##owns|##a|##dog|.|##He|##doesn|'t|##own|##any|##other|##pets|##either|.|<|endoftext|>,-8.608882|-11.764904|-4.967763|-6.2646294|-12.673348|-9.32168|-8.340322|-10.2859745|-13.086906|-16.482697|-12.221341|-11.355389|-9.1747055|-9.258279|-13.224874|-8.225828|-10.380629|-11.64257,-13.086906,8
1_dog_modal,John wants to own a dog and it follows him everywhere he goes.,modal,it,John|##wants|##to|##own|##a|##dog|##and|##it|##follows|##him|##everywhere|##he|##goes|.|<|endoftext|>,-9.888463|-11.417618|-8.600997|-9.915767|-9.28892|-6.6353717|-7.21232|-9.324106|-12.383934|-10.549928|-7.5149584|-14.071578|-12.320151|-10.188885|-11.518676,-9.324106,7
1_dog_modal,John wants to own a dog and he cannot wait to move to a building that allows pets.,modal,subj,John|##wants|##to|##own|##a|##dog|##and|##he|##cannot|##wait|##to|##move|##to|##a|##building|##that|##allows|##pets|.|<|endoftext|>,-9.888463|-11.41762|-8.600997|-9.915764|-9.28892|-6.6353707|-7.2123203|-9.844057|-12.255178|-9.949137|-8.995415|-11.742181|-9.304087|-8.967543|-10.301984|-8.909485|-10.616629|-11.405415|-10.21079|-11.679733,-9.844057,7
1_dog_managed,John managed to adopt a dog. It follows him everywhere he goes.,managed,it,John|##managed|##to|##adopt|##a|##dog|.|##It|##follows|##him|##everywhere|##he|##goes|.|<|endoftext|>,-9.888463|-11.446091|-8.531193|-12.563768|-8.909666|-7.2436876|-10.909952|-13.94569|-10.507113|-10.450523|-8.8614025|-13.243889|-13.646036|-10.682975|-11.472925,-13.94569,7
1_dog_managed,John managed to adopt a dog. He only needed permission from his landlord.,managed,subj,John|##managed|##to|##adopt|##a|##dog|.|##He|##only|##needed|##permission|##from|##his|##landlord|.|<|endoftext|>,-9.888463|-11.446091|-8.531193|-12.563768|-8.909666|-7.2436876|-10.909952|-13.401883|-8.31188|-12.092738|-9.1553335|-11.117773|-10.738184|-12.083269|-10.503968|-11.7632675,-13.401883,7
1_dog_failed,John failed to adopt a dog. It follows him everywhere he goes.,failed,it,John|##failed|##to|##adopt|##a|##dog|.|##It|##follows|##him|##everywhere|##he|##goes|.|<|endoftext|>,-9.888463|-9.997654|-9.641266|-10.900528|-9.126991|-7.1950226|-10.247995|-13.740871|-10.642782|-10.253134|-8.80237|-12.498362|-13.445373|-10.521321|-11.443428,-13.740871,7
1_dog_failed,John failed to adopt a dog. He doesn't have a big enough apartment.,failed,subj,John|##failed|##to|##adopt|##a|##dog|.|##He|##doesn|'t|##have|##a|##big|##enough|##apartment|.|<|endoftext|>,-9.888463|-9.997655|-9.641268|-10.90053|-9.126991|-7.1950226|-10.247996|-13.026353|-16.537317|-12.14391|-11.415864|-10.947102|-9.395309|-8.295454|-9.321711|-11.317688|-11.686197,-13.026353,7
2_car_affirmative,Lucy has a car and it has a self-driving mode.,affirmative,it,Lu|cy|##has|##a|##car|##and|##it|##has|##a|##self|-|driving|##mode|.|<|endoftext|>,-7.4312162|-11.282413|-8.799279|-8.515516|-10.48442|-7.3748684|-10.202214|-9.061262|-9.429348|-10.30148|-10.057798|-14.268969|-7.866447|-10.720228|-11.69446,-10.202214,6
2_car_affirmative,Lucy has a car and she loves to go on roadtrips.,affirmative,subj,Lu|cy|##has|##a|##car|##and|##she|##loves|##to|##go|##on|##road|tri|ps|.|<|endoftext|>,-7.4312162|-11.282413|-8.799279|-8.515516|-10.48442|-7.3748684|-9.410055|-12.1477165|-9.080591|-8.659872|-8.410652|-13.180876|-23.588299|-17.546658|-10.575551|-11.820967,-9.410055,6
2_car_negated,Lucy doesn't have a car and it has a self-driving mode.,negated,it,Lu|cy|##doesn|'t|##have|##a|##car|##and|##it|##has|##a|##self|-|driving|##mode|.|<|endoftext|>,-7.4312162|-11.2824135|-16.100689|-11.154667|-11.481761|-9.557973|-9.22649|-7.4357586|-10.070406|-9.890293|-9.107362|-9.98283|-9.875837|-14.730215|-7.6556864|-10.843244|-11.533905,-10.070406,8
2_car_negated,Lucy doesn't have a car and she only buys second-hand clothes.,negated,subj,Lu|cy|##doesn|'t|##have|##a|##car|##and|##she|##only|##buys|##second|-|hand|##clothes|.|<|endoftext|>,-7.4312162|-11.2824135|-16.100689|-11.154667|-11.481761|-9.557973|-9.22649|-7.4357586|-10.14356|-9.043708|-11.748684|-13.040653|-13.734234|-15.472758|-10.357619|-11.4428|-11.6328335,-10.14356,8
2_car_know,I know that Lucy has a car. It has a self-driving mode.,know,it,I|##know|##that|##Lucy|##has|##a|##car|.|##It|##has|##a|##self|-|driving|##mode|.|<|endoftext|>,-8.608882|-11.017689|-5.1898394|-8.101315|-8.844088|-8.934219|-10.007163|-10.7867775|-13.767351|-9.113455|-9.242986|-11.299534|-9.557463|-14.800922|-8.023871|-11.193766|-11.879125,-13.767351,8
2_car_know,I know that Lucy has a car. She loves to go on roadtrips.,know,subj,I|##know|##that|##Lucy|##has|##a|##car|.|##She|##loves|##to|##go|##on|##road|tri|ps|.|<|endoftext|>,-8.608882|-11.017689|-5.1898394|-8.101315|-8.844088|-8.934219|-10.007163|-10.7867775|-13.66571|-12.394536|-8.879735|-8.321034|-8.409071|-12.984909|-24.211397|-18.418102|-11.2946825|-11.977618,-13.66571,8
2_car_doubt,I doubt that Lucy has a car. It has a self-driving mode.,doubt,it,I|##doubt|##that|##Lucy|##has|##a|##car|.|##It|##has|##a|##self|-|driving|##mode|.|<|endoftext|>,-8.608882|-11.764904|-4.967763|-8.219334|-9.269651|-9.294161|-9.431192|-10.494774|-13.584057|-9.408686|-8.843814|-10.196682|-9.159403|-13.947312|-8.264787|-10.650217|-11.591934,-13.584057,8
2_car_doubt,I doubt that Lucy has a car. She also only buys second-hand clothes.,doubt,subj,I|##doubt|##that|##Lucy|##has|##a|##car|.|##She|##also|##only|##buys|##second|-|hand|##clothes|.|<|endoftext|>,-8.608882|-11.764904|-4.967763|-8.219334|-9.269651|-9.294161|-9.431192|-10.494774|-13.948172|-8.001551|-8.093903|-11.022795|-12.336142|-12.554117|-15.634737|-11.051366|-10.769682|-11.65571,-13.948172,8
2_car_modal,Lucy wants to have a car and it has a self-driving mode.,modal,it,Lu|cy|##wants|##to|##have|##a|##car|##and|##it|##has|##a|##self|-|driving|##mode|.|<|endoftext|>,-7.4312162|-11.2824135|-12.308106|-8.6579275|-10.949801|-8.730234|-9.050986|-6.9797363|-9.338186|-9.766226|-9.008471|-9.961767|-9.985573|-14.225686|-7.695458|-10.565304|-11.650409,-9.338186,8
2_car_modal,Lucy wants to have a car and she also wants to get a motorcycle.,modal,subj,Lu|cy|##wants|##to|##have|##a|##car|##and|##she|##also|##wants|##to|##get|##a|##motorcycle|.|<|endoftext|>,-7.4312162|-11.2824135|-12.308106|-8.6579275|-10.949801|-8.730234|-9.050986|-6.9797363|-10.193217|-8.237029|-12.101455|-8.836039|-10.203166|-9.259481|-9.27173|-10.328752|-11.724767,-10.193217,8
2_car_managed,Lucy managed to rent a car. It has a self-driving mode.,managed,it,Lu|cy|##managed|##to|##rent|##a|##car|.|##It|##has|##a|##self|-|driving|##mode|.|<|endoftext|>,-7.4312162|-11.2824135|-13.204407|-8.612023|-8.933315|-8.957979|-9.863526|-11.092305|-14.701879|-9.811917|-9.1267185|-11.460129|-10.372025|-14.50932|-8.748227|-10.951718|-11.741903,-14.701879,8
2_car_managed,Lucy managed to rent a car. She found a place that was open late.,managed,subj,Lu|cy|##managed|##to|##rent|##a|##car|.|##She|##found|##a|##place|##that|##was|##open|##late|.|<|endoftext|>,-7.4312162|-11.2824135|-13.204407|-8.612023|-8.933315|-8.957979|-9.863526|-11.092305|-14.221607|-12.053656|-9.051236|-12.758207|-8.712463|-10.300776|-11.073879|-7.170151|-11.373431|-11.83375,-14.221607,8
2_car_failed,Lucy failed to rent a car. It has a self-driving mode.,failed,it,Lu|cy|##failed|##to|##rent|##a|##car|.|##It|##has|##a|##self|-|driving|##mode|.|<|endoftext|>,-7.4312162|-11.2824135|-11.077257|-9.51618|-9.049562|-9.73793|-9.633984|-10.922867|-14.310809|-9.970322|-8.915296|-10.609289|-10.358059|-13.77054|-8.492719|-10.584745|-11.437065,-14.310809,8
2_car_failed,Lucy failed to rent a car. She couldn't find a place that was open late.,failed,subj,Lu|cy|##failed|##to|##rent|##a|##car|.|##She|##couldn|'t|##find|##a|##place|##that|##was|##open|##late|.|<|endoftext|>,-7.4312162|-11.2824135|-11.077257|-9.51618|-9.049562|-9.73793|-9.633984|-10.922867|-14.136588|-15.951468|-9.760542|-11.8050785|-9.856737|-13.268873|-9.607746|-10.946008|-11.052072|-6.7872405|-11.941327|-11.73496,-14.136588,8
3_bear_affirmative,Carol saw a bear at the zoo and it was taller than she expected.,affirmative,it,Car|ol|##saw|##a|##bear|##at|##the|##zoo|##and|##it|##was|##taller|##than|##she|##expected|.|<|endoftext|>,-7.259137|-10.715981|-12.329576|-9.705107|-6.760537|-9.200686|-8.926908|-9.169079|-7.3541675|-9.519058|-9.230581|-12.335188|-11.081106|-9.06418|-14.680027|-10.269548|-11.644688,-9.519058,9
3_bear_affirmative,Carol saw a bear at the zoo and she took amazing pictures of it.,affirmative,subj,Car|ol|##saw|##a|##bear|##at|##the|##zoo|##and|##she|##took|##amazing|##pictures|##of|##it|.|<|endoftext|>,-7.259137|-10.715981|-12.329576|-9.705107|-6.760537|-9.200686|-8.926908|-9.169079|-7.3541675|-9.70186|-13.056061|-10.116709|-11.445256|-10.657181|-8.988379|-10.128972|-11.453647,-9.70186,9
3_bear_negated,Carol didn't see a bear at the zoo and it was taller than she expected.,negated,it,Car|ol|##didn|'t|##see|##a|##bear|##at|##the|##zoo|##and|##it|##was|##taller|##than|##she|##expected|.|<|endoftext|>,-7.259137|-10.715981|-15.279514|-11.415102|-11.52203|-10.782518|-8.0798435|-9.828911|-9.089456|-10.374681|-7.646925|-9.96158|-9.51025|-12.341238|-10.647537|-9.076157|-13.929969|-10.569741|-11.510149,-9.96158,11
3_bear_negated,Carol didn't see a bear at the zoo and she went home disappointed.,negated,subj,Car|ol|##didn|'t|##see|##a|##bear|##at|##the|##zoo|##and|##she|##went|##home|##disappointed|.|<|endoftext|>,-7.259137|-10.715981|-15.279514|-11.415102|-11.52203|-10.782518|-8.0798435|-9.828911|-9.089456|-10.374681|-7.646925|-10.138117|-13.022489|-9.204917|-11.416075|-10.813393|-11.3654,-10.138117,11
3_bear_know,I know that Carol saw a bear at the zoo. It was taller than she expected.,know,it,I|##know|##that|##Carol|##saw|##a|##bear|##at|##the|##zoo|.|##It|##was|##taller|##than|##she|##expected|.|<|endoftext|>,-8.608882|-11.017689|-5.1898394|-9.771437|-12.733033|-9.597343|-6.310325|-8.890735|-8.832968|-11.513007|-10.64123|-14.099303|-9.392843|-13.002256|-10.922238|-10.147959|-15.3270035|-11.044515|-11.724854,-14.099303,11
3_bear_know,I know that Carol saw a bear at the zoo. She took amazing pictures of it.,know,subj,I|##know|##that|##Carol|##saw|##a|##bear|##at|##the|##zoo|.|##She|##took|##amazing|##pictures|##of|##it|.|<|endoftext|>,-8.608882|-11.017689|-5.1898394|-9.771437|-12.733033|-9.597343|-6.310325|-8.890735|-8.832968|-11.513007|-10.64123|-13.012765|-12.855328|-9.973906|-11.589658|-10.621273|-9.634592|-10.766245|-11.525139,-13.012765,11
3_bear_doubt,I doubt that Carol saw a bear at the zoo. It was taller than she expected.,doubt,it,I|##doubt|##that|##Carol|##saw|##a|##bear|##at|##the|##zoo|.|##It|##was|##taller|##than|##she|##expected|.|<|endoftext|>,-8.608882|-11.764904|-4.967763|-9.568748|-13.317481|-9.976577|-7.4649696|-9.365267|-8.971443|-11.664458|-10.311873|-13.949512|-9.47481|-12.045532|-10.535103|-9.86188|-14.588839|-11.140848|-11.638958,-13.949512,11
3_bear_doubt,I doubt that Carol saw a bear at the zoo. She didn't get to see any other big animals either.,doubt,subj,I|##doubt|##that|##Carol|##saw|##a|##bear|##at|##the|##zoo|.|##She|##didn|'t|##get|##to|##see|##any|##other|##big|##animals|##either|.|<|endoftext|>,-8.608881|-11.764903|-4.967763|-9.568748|-13.317482|-9.976576|-7.4649706|-9.365266|-8.971442|-11.664458|-10.3118725|-13.595753|-15.940987|-11.467555|-10.870075|-8.996733|-10.394719|-8.551803|-9.049729|-8.044845|-9.996701|-8.139684|-10.742344|-11.352501,-13.595753,11
3_bear_modal,Carol wants to see a bear at the zoo and it is taller than she expected.,modal,it,Car|ol|##wants|##to|##see|##a|##bear|##at|##the|##zoo|##and|##it|##is|##taller|##than|##she|##expected|.|<|endoftext|>,-7.259137|-10.715981|-12.641789|-8.730693|-10.952187|-8.946667|-7.6369133|-8.9648905|-9.161945|-11.419868|-7.1876135|-9.1485|-8.885549|-11.9106245|-10.388935|-9.322955|-14.33427|-10.314816|-11.633251,-9.1485,11
3_bear_modal,Carol wants to see a bear at the zoo and she does not stop talking about it.,modal,subj,Car|ol|##wants|##to|##see|##a|##bear|##at|##the|##zoo|##and|##she|##does|##not|##stop|##talking|##about|##it|.|<|endoftext|>,-7.259137|-10.715981|-12.641789|-8.730693|-10.952187|-8.946667|-7.6369133|-8.9648905|-9.161945|-11.419868|-7.1876135|-10.213417|-12.883054|-9.012849|-10.7898855|-9.510168|-8.931864|-9.360491|-9.7819195|-11.521584,-10.213417,11
3_bear_managed,Carol managed to see a bear at the zoo. It was taller than she expected.,managed,it,Car|ol|##managed|##to|##see|##a|##bear|##at|##the|##zoo|.|##It|##was|##taller|##than|##she|##expected|.|<|endoftext|>,-7.259137|-10.715981|-13.61042|-8.572313|-11.064186|-10.204094|-6.471653|-8.300742|-8.603315|-9.593943|-10.320959|-13.922226|-9.087611|-12.926843|-11.107278|-9.951638|-14.975602|-10.888433|-11.695105,-13.922226,11
3_bear_managed,Carol managed to see a bear at the zoo. She took amazing pictures of it.,managed,subj,Car|ol|##managed|##to|##see|##a|##bear|##at|##the|##zoo|.|##She|##took|##amazing|##pictures|##of|##it|.|<|endoftext|>,-7.259137|-10.715981|-13.61042|-8.572313|-11.064186|-10.204094|-6.471653|-8.300742|-8.603315|-9.593943|-10.320959|-13.112994|-12.929086|-10.059349|-11.8247385|-10.726225|-9.763974|-10.20564|-11.474878,-13.112994,11
3_bear_failed,Carol failed to see a bear at the zoo. It was taller than she expected.,failed,it,Car|ol|##failed|##to|##see|##a|##bear|##at|##the|##zoo|.|##It|##was|##taller|##than|##she|##expected|.|<|endoftext|>,-7.259137|-10.715981|-10.848519|-9.719873|-11.135312|-10.6225|-7.057646|-9.002968|-8.833881|-9.246961|-10.1953|-13.896265|-8.899974|-12.679436|-10.824441|-9.653808|-14.704809|-10.802731|-11.578396,-13.896265,11
3_bear_failed,Carol failed to see a bear at the zoo. She didn't get to see any other big animals either.,failed,subj,Car|ol|##failed|##to|##see|##a|##bear|##at|##the|##zoo|.|##She|##didn|'t|##get|##to|##see|##any|##other|##big|##animals|##either|.|<|endoftext|>,-7.2591357|-10.71598|-10.848519|-9.719874|-11.135308|-10.6225|-7.057643|-9.00297|-8.833883|-9.24696|-10.1953|-13.357267|-16.132187|-11.776898|-10.891918|-9.266804|-10.517107|-8.796381|-9.182498|-9.029236|-10.287571|-7.9846363|-10.940283|-11.327713,-13.357267,11
4_book_affirmative,Susan published a book and it is a real page-turner.,affirmative,it,Susan|##published|##a|##book|##and|##it|##is|##a|##real|##page|-|turn|er|.|<|endoftext|>,-13.887775|-10.103583|-9.078135|-9.599017|-7.3801227|-10.046224|-8.975978|-9.137829|-7.70549|-11.844954|-14.660424|-19.554077|-13.634978|-10.365126|-11.423695,-10.046224,5
4_book_affirmative,Susan published a book and she is going on tour later this year.,affirmative,subj,Susan|##published|##a|##book|##and|##she|##is|##going|##on|##tour|##later|##this|##year|.|<|endoftext|>,-13.887775|-10.103583|-9.078135|-9.599017|-7.3801227|-9.48783|-9.488096|-11.894318|-7.1084204|-8.59781|-10.627331|-11.682632|-12.94172|-10.776979|-11.285257,-9.48783,5
4_book_negated,Susan didn't publish a book and it is a real page-turner.,negated,it,Susan|##didn|'t|##publish|##a|##book|##and|##it|##is|##a|##real|##page|-|turn|er|.|<|endoftext|>,-13.887775|-14.098411|-11.764759|-13.955583|-10.200769|-9.629206|-7.8480697|-10.394711|-9.255362|-9.041321|-8.215029|-10.060582|-14.188955|-19.572205|-13.259653|-10.349267|-11.382203,-10.394711,7
4_book_negated,Susan didn't publish a book and she doesn't intend to do so in the near future.,negated,subj,Susan|##didn|'t|##publish|##a|##book|##and|##she|##doesn|'t|##intend|##to|##do|##so|##in|##the|##near|##future|.|<|endoftext|>,-13.887775|-14.098411|-11.764759|-13.955583|-10.200769|-9.629206|-7.8480697|-10.057939|-16.804688|-11.570465|-16.736794|-7.16802|-10.508055|-7.412781|-10.425813|-10.510655|-9.636549|-16.89504|-11.219048|-11.533601,-10.057939,7
4_book_know,I know that Susan published a book. It is a real page-turner.,know,it,I|##know|##that|##Susan|##published|##a|##book|.|##It|##is|##a|##real|##page|-|turn|er|.|<|endoftext|>,-8.608882|-11.017689|-5.1898394|-6.5928035|-10.408433|-9.518698|-9.911673|-10.80335|-13.384173|-9.346144|-9.277578|-8.202083|-11.138457|-15.6059475|-19.221197|-14.145956|-10.420626|-11.605362,-13.384173,8
4_book_know,I know that Susan published a book. She is going on tour later this year.,know,subj,I|##know|##that|##Susan|##published|##a|##book|.|##She|##is|##going|##on|##tour|##later|##this|##year|.|<|endoftext|>,-8.608882|-11.017689|-5.1898394|-6.5928035|-10.408433|-9.518698|-9.911673|-10.80335|-13.35929|-9.711439|-12.196732|-6.40579|-9.306461|-10.579537|-12.057817|-13.475427|-11.325422|-11.566675,-13.35929,8
4_book_doubt,I doubt that Susan published a book. It is a real page-turner.,doubt,it,I|##doubt|##that|##Susan|##published|##a|##book|.|##It|##is|##a|##real|##page|-|turn|er|.|<|endoftext|>,-8.608882|-11.764904|-4.967763|-6.0894213|-10.434806|-9.564262|-9.563359|-10.455577|-13.849339|-9.26884|-8.835726|-8.309739|-8.051922|-12.873468|-19.415405|-13.45757|-9.537613|-11.393296,-13.849339,8
4_book_doubt,I doubt that Susan published a book. She also hasn't written any good articles lately.,doubt,subj,I|##doubt|##that|##Susan|##published|##a|##book|.|##She|##also|##hasn|'t|##written|##any|##good|##articles|##lately|.|<|endoftext|>,-8.608882|-11.764904|-4.967763|-6.0894213|-10.434806|-9.564262|-9.563359|-10.455577|-13.675271|-7.6080084|-17.555851|-13.571177|-10.256123|-9.721265|-9.328729|-11.276728|-10.924272|-10.237594|-11.505209,-13.675271,8
4_book_modal,Susan wants to publish a book and it is a real page-turner.,modal,it,Susan|##wants|##to|##publish|##a|##book|##and|##it|##is|##a|##real|##page|-|turn|er|.|<|endoftext|>,-13.887775|-11.701577|-8.778533|-12.513055|-9.484819|-9.824848|-7.4329443|-9.582422|-9.152012|-8.845137|-8.067249|-11.481163|-14.45123|-19.417118|-13.172596|-10.718631|-11.483601,-9.582422,7
4_book_modal,Susan wants to publish a book and she committed to writing at least 2 pages a day.,modal,subj,Susan|##wants|##to|##publish|##a|##book|##and|##she|##committed|##to|##writing|##at|##least|##2|##pages|##a|##day|.|<|endoftext|>,-13.887775|-11.701577|-8.778533|-12.513055|-9.484819|-9.824848|-7.4329443|-10.011087|-12.418615|-7.5281496|-10.362635|-9.209366|-13.266846|-9.460472|-11.018052|-12.14973|-10.201466|-10.143018|-11.587769,-10.011087,7
4_book_managed,Susan managed to write a book. It is a real page-turner.,managed,it,Susan|##managed|##to|##write|##a|##book|.|##It|##is|##a|##real|##page|-|turn|er|.|<|endoftext|>,-13.887775|-12.040857|-8.737371|-12.454933|-8.676508|-8.298075|-11.047251|-12.806395|-9.143765|-9.222579|-8.234692|-11.603818|-15.169261|-19.547438|-13.878539|-10.15027|-11.592659,-12.806395,7
4_book_managed,Susan managed to write a book. She is going on tour later this year.,managed,subj,Susan|##managed|##to|##write|##a|##book|.|##She|##is|##going|##on|##tour|##later|##this|##year|.|<|endoftext|>,-13.887775|-12.040857|-8.737371|-12.454933|-8.676508|-8.298075|-11.047251|-13.265857|-9.41108|-12.57449|-6.8149652|-9.58986|-10.959498|-12.12758|-13.015966|-10.838465|-11.39466,-13.265857,7
4_book_failed,Susan failed to write a book. It is a real page-turner.,failed,it,Susan|##failed|##to|##write|##a|##book|.|##It|##is|##a|##real|##page|-|turn|er|.|<|endoftext|>,-13.887775|-12.042862|-9.695147|-12.47872|-9.086655|-7.845607|-10.557018|-13.602702|-9.171716|-9.1883545|-8.697769|-9.005515|-11.991003|-19.342749|-13.638219|-9.76779|-11.401775,-13.602702,7
4_book_failed,Susan failed to write a book. She also hasn't written any good articles lately.,failed,subj,Susan|##failed|##to|##write|##a|##book|.|##She|##also|##hasn|'t|##written|##any|##good|##articles|##lately|.|<|endoftext|>,-13.887775|-12.042862|-9.695147|-12.47872|-9.086655|-7.845607|-10.557018|-13.483175|-7.888338|-18.016436|-14.340749|-10.036058|-9.740994|-9.023906|-11.265331|-10.7455635|-10.396278|-11.579906,-13.483175,7
5_shirt_affirmative,Mary found a shirt at the store and it looks amazing on her.,affirmative,it,Mary|##found|##a|##shirt|##at|##the|##store|##and|##it|##looks|##amazing|##on|##her|.|<|endoftext|>,-8.149288|-10.264531|-8.911984|-8.788919|-9.489101|-8.7801075|-8.592148|-7.5530686|-10.28602|-12.30409|-12.2279415|-10.084886|-10.59134|-10.250321|-11.502059,-10.28602,8
5_shirt_affirmative,Mary found a shirt at the store and she wore it at the wedding.,affirmative,subj,Mary|##found|##a|##shirt|##at|##the|##store|##and|##she|##wore|##it|##at|##the|##wedding|.|<|endoftext|>,-8.149288|-10.264531|-8.911984|-8.788919|-9.489101|-8.7801075|-8.592148|-7.5530686|-10.114549|-15.9109|-8.695591|-9.433521|-8.979178|-9.286198|-10.432404|-11.489887,-10.114549,8
5_shirt_negated,Mary didn't find a shirt at the store and it looks amazing on her.,negated,it,Mary|##didn|'t|##find|##a|##shirt|##at|##the|##store|##and|##it|##looks|##amazing|##on|##her|.|<|endoftext|>,-8.149288|-8.11986|-11.509219|-13.128141|-9.989555|-8.097682|-9.162774|-8.745111|-8.717482|-7.8019876|-10.172953|-12.201773|-12.716398|-9.840105|-10.890355|-9.916591|-11.371545,-10.172953,10
5_shirt_negated,Mary didn't find a shirt at the store and she had to wear a t-shirt instead.,negated,subj,Mary|##didn|'t|##find|##a|##shirt|##at|##the|##store|##and|##she|##had|##to|##wear|##a|##t|-|shirt|##instead|.|<|endoftext|>,-8.149288|-8.11986|-11.509219|-13.128141|-9.989555|-8.097682|-9.162774|-8.745111|-8.717482|-7.8019876|-9.930379|-6.6545367|-9.021465|-10.867073|-8.381858|-10.244449|-13.1667385|-14.566969|-7.139584|-10.440989|-11.780226,-9.930379,10
5_shirt_know,I know that Mary found a shirt at the store. It looks amazing on her.,know,it,I|##know|##that|##Mary|##found|##a|##shirt|##at|##the|##store|.|##It|##looks|##amazing|##on|##her|.|<|endoftext|>,-8.608882|-11.017689|-5.1898394|-6.7067833|-11.695987|-8.969616|-9.090366|-9.066122|-8.655332|-9.018034|-10.283615|-13.686069|-12.4044695|-13.264013|-10.681053|-11.0847845|-10.489869|-11.6713705,-13.686069,11
5_shirt_know,I know that Mary found a shirt at the store. She wore it at the wedding.,know,subj,I|##know|##that|##Mary|##found|##a|##shirt|##at|##the|##store|.|##She|##wore|##it|##at|##the|##wedding|.|<|endoftext|>,-8.608882|-11.017689|-5.1898394|-6.7067833|-11.695987|-8.969616|-9.090366|-9.066122|-8.655332|-9.018034|-10.283615|-13.749655|-14.304987|-8.647383|-9.237386|-8.912133|-8.851879|-10.682095|-11.628949,-13.749655,11
5_shirt_doubt,I doubt that Mary found a shirt at the store. It looks amazing on her.,doubt,it,I|##doubt|##that|##Mary|##found|##a|##shirt|##at|##the|##store|.|##It|##looks|##amazing|##on|##her|.|<|endoftext|>,-8.608882|-11.764904|-4.967763|-6.973778|-11.606387|-9.207592|-8.6919775|-9.075478|-8.718429|-8.852471|-10.147511|-13.746794|-12.922651|-12.385055|-9.353554|-10.660843|-10.073344|-11.464087,-13.746794,11
5_shirt_doubt,I doubt that Mary found a shirt at the store. She didn't manage to get any other nice clothes either.,doubt,subj,I|##doubt|##that|##Mary|##found|##a|##shirt|##at|##the|##store|.|##She|##didn|'t|##manage|##to|##get|##any|##other|##nice|##clothes|##either|.|<|endoftext|>,-8.608881|-11.764903|-4.967763|-6.973778|-11.606385|-9.207594|-8.6919775|-9.075478|-8.71843|-8.85247|-10.147508|-13.894509|-16.123032|-11.270214|-12.200571|-8.632098|-10.3046055|-9.020491|-8.649179|-7.297844|-9.636997|-8.438946|-10.729843|-11.527834,-13.894509,11
5_shirt_modal,Mary wants to find a shirt at the store and it looks amazing on her.,modal,it,Mary|##wants|##to|##find|##a|##shirt|##at|##the|##store|##and|##it|##looks|##amazing|##on|##her|.|<|endoftext|>,-8.149288|-10.814306|-8.577594|-11.813379|-8.833442|-8.910818|-8.828099|-8.518559|-8.717756|-7.275815|-9.540481|-12.214738|-12.904796|-10.391548|-10.059719|-10.387692|-11.53093,-9.540481,10
5_shirt_modal,Mary wants to find a shirt at the store and she checked that the store is open on Sundays. ,modal,subj,Mary|##wants|##to|##find|##a|##shirt|##at|##the|##store|##and|##she|##checked|##that|##the|##store|##is|##open|##on|##Sundays|.|<|endoftext|>,-8.149288|-10.814306|-8.577594|-11.813379|-8.833442|-8.910818|-8.828099|-8.518559|-8.717756|-7.275815|-9.914609|-13.856989|-6.495595|-7.775064|-8.013126|-9.973792|-11.5309725|-9.088371|-13.783846|-9.930627|-11.704013,-9.914609,10
5_shirt_managed,Mary managed to find a shirt at the store. It looks amazing on her.,managed,it,Mary|##managed|##to|##find|##a|##shirt|##at|##the|##store|.|##It|##looks|##amazing|##on|##her|.|<|endoftext|>,-8.149288|-10.941085|-8.623674|-11.784943|-9.032506|-8.906396|-9.120684|-8.495323|-8.576475|-10.841962|-14.465243|-12.311831|-13.3788805|-10.811458|-10.298112|-10.576933|-11.667397,-14.465243,10
5_shirt_managed,Mary managed to find a shirt at the store. She wore it at the wedding.,managed,subj,Mary|##managed|##to|##find|##a|##shirt|##at|##the|##store|.|##She|##wore|##it|##at|##the|##wedding|.|<|endoftext|>,-8.149288|-10.941085|-8.623674|-11.784943|-9.032506|-8.906396|-9.120684|-8.495323|-8.576475|-10.841962|-14.18313|-14.40598|-9.531218|-9.387581|-8.708946|-9.023031|-10.810015|-11.673968,-14.18313,10
5_shirt_failed,Mary failed to find a shirt at the store. It looks amazing on her.,failed,it,Mary|##failed|##to|##find|##a|##shirt|##at|##the|##store|.|##It|##looks|##amazing|##on|##her|.|<|endoftext|>,-8.149288|-11.419286|-9.6763|-12.029122|-9.66104|-8.237778|-8.940571|-8.539082|-8.278629|-10.580598|-14.208059|-12.911445|-12.413018|-9.677504|-10.5554695|-9.950117|-11.316623,-14.208059,10
5_shirt_failed,Mary failed to find a shirt at the store. She didn't manage to get any other nice clothes either.,failed,subj,Mary|##failed|##to|##find|##a|##shirt|##at|##the|##store|.|##She|##didn|'t|##manage|##to|##get|##any|##other|##nice|##clothes|##either|.|<|endoftext|>,-8.149287|-11.419285|-9.676298|-12.029121|-9.661037|-8.237778|-8.940569|-8.539083|-8.278629|-10.580597|-14.097866|-16.226767|-12.422232|-11.677479|-9.086328|-10.4646|-8.962667|-8.487492|-7.9578557|-9.895916|-7.8235636|-11.014109|-11.459934,-14.097866,10
6_rat_affirmative,Carla got a pet rat and it is very noisy at night.,affirmative,it,Car|la|##got|##a|##pet|##rat|##and|##it|##is|##very|##noisy|##at|##night|.|<|endoftext|>,-7.259137|-11.875582|-10.424021|-9.173047|-7.6296654|-9.957626|-7.339856|-9.232629|-9.131268|-4.838812|-12.312368|-9.342358|-10.13715|-10.272392|-11.544864,-9.232629,7
6_rat_affirmative,Carla got a pet rat and she constantly posts photos of it.,affirmative,subj,Car|la|##got|##a|##pet|##rat|##and|##she|##constantly|##posts|##photos|##of|##it|.|<|endoftext|>,-7.259137|-11.875582|-10.424021|-9.173047|-7.6296654|-9.957626|-7.339856|-9.663721|-9.685156|-7.3781557|-10.202549|-10.255015|-9.563112|-10.230856|-11.686018,-9.663721,7
6_rat_negated,Carla didn't get a pet rat and it is very noisy at night.,negated,it,Car|la|##didn|'t|##get|##a|##pet|##rat|##and|##it|##is|##very|##noisy|##at|##night|.|<|endoftext|>,-7.259137|-11.875582|-15.352905|-11.648359|-11.312603|-10.460842|-7.447858|-11.236676|-7.4660726|-9.632807|-9.279681|-5.410883|-12.645807|-9.394545|-10.366235|-10.0700035|-11.393633,-9.632807,9
6_rat_negated,Carla didn't get a pet rat and she is already regretting her decision.,negated,subj,Car|la|##didn|'t|##get|##a|##pet|##rat|##and|##she|##is|##already|##regret|ting|##her|##decision|.|<|endoftext|>,-7.259137|-11.875582|-15.352905|-11.648359|-11.312603|-10.460842|-7.447858|-11.236676|-7.4660726|-9.999067|-10.016033|-8.983297|-18.495373|-11.92642|-12.269808|-11.875579|-10.317638|-11.441339,-9.999067,9
6_rat_know,I know that Carla got a pet rat. It is very noisy at night.,know,it,I|##know|##that|##Car|la|##got|##a|##pet|##rat|.|##It|##is|##very|##noisy|##at|##night|.|<|endoftext|>,-8.608882|-11.017689|-5.1898394|-10.912844|-13.30172|-10.2864895|-8.804329|-8.110065|-10.334767|-10.796525|-13.840056|-9.05036|-5.386649|-13.367101|-9.729332|-10.443251|-10.481952|-11.72772,-13.840056,10
6_rat_know,I know that Carla got a pet rat. She constantly posts photos of it.,know,subj,I|##know|##that|##Car|la|##got|##a|##pet|##rat|.|##She|##constantly|##posts|##photos|##of|##it|.|<|endoftext|>,-8.608882|-11.017689|-5.1898394|-10.912844|-13.30172|-10.2864895|-8.804329|-8.110065|-10.334767|-10.796525|-13.492087|-10.415062|-7.655793|-10.351092|-10.014265|-10.138132|-10.58488|-11.886511,-13.492087,10
6_rat_doubt,I doubt that Carla got a pet rat. It is very noisy at night.,doubt,it,I|##doubt|##that|##Car|la|##got|##a|##pet|##rat|.|##It|##is|##very|##noisy|##at|##night|.|<|endoftext|>,-8.608882|-11.764904|-4.967763|-11.591079|-13.071822|-11.453282|-9.517444|-7.5917516|-11.0968075|-10.140158|-13.913853|-9.2443905|-5.8978376|-12.7888365|-9.23802|-10.097925|-9.875893|-11.545859,-13.913853,10
6_rat_doubt,I doubt that Carla got a pet rat. She wasn't particularly impressed by the chinchillas either.,doubt,subj,I|##doubt|##that|##Car|la|##got|##a|##pet|##rat|.|##She|##wasn|'t|##particularly|##impressed|##by|##the|##ch|inch|illas|##either|.|<|endoftext|>,-8.608881|-11.764903|-4.967763|-11.591083|-13.071819|-11.453284|-9.517445|-7.5917535|-11.096809|-10.140158|-14.040173|-17.854942|-14.513923|-7.464436|-15.190934|-10.877331|-8.773342|-15.151413|-13.88896|-17.44341|-7.8259726|-10.659494|-11.689705,-14.040173,10
6_rat_modal,Carla wants to get a pet rat and it is very noisy at night.,modal,it,Car|la|##wants|##to|##get|##a|##pet|##rat|##and|##it|##is|##very|##noisy|##at|##night|.|<|endoftext|>,-7.259137|-11.875582|-12.895983|-8.481763|-10.235211|-9.220943|-6.256123|-9.665761|-7.1660557|-8.916124|-8.836622|-5.130572|-12.663873|-9.146315|-10.454214|-9.950785|-11.549126,-8.916124,9
6_rat_modal,Carla wants to get a pet rat and she already bought a cage.,modal,subj,Car|la|##wants|##to|##get|##a|##pet|##rat|##and|##she|##already|##bought|##a|##cage|.|<|endoftext|>,-7.259137|-11.875582|-12.895983|-8.481763|-10.235211|-9.220943|-6.256122|-9.665759|-7.1660566|-10.204199|-8.42168|-11.944005|-8.603819|-8.074078|-9.949379|-11.643225,-10.204199,9
6_rat_managed,Carla managed to get a pet rat. It is very noisy at night.,managed,it,Car|la|##managed|##to|##get|##a|##pet|##rat|.|##It|##is|##very|##noisy|##at|##night|.|<|endoftext|>,-7.259137|-11.875582|-13.6763|-8.618841|-10.612118|-9.531057|-7.759117|-10.883288|-10.353888|-13.633769|-8.801085|-5.521512|-12.693007|-9.305733|-10.701911|-10.2448845|-11.600805,-13.633769,9
6_rat_managed,Carla managed to get a pet rat. She found one at the store at the mall.,managed,subj,Car|la|##managed|##to|##get|##a|##pet|##rat|.|##She|##found|##one|##at|##the|##store|##at|##the|##mall|.|<|endoftext|>,-7.259137|-11.875582|-13.6763|-8.618841|-10.612118|-9.531057|-7.759117|-10.883288|-10.353888|-13.461849|-12.210808|-7.0879693|-9.610273|-8.295806|-9.684852|-8.732638|-8.39413|-8.737872|-10.488723|-11.741854,-13.461849,9
6_rat_failed,Carla failed to get a pet rat. It is very noisy at night.,failed,it,Car|la|##failed|##to|##get|##a|##pet|##rat|.|##It|##is|##very|##noisy|##at|##night|.|<|endoftext|>,-7.259137|-11.875582|-10.960586|-9.710363|-10.807549|-9.74643|-7.435589|-9.545955|-10.1467085|-13.683071|-8.942265|-5.9139776|-12.43236|-9.262793|-10.26956|-10.070246|-11.440964,-13.683071,9
6_rat_failed,Carla failed to get a pet rat. She tried three different stores.,failed,subj,Car|la|##failed|##to|##get|##a|##pet|##rat|.|##She|##tried|##three|##different|##stores|.|<|endoftext|>,-7.259137|-11.875582|-10.960584|-9.710363|-10.807549|-9.746429|-7.435589|-9.545953|-10.146709|-13.58019|-10.825657|-10.6909|-6.73868|-13.116994|-11.150113|-11.755246,-13.58019,9
7_beer_affirmative,Sam ordered a beer at the bar and it was warm.,affirmative,it,Sam|##ordered|##a|##beer|##at|##the|##bar|##and|##it|##was|##warm|.|<|endoftext|>,-11.012538|-10.856688|-8.61644|-8.225225|-9.014311|-8.835461|-8.88229|-7.014774|-10.337709|-8.972644|-9.179806|-10.561896|-11.593827,-10.337709,8
7_beer_affirmative,Sam ordered a beer at the bar and he gave a very generous tip.,affirmative,subj,Sam|##ordered|##a|##beer|##at|##the|##bar|##and|##he|##gave|##a|##very|##generous|##tip|.|<|endoftext|>,-11.012538|-10.856688|-8.61644|-8.225225|-9.014311|-8.835461|-8.88229|-7.0147724|-9.308202|-14.924258|-8.60905|-6.357229|-9.869882|-10.483101|-10.260919|-11.476178,-9.308202,8
7_beer_negated,Sam didn't order a beer at the bar and it was warm.,negated,it,Sam|##didn|'t|##order|##a|##beer|##at|##the|##bar|##and|##it|##was|##warm|.|<|endoftext|>,-11.012538|-11.826471|-11.372322|-11.951608|-9.373478|-9.100899|-9.12798|-9.415791|-9.84785|-7.524783|-10.41681|-9.655576|-9.009171|-10.374665|-11.519928,-10.41681,10
7_beer_negated,Sam didn't order a beer at the bar and he also didn't do any drugs.,negated,subj,Sam|##didn|'t|##order|##a|##beer|##at|##the|##bar|##and|##he|##also|##didn|'t|##do|##any|##drugs|.|<|endoftext|>,-11.012538|-11.826471|-11.372323|-11.951608|-9.373478|-9.1009|-9.127981|-9.41579|-9.847849|-7.5247836|-9.894803|-9.122778|-15.91231|-11.366095|-9.651328|-9.435659|-10.833735|-10.804102|-11.622064,-9.894803,10
7_beer_know,I know that Sam ordered a beer at the bar. It was warm.,know,it,I|##know|##that|##Sam|##ordered|##a|##beer|##at|##the|##bar|.|##It|##was|##warm|.|<|endoftext|>,-8.608882|-11.01769|-5.189838|-7.723486|-12.809205|-8.485455|-8.103733|-8.465382|-8.869083|-9.709955|-10.563796|-13.619988|-9.300753|-9.371921|-11.013517|-11.666586,-13.619988,11
7_beer_know,I know that Sam ordered a beer at the bar. He gave a very generous tip.,know,subj,I|##know|##that|##Sam|##ordered|##a|##beer|##at|##the|##bar|.|##He|##gave|##a|##very|##generous|##tip|.|<|endoftext|>,-8.608882|-11.017689|-5.1898394|-7.7234864|-12.809205|-8.485455|-8.103731|-8.465382|-8.869084|-9.709957|-10.563795|-12.758814|-15.1664295|-8.676853|-6.4434376|-9.475147|-11.000526|-10.257189|-11.630562,-12.758814,11
7_beer_doubt,I doubt that Sam ordered a beer at the bar. It was warm.,doubt,it,I|##doubt|##that|##Sam|##ordered|##a|##beer|##at|##the|##bar|.|##It|##was|##warm|.|<|endoftext|>,-8.608882|-11.764902|-4.9677625|-7.6163797|-13.4467125|-9.042286|-8.929661|-8.578803|-8.88762|-9.608082|-10.647255|-13.844532|-9.629303|-9.185038|-10.942073|-11.5334425,-13.844532,11
7_beer_doubt,I doubt that Sam ordered a beer at the bar. He also couldn't get a drink with his fake ID anywhere else.,doubt,subj,I|##doubt|##that|##Sam|##ordered|##a|##beer|##at|##the|##bar|.|##He|##also|##couldn|'t|##get|##a|##drink|##with|##his|##fake|##ID|##anywhere|##else|.|<|endoftext|>,-8.608881|-11.764903|-4.967763|-7.6163797|-13.4467125|-9.042287|-8.929661|-8.5788|-8.887621|-9.608081|-10.647255|-13.561533|-8.048791|-15.387365|-10.789587|-10.449875|-9.568909|-9.536685|-10.368191|-9.991768|-7.237309|-8.985026|-7.6671557|-7.886575|-10.456962|-11.507139,-13.561533,11
7_beer_modal,Sam wants to order a beer at the bar and it is warm.,modal,it,Sam|##wants|##to|##order|##a|##beer|##at|##the|##bar|##and|##it|##is|##warm|.|<|endoftext|>,-11.012538|-10.857233|-8.78819|-11.348348|-8.822927|-8.571958|-9.007307|-8.977304|-9.028294|-7.2267966|-10.275365|-9.632449|-9.143845|-10.547571|-11.690056,-10.275365,10
7_beer_modal,Sam wants to order a beer at the bar and he also wants to get some fries.,modal,subj,Sam|##wants|##to|##order|##a|##beer|##at|##the|##bar|##and|##he|##also|##wants|##to|##get|##some|##fries|.|<|endoftext|>,-11.012538|-10.857233|-8.788188|-11.348349|-8.822926|-8.571959|-9.007305|-8.977304|-9.028293|-7.2267966|-9.599353|-8.616127|-14.079878|-8.972477|-10.186411|-8.363059|-7.010803|-10.368986|-11.757104,-9.599353,10
7_beer_managed,Sam managed to order a beer at the bar. It was warm.,managed,it,Sam|##managed|##to|##order|##a|##beer|##at|##the|##bar|.|##It|##was|##warm|.|<|endoftext|>,-11.012538|-10.82946|-8.607651|-11.496179|-8.644772|-8.5489|-8.680998|-8.925265|-9.179703|-10.927032|-14.493906|-9.392778|-9.430449|-11.262875|-11.74799,-14.493906,10
7_beer_managed,Sam managed to order a beer at the bar. He had to stand in line for ten minutes though.,managed,subj,Sam|##managed|##to|##order|##a|##beer|##at|##the|##bar|.|##He|##had|##to|##stand|##in|##line|##for|##ten|##minutes|##though|.|<|endoftext|>,-11.012538|-10.829461|-8.607651|-11.49618|-8.644771|-8.548901|-8.681001|-8.925266|-9.179701|-10.927032|-12.719265|-5.1742897|-8.1526165|-12.308281|-8.688602|-10.469907|-8.876136|-9.813873|-11.394969|-9.09539|-10.621039|-11.810762,-12.719265,10
7_beer_failed,Sam failed to order a beer at the bar. It was warm.,failed,it,Sam|##failed|##to|##order|##a|##beer|##at|##the|##bar|.|##It|##was|##warm|.|<|endoftext|>,-11.012538|-10.534004|-9.488878|-11.24939|-9.206917|-8.4455385|-8.526346|-8.838217|-8.706474|-10.55015|-14.061694|-9.439747|-9.658325|-11.036848|-11.548223,-14.061694,10
7_beer_failed,Sam failed to order a beer at the bar. He also couldn't get a drink with his fake ID anywhere else.,failed,subj,Sam|##failed|##to|##order|##a|##beer|##at|##the|##bar|.|##He|##also|##couldn|'t|##get|##a|##drink|##with|##his|##fake|##ID|##anywhere|##else|.|<|endoftext|>,-11.01254|-10.534008|-9.488878|-11.24939|-9.206916|-8.4455385|-8.526346|-8.838218|-8.706474|-10.55015|-12.866495|-8.228743|-15.517134|-10.267007|-10.667647|-9.737172|-9.726631|-10.596362|-10.06936|-8.056335|-9.158591|-8.254608|-8.639703|-11.000183|-11.56224,-12.866495,10
8_cake_affirmative,Michael baked a cake and it was the best thing at the picnic.,affirmative,it,Michael|##baked|##a|##cake|##and|##it|##was|##the|##best|##thing|##at|##the|##picnic|.|<|endoftext|>,-11.867976|-7.0356913|-9.364813|-8.925676|-7.34317|-10.006487|-9.493368|-9.0093155|-8.884823|-10.152037|-9.932407|-9.119947|-7.8792415|-9.701452|-11.2972765,-10.006487,5
8_cake_affirmative,Michael baked a cake and he also made a pie.,affirmative,subj,Michael|##baked|##a|##cake|##and|##he|##also|##made|##a|##pie|.|<|endoftext|>,-11.867976|-7.0356913|-9.364813|-8.925676|-7.34317|-9.016966|-8.066|-10.143698|-9.189988|-7.7074776|-10.171451|-11.441277,-9.016966,5
8_cake_negated,Michael didn't bake a cake and it was the best thing at the picnic.,negated,it,Michael|##didn|'t|##bake|##a|##cake|##and|##it|##was|##the|##best|##thing|##at|##the|##picnic|.|<|endoftext|>,-11.867976|-12.050401|-11.229906|-10.110247|-10.058665|-10.301325|-7.8120623|-10.051035|-9.367746|-8.538193|-8.098627|-9.990082|-9.949709|-8.936444|-7.954356|-9.996549|-11.300659,-10.051035,7
8_cake_negated,Michael didn't bake a cake and he also didn't bring anything else to the picnic.,negated,subj,Michael|##didn|'t|##bake|##a|##cake|##and|##he|##also|##didn|'t|##bring|##anything|##else|##to|##the|##picnic|.|<|endoftext|>,-11.867976|-12.050401|-11.229906|-10.110247|-10.058665|-10.301325|-7.8120623|-10.384463|-8.492231|-15.632595|-10.739559|-12.138277|-10.779045|-8.122466|-9.015924|-9.596156|-6.8562393|-10.395803|-11.519165,-10.384463,7
8_cake_know,I know that Michael baked a cake. It was the best thing at the picnic.,know,it,I|##know|##that|##Michael|##baked|##a|##cake|.|##It|##was|##the|##best|##thing|##at|##the|##picnic|.|<|endoftext|>,-8.608882|-11.017689|-5.1898394|-6.5581737|-9.2194|-9.741203|-9.620356|-10.30104|-13.64532|-9.559765|-8.287216|-9.310231|-10.528816|-10.017379|-8.893|-7.8965034|-10.630231|-11.548764,-13.64532,8
8_cake_know,I know that Michael baked a cake. He also made a pie.,know,subj,I|##know|##that|##Michael|##baked|##a|##cake|.|##He|##also|##made|##a|##pie|.|<|endoftext|>,-8.608882|-11.01769|-5.189838|-6.558175|-9.219401|-9.741203|-9.6203575|-10.301041|-12.925215|-7.383363|-10.016654|-9.353908|-7.940881|-10.604432|-11.671782,-12.925215,8
8_cake_doubt,I doubt that Michael baked a cake. It was the best thing at the picnic.,doubt,it,I|##doubt|##that|##Michael|##baked|##a|##cake|.|##It|##was|##the|##best|##thing|##at|##the|##picnic|.|<|endoftext|>,-8.608882|-11.764904|-4.967763|-6.695396|-8.402571|-9.689342|-10.321099|-10.212832|-13.679932|-9.515907|-8.172327|-7.896138|-10.196903|-9.731199|-8.5551|-7.51974|-10.2070265|-11.258578,-13.679932,8
8_cake_doubt,I doubt that Michael baked a cake. He also didn't prepare anything else for the picnic.,doubt,subj,I|##doubt|##that|##Michael|##baked|##a|##cake|.|##He|##also|##didn|'t|##prepare|##anything|##else|##for|##the|##picnic|.|<|endoftext|>,-8.608882|-11.764904|-4.967763|-6.695396|-8.402571|-9.689342|-10.321099|-10.212832|-13.303699|-7.553914|-15.977659|-10.9278555|-14.086334|-10.647333|-7.1525183|-9.276897|-8.785788|-6.9833407|-10.389519|-11.419679,-13.303699,8
8_cake_modal,Michael wants to bake a cake and it is the best thing at the picnic.,modal,it,Michael|##wants|##to|##bake|##a|##cake|##and|##it|##is|##the|##best|##thing|##at|##the|##picnic|.|<|endoftext|>,-11.867976|-9.547315|-8.587032|-9.255733|-9.898857|-9.0885515|-7.2598314|-9.432209|-9.045275|-8.218779|-8.510738|-10.348719|-9.4244175|-8.767067|-7.127074|-9.944573|-11.38698,-9.432209,7
8_cake_modal,Michael wants to bake a cake and he already chose a recipe.,modal,subj,Michael|##wants|##to|##bake|##a|##cake|##and|##he|##already|##chose|##a|##recipe|.|<|endoftext|>,-11.867976|-9.547313|-8.587031|-9.255732|-9.898856|-9.088551|-7.259832|-9.860064|-8.8712225|-13.523406|-8.94228|-10.399254|-10.347662|-11.829256,-9.860064,7
8_cake_managed,Michael managed to bake a cake. It was the best thing at the picnic.,managed,it,Michael|##managed|##to|##bake|##a|##cake|.|##It|##was|##the|##best|##thing|##at|##the|##picnic|.|<|endoftext|>,-11.867976|-11.774528|-8.528195|-10.723281|-9.317373|-8.531027|-10.246422|-13.835967|-9.531537|-8.638971|-9.490886|-10.258629|-10.051564|-9.059087|-7.898902|-10.400344|-11.491752,-13.835967,7
8_cake_managed,Michael managed to bake a cake. He also made a pie.,managed,subj,Michael|##managed|##to|##bake|##a|##cake|.|##He|##also|##made|##a|##pie|.|<|endoftext|>,-11.867976|-11.774528|-8.528194|-10.723279|-9.317374|-8.531025|-10.246422|-12.560714|-7.9497824|-10.100249|-9.411607|-7.995992|-10.514933|-11.697439,-12.560714,7
8_cake_failed,Michael failed to bake a cake. It was the best thing at the picnic.,failed,it,Michael|##failed|##to|##bake|##a|##cake|.|##It|##was|##the|##best|##thing|##at|##the|##picnic|.|<|endoftext|>,-11.867976|-8.726234|-9.602385|-10.396532|-9.422199|-9.1689625|-10.205915|-13.609763|-9.354273|-8.336487|-8.299992|-9.679006|-9.932241|-8.853508|-7.7994466|-10.295428|-11.401648,-13.609763,7
8_cake_failed,Michael failed to bake a cake. He also didn't prepare anything else for the picnic.,failed,subj,Michael|##failed|##to|##bake|##a|##cake|.|##He|##also|##didn|'t|##prepare|##anything|##else|##for|##the|##picnic|.|<|endoftext|>,-11.867976|-8.726234|-9.602385|-10.396532|-9.422199|-9.1689625|-10.205915|-12.692998|-7.837179|-16.086147|-11.814991|-13.590533|-11.051622|-7.040327|-9.07643|-8.847267|-6.96295|-10.610831|-11.592849,-12.692998,7
9_letter_affirmative,Carolyn wrote a letter to her parents and it arrived three days after she sent it.,affirmative,it,Car|olyn|##wrote|##a|##letter|##to|##her|##parents|##and|##it|##arrived|##three|##days|##after|##she|##sent|##it|.|<|endoftext|>,-7.259137|-13.146153|-12.623854|-9.4068985|-9.50045|-9.275323|-8.831947|-10.475969|-7.772943|-10.010528|-12.135831|-11.536423|-11.732891|-9.961699|-10.349878|-10.959036|-9.453248|-11.081461|-11.7799835,-10.010528,9
9_letter_affirmative,Carolyn wrote a letter to her parents and she also gave them a call.,affirmative,subj,Car|olyn|##wrote|##a|##letter|##to|##her|##parents|##and|##she|##also|##gave|##them|##a|##call|.|<|endoftext|>,-7.259137|-13.146153|-12.623854|-9.4068985|-9.50045|-9.275323|-8.831947|-10.475969|-7.772943|-9.526997|-8.589276|-14.07044|-8.929923|-9.014876|-12.938807|-10.8481455|-11.804748,-9.526997,9
9_letter_negated,Carolyn didn't write a letter to her parents and it arrived three days after she sent it.,negated,it,Car|olyn|##didn|'t|##write|##a|##letter|##to|##her|##parents|##and|##it|##arrived|##three|##days|##after|##she|##sent|##it|.|<|endoftext|>,-7.259137|-13.146153|-15.1839695|-11.547628|-12.634759|-9.819748|-9.728622|-9.100165|-9.483809|-11.543032|-7.7135363|-10.312681|-12.222896|-11.937683|-11.385723|-10.10527|-10.488703|-10.703203|-9.760302|-11.06225|-11.70478,-10.312681,11
9_letter_negated,Carolyn didn't write a letter to her parents and she also didn't explain anything when she visited them last year.,negated,subj,Car|olyn|##didn|'t|##write|##a|##letter|##to|##her|##parents|##and|##she|##also|##didn|'t|##explain|##anything|##when|##she|##visited|##them|##last|##year|.|<|endoftext|>,-7.2591357|-13.146151|-15.1839695|-11.547628|-12.634758|-9.81975|-9.728624|-9.100166|-9.483809|-11.543031|-7.7135363|-10.385086|-9.369922|-16.198645|-11.452277|-12.56204|-10.793396|-9.195681|-10.4611435|-12.740572|-11.105053|-8.939303|-12.953924|-11.200999|-11.7053175,-10.385086,11
9_letter_know,I know that Carolyn wrote a letter to her parents. It arrived three days after she sent it.,know,it,I|##know|##that|##Carolyn|##wrote|##a|##letter|##to|##her|##parents|.|##It|##arrived|##three|##days|##after|##she|##sent|##it|.|<|endoftext|>,-8.608882|-11.017689|-5.1898394|-9.438635|-12.974029|-9.18156|-9.669656|-8.896245|-9.0839615|-10.663491|-10.94567|-13.991487|-11.9093685|-11.315147|-11.852218|-10.183527|-10.794346|-10.764839|-9.794228|-11.063925|-11.846629,-13.991487,11
9_letter_know,I know that Carolyn wrote a letter to her parents. She also gave them a call.,know,subj,I|##know|##that|##Carolyn|##wrote|##a|##letter|##to|##her|##parents|.|##She|##also|##gave|##them|##a|##call|.|<|endoftext|>,-8.608882|-11.017689|-5.1898394|-9.438635|-12.974029|-9.18156|-9.669656|-8.896245|-9.0839615|-10.663491|-10.94567|-13.526536|-7.735761|-14.26113|-9.185808|-8.981588|-12.621776|-10.8248|-11.888456,-13.526536,11
9_letter_doubt,I doubt that Carolyn wrote a letter to her parents. It arrived three days after she sent it.,doubt,it,I|##doubt|##that|##Carolyn|##wrote|##a|##letter|##to|##her|##parents|.|##It|##arrived|##three|##days|##after|##she|##sent|##it|.|<|endoftext|>,-8.608882|-11.764904|-4.967763|-8.327095|-12.487925|-9.294298|-9.034693|-8.665272|-9.18323|-11.6486435|-10.660225|-13.8650875|-11.620841|-11.297701|-11.445282|-10.039664|-10.60947|-10.675092|-9.768236|-10.730101|-11.668523,-13.8650875,11
9_letter_doubt,I doubt that Carolyn wrote a letter to her parents. She also didn't give them a call.,doubt,subj,I|##doubt|##that|##Carolyn|##wrote|##a|##letter|##to|##her|##parents|.|##She|##also|##didn|'t|##give|##them|##a|##call|.|<|endoftext|>,-8.608882|-11.764904|-4.967763|-8.327095|-12.487925|-9.294298|-9.034693|-8.665272|-9.18323|-11.6486435|-10.660225|-13.902414|-7.4463415|-16.045254|-11.827357|-11.845812|-9.090515|-9.632423|-12.772798|-10.723515|-11.745853,-13.902414,11
9_letter_modal,Carolyn wants to write a letter to her parents and it arrives three days after she sends it.,modal,it,Car|olyn|##wants|##to|##write|##a|##letter|##to|##her|##parents|##and|##it|##arrives|##three|##days|##after|##she|##sends|##it|.|<|endoftext|>,-7.259137|-13.146153|-13.164331|-8.554764|-12.348088|-9.307471|-10.442211|-8.527466|-9.081721|-10.413131|-7.883687|-9.11595|-13.766087|-11.727093|-12.457415|-10.014232|-9.491135|-14.95174|-9.096647|-10.754867|-11.631214,-9.11595,11
9_letter_modal,Carolyn wants to write a letter to her parents and she also plans to send them a gift.,modal,subj,Car|olyn|##wants|##to|##write|##a|##letter|##to|##her|##parents|##and|##she|##also|##plans|##to|##send|##them|##a|##gift|.|<|endoftext|>,-7.259137|-13.146153|-13.164331|-8.554764|-12.348088|-9.307471|-10.442211|-8.527466|-9.081721|-10.413131|-7.883687|-9.483182|-8.583204|-11.038693|-8.893643|-11.319518|-8.722122|-9.241518|-7.5092487|-10.315426|-11.597975,-9.483182,11
9_letter_managed,Carolyn managed to write a letter to her parents. It arrived three days after she sent it.,managed,it,Car|olyn|##managed|##to|##write|##a|##letter|##to|##her|##parents|.|##It|##arrived|##three|##days|##after|##she|##sent|##it|.|<|endoftext|>,-7.259137|-13.146153|-13.827488|-8.683319|-12.697847|-8.92283|-10.023564|-8.935213|-8.823278|-10.148036|-11.46303|-14.019911|-12.640346|-11.744143|-11.719967|-10.44379|-10.388292|-10.865164|-10.055173|-11.338555|-11.877157,-14.019911,11
9_letter_managed,Carolyn managed to write a letter to her parents. She also gave them a call.,managed,subj,Car|olyn|##managed|##to|##write|##a|##letter|##to|##her|##parents|.|##She|##also|##gave|##them|##a|##call|.|<|endoftext|>,-7.259137|-13.146153|-13.827488|-8.683319|-12.697847|-8.92283|-10.023564|-8.935213|-8.823278|-10.148036|-11.46303|-14.202414|-8.492652|-14.263834|-9.546178|-9.336057|-13.155236|-11.135647|-11.923642,-14.202414,11
9_letter_failed,Carolyn failed to write a letter to her parents. It arrived three days after she sent it.,failed,it,Car|olyn|##failed|##to|##write|##a|##letter|##to|##her|##parents|.|##It|##arrived|##three|##days|##after|##she|##sent|##it|.|<|endoftext|>,-7.259137|-13.146153|-11.079275|-9.783899|-12.920245|-9.335302|-9.415026|-9.047054|-9.258649|-10.868972|-10.694077|-14.120544|-11.817009|-11.820314|-11.870972|-10.18345|-10.578274|-11.127543|-10.136126|-11.17407|-11.672794,-14.120544,11
9_letter_failed,Carolyn failed to write a letter to her parents. She also didn't give them a call.,failed,subj,Car|olyn|##failed|##to|##write|##a|##letter|##to|##her|##parents|.|##She|##also|##didn|'t|##give|##them|##a|##call|.|<|endoftext|>,-7.259137|-13.146153|-11.079275|-9.783899|-12.920245|-9.335302|-9.415026|-9.047054|-9.258649|-10.868972|-10.694077|-14.002755|-8.217316|-16.289742|-12.297755|-12.550524|-9.850077|-10.008116|-13.058928|-11.064291|-11.851717,-14.002755,11
10_hat_affirmative,Chris knitted a hat and it was very colorful.,affirmative,it,Chris|##kn|itted|##a|##hat|##and|##it|##was|##very|##colorful|.|<|endoftext|>,-11.466993|-14.622627|-14.276295|-9.229962|-7.7145796|-7.177223|-9.323647|-9.44925|-5.088502|-11.1955385|-10.548838|-11.3940935,-9.323647,6
10_hat_affirmative,Chris knitted a hat and he was very proud of it.,affirmative,subj,Chris|##kn|itted|##a|##hat|##and|##he|##was|##very|##proud|##of|##it|.|<|endoftext|>,-11.466993|-14.622627|-14.276295|-9.229962|-7.7145796|-7.177223|-8.968536|-9.439472|-5.227401|-13.744923|-10.421724|-9.058123|-10.542386|-11.444994,-8.968536,6
10_hat_negated,Chris didn't knit a hat and it was very colorful.,negated,it,Chris|##didn|'t|##knit|##a|##hat|##and|##it|##was|##very|##colorful|.|<|endoftext|>,-11.466993|-10.98407|-11.157816|-8.854993|-9.271101|-8.236631|-7.578006|-9.476657|-9.560672|-5.0422673|-11.664054|-10.354403|-11.370211,-9.476657,7
10_hat_negated,Chris didn't knit a hat and he didn't do any of the other assignments either.,negated,subj,Chris|##didn|'t|##knit|##a|##hat|##and|##he|##didn|'t|##do|##any|##of|##the|##other|##assignments|##either|.|<|endoftext|>,-11.466993|-10.984073|-11.157816|-8.854991|-9.271101|-8.23663|-7.5780053|-9.295763|-15.321411|-11.15321|-8.687679|-10.543778|-9.105236|-8.069803|-7.1071167|-11.485636|-8.742575|-10.697277|-11.420147,-9.295763,7
10_hat_know,I know that Chris knitted a hat. It was very colorful.,know,it,I|##know|##that|##Chris|##kn|itted|##a|##hat|.|##It|##was|##very|##colorful|.|<|endoftext|>,-8.608882|-11.01769|-5.189838|-6.636304|-15.857449|-15.550051|-9.367668|-8.703275|-10.554281|-13.595704|-9.648071|-5.331593|-12.030132|-11.045685|-11.630028,-13.595704,9
10_hat_know,I know that Chris knitted a hat. He was very proud of it.,know,subj,I|##know|##that|##Chris|##kn|itted|##a|##hat|.|##He|##was|##very|##proud|##of|##it|.|<|endoftext|>,-8.608882|-11.017689|-5.1898394|-6.636306|-15.857449|-15.550049|-9.367668|-8.703276|-10.554281|-12.702153|-9.887557|-5.6217957|-14.7584505|-10.833609|-9.827368|-10.824526|-11.635061,-12.702153,9
10_hat_doubt,I doubt that Chris knitted a hat. It was very colorful.,doubt,it,I|##doubt|##that|##Chris|##kn|itted|##a|##hat|.|##It|##was|##very|##colorful|.|<|endoftext|>,-8.608882|-11.764902|-4.9677625|-6.3514194|-15.566376|-16.281408|-9.2146635|-8.141254|-10.122625|-13.628746|-9.656047|-5.6194363|-11.179786|-10.358482|-11.386918,-13.628746,9
10_hat_doubt,I doubt that Chris knitted a hat. He didn't do any of the other assignments either.,doubt,subj,I|##doubt|##that|##Chris|##kn|itted|##a|##hat|.|##He|##didn|'t|##do|##any|##of|##the|##other|##assignments|##either|.|<|endoftext|>,-8.608882|-11.764904|-4.967763|-6.3514204|-15.56638|-16.281408|-9.214664|-8.141256|-10.122623|-13.214383|-15.813385|-11.09752|-9.215084|-10.002403|-9.618187|-8.124968|-8.127863|-11.047209|-8.687874|-10.377758|-11.455221,-13.214383,9
10_hat_modal,Chris wants to knit a hat and it is very colorful.,modal,it,Chris|##wants|##to|##knit|##a|##hat|##and|##it|##is|##very|##colorful|.|<|endoftext|>,-11.466993|-11.571541|-8.6352825|-7.546115|-9.269372|-7.3266177|-7.2542944|-9.121338|-9.1009245|-5.1093645|-10.917861|-10.216594|-11.479287,-9.121338,7
10_hat_modal,Chris wants to knit a hat and he already chose the color for the yarn.,modal,subj,Chris|##wants|##to|##knit|##a|##hat|##and|##he|##already|##chose|##the|##color|##for|##the|##yarn|.|<|endoftext|>,-11.466993|-11.571545|-8.635284|-7.5461144|-9.269374|-7.3266196|-7.254294|-9.687952|-9.181065|-13.3192|-8.708063|-7.796145|-9.725533|-8.206598|-8.004677|-10.159243|-11.609856,-9.687952,7
10_hat_managed,Chris managed to knit a hat. It was very colorful.,managed,it,Chris|##managed|##to|##knit|##a|##hat|.|##It|##was|##very|##colorful|.|<|endoftext|>,-11.466993|-12.03948|-8.534243|-9.000244|-9.032608|-6.85208|-10.025206|-13.828207|-9.604753|-5.5017705|-11.923185|-10.777872|-11.618837,-13.828207,7
10_hat_managed,Chris managed to knit a hat. He was very proud of it.,managed,subj,Chris|##managed|##to|##knit|##a|##hat|.|##He|##was|##very|##proud|##of|##it|.|<|endoftext|>,-11.466993|-12.03948|-8.534243|-9.000244|-9.032608|-6.85208|-10.025206|-12.615227|-9.606803|-6.290498|-14.431621|-10.7016945|-10.158608|-10.621255|-11.669996,-12.615227,7
10_hat_failed,Chris failed to knit a hat. It was very colorful.,failed,it,Chris|##failed|##to|##knit|##a|##hat|.|##It|##was|##very|##colorful|.|<|endoftext|>,-11.466993|-11.919345|-9.458166|-9.700789|-8.869964|-7.229852|-9.893364|-13.551927|-9.5631275|-5.2174273|-11.178066|-10.580017|-11.522099,-13.551927,7
10_hat_failed,Chris failed to knit a hat. He didn't do any of the other assignments either.,failed,subj,Chris|##failed|##to|##knit|##a|##hat|.|##He|##didn|'t|##do|##any|##of|##the|##other|##assignments|##either|.|<|endoftext|>,-11.466993|-11.919345|-9.458164|-9.70079|-8.869965|-7.22985|-9.893362|-12.39968|-15.991896|-12.455673|-9.2875185|-9.964656|-10.348354|-8.290279|-7.23137|-11.333898|-8.331741|-10.630315|-11.550618,-12.39968,7
11_cod_affirmative,Sarah caught a cod and it made a fantastic dinner.,affirmative,it,Sarah|##caught|##a|##cod|##and|##it|##made|##a|##fantastic|##dinner|.|<|endoftext|>,-11.422586|-11.571985|-10.264322|-7.4468102|-7.2044992|-9.434279|-11.919103|-8.391755|-12.203845|-5.430855|-9.999385|-11.567535,-9.434279,5
11_cod_affirmative,Sarah caught a cod and she ate it for dinner.,affirmative,subj,Sarah|##caught|##a|##cod|##and|##she|##ate|##it|##for|##dinner|.|<|endoftext|>,-11.422586|-11.571985|-10.264322|-7.4468102|-7.2044992|-9.195629|-12.912533|-9.038574|-9.851158|-9.369994|-10.365609|-11.417,-9.195629,5
11_cod_negated,Sarah didn't catch a cod and it made a fantastic dinner.,negated,it,Sarah|##didn|'t|##catch|##a|##cod|##and|##it|##made|##a|##fantastic|##dinner|.|<|endoftext|>,-11.422586|-8.697767|-11.740692|-12.757533|-11.223294|-8.267641|-7.2067404|-9.525673|-11.821623|-8.540014|-12.200339|-5.0506563|-9.988324|-11.325172,-9.525673,7
11_cod_negated,Sarah didn't catch a cod and she got dinner from the store instead.,negated,subj,Sarah|##didn|'t|##catch|##a|##cod|##and|##she|##got|##dinner|##from|##the|##store|##instead|.|<|endoftext|>,-11.422586|-8.697767|-11.740692|-12.757533|-11.223294|-8.267641|-7.2067404|-9.569445|-10.106271|-7.739223|-9.490042|-8.377952|-8.801916|-7.6067677|-10.750049|-11.568151,-9.569445,7
11_cod_know,I know that Sarah caught a cod. It made a fantastic dinner.,know,it,I|##know|##that|##Sarah|##caught|##a|##cod|.|##It|##made|##a|##fantastic|##dinner|.|<|endoftext|>,-8.608882|-11.01769|-5.189838|-7.381154|-11.797999|-9.626987|-7.3834324|-9.97918|-13.609604|-12.097567|-8.94109|-12.528602|-5.7293425|-9.913198|-11.514376,-13.609604,8
11_cod_know,I know that Sarah caught a cod. She ate it for dinner.,know,subj,I|##know|##that|##Sarah|##caught|##a|##cod|.|##She|##ate|##it|##for|##dinner|.|<|endoftext|>,-8.608882|-11.01769|-5.189838|-7.381154|-11.797999|-9.626987|-7.3834324|-9.97918|-13.565309|-12.68702|-9.035814|-10.150674|-9.190237|-10.676657|-11.518349,-13.565309,8
11_cod_doubt,I doubt that Sarah caught a cod. It made a fantastic dinner.,doubt,it,I|##doubt|##that|##Sarah|##caught|##a|##cod|.|##It|##made|##a|##fantastic|##dinner|.|<|endoftext|>,-8.608882|-11.764902|-4.9677625|-7.0644684|-12.034654|-10.371313|-7.032413|-9.924986|-13.864555|-11.940435|-8.649092|-12.658219|-5.7931576|-9.726124|-11.424691,-13.864555,8
11_cod_doubt,I doubt that Sarah caught a cod. She also didn't catch any shrimp.,doubt,subj,I|##doubt|##that|##Sarah|##caught|##a|##cod|.|##She|##also|##didn|'t|##catch|##any|##shrimp|.|<|endoftext|>,-8.608882|-11.764904|-4.967763|-7.0644703|-12.034653|-10.371312|-7.0324116|-9.924985|-13.7345705|-7.5114794|-16.123758|-11.730826|-10.812315|-8.128073|-9.583178|-10.28674|-11.612799,-13.7345705,8
11_cod_modal,Sarah wants to catch a cod and it makes a fantastic dinner.,modal,it,Sarah|##wants|##to|##catch|##a|##cod|##and|##it|##makes|##a|##fantastic|##dinner|.|<|endoftext|>,-11.422586|-10.853785|-8.73931|-10.914688|-9.8775215|-7.071254|-7.014575|-9.351025|-12.224561|-9.078316|-12.665162|-4.587123|-10.152538|-11.43306,-9.351025,7
11_cod_modal,Sarah wants to catch a cod and she is obsessed with fishing blogs.,modal,subj,Sarah|##wants|##to|##catch|##a|##cod|##and|##she|##is|##obsessed|##with|##fishing|##blogs|.|<|endoftext|>,-11.422586|-10.853785|-8.73931|-10.914688|-9.8775215|-7.071254|-7.014575|-9.919868|-9.963358|-12.497896|-9.308535|-8.707374|-10.5128975|-10.464704|-11.595579,-9.919868,7
11_cod_managed,Sarah managed to catch a cod. It made a fantastic dinner.,managed,it,Sarah|##managed|##to|##catch|##a|##cod|.|##It|##made|##a|##fantastic|##dinner|.|<|endoftext|>,-11.422586|-11.053541|-8.769277|-11.899748|-10.748976|-7.546874|-10.540822|-14.10146|-11.762127|-8.215275|-13.745953|-5.523425|-10.26382|-11.646717,-14.10146,7
11_cod_managed,Sarah managed to catch a cod. She ate it for dinner.,managed,subj,Sarah|##managed|##to|##catch|##a|##cod|.|##She|##ate|##it|##for|##dinner|.|<|endoftext|>,-11.422586|-11.053541|-8.769277|-11.899748|-10.748976|-7.546874|-10.540822|-13.904535|-13.238724|-9.6917305|-10.267555|-9.68697|-10.99077|-11.563817,-13.904535,7
11_cod_failed,Sarah failed to catch a cod. It made a fantastic dinner.,failed,it,Sarah|##failed|##to|##catch|##a|##cod|.|##It|##made|##a|##fantastic|##dinner|.|<|endoftext|>,-11.422586|-11.368764|-9.829002|-10.959464|-10.254514|-6.919457|-10.171785|-13.7606325|-11.798879|-8.622483|-13.267105|-5.167708|-10.023281|-11.387475,-13.7606325,7
11_cod_failed,Sarah failed to catch a cod. She also didn't catch any shrimp.,failed,subj,Sarah|##failed|##to|##catch|##a|##cod|.|##She|##also|##didn|'t|##catch|##any|##shrimp|.|<|endoftext|>,-11.422586|-11.368764|-9.829002|-10.959464|-10.254514|-6.919457|-10.171785|-13.564478|-7.992175|-16.236515|-12.679667|-11.100831|-8.57158|-9.841455|-10.830811|-11.715233,-13.564478,7
12_ticket_affirmative,Thomas booked a ticket in advance and it was much cheaper than he expected.,affirmative,it,Thomas|##booked|##a|##ticket|##in|##advance|##and|##it|##was|##much|##cheaper|##than|##he|##expected|.|<|endoftext|>,-12.284019|-10.50868|-10.001708|-8.39777|-7.968445|-13.367742|-7.848741|-10.79888|-9.894921|-6.926073|-9.88151|-9.717495|-11.323824|-13.228023|-11.092684|-11.702892,-10.79888,7
12_ticket_affirmative,Thomas booked a ticket in advance and he also made a hotel reservation.,affirmative,subj,Thomas|##booked|##a|##ticket|##in|##advance|##and|##he|##also|##made|##a|##hotel|##reservation|.|<|endoftext|>,-12.284019|-10.50868|-10.001708|-8.39777|-7.968445|-13.367742|-7.848741|-10.003378|-8.658888|-11.84917|-10.448565|-10.123868|-10.914316|-10.981118|-11.54911,-10.003378,7
12_ticket_negated,Thomas didn't book a ticket in advance and it was much cheaper than he expected.,negated,it,Thomas|##didn|'t|##book|##a|##ticket|##in|##advance|##and|##it|##was|##much|##cheaper|##than|##he|##expected|.|<|endoftext|>,-12.284019|-12.109207|-11.23238|-8.274384|-11.024157|-9.025815|-9.033416|-15.071836|-7.9735084|-10.746769|-10.325627|-6.4522834|-9.225377|-9.699532|-11.31706|-13.138202|-11.29121|-11.673086,-10.746769,9
12_ticket_negated,Thomas didn't book a ticket in advance and he couldn't get one at the airport.,negated,subj,Thomas|##didn|'t|##book|##a|##ticket|##in|##advance|##and|##he|##couldn|'t|##get|##one|##at|##the|##airport|.|<|endoftext|>,-12.284019|-12.109207|-11.23238|-8.274384|-11.024157|-9.025815|-9.033416|-15.071836|-7.9735084|-9.922956|-15.573881|-10.111536|-10.296855|-8.338485|-9.5403|-9.429228|-7.8622637|-11.658374|-11.59016,-9.922956,9
12_ticket_know,I know that Thomas booked a ticket in advance. It was much cheaper than he expected.,know,it,I|##know|##that|##Thomas|##booked|##a|##ticket|##in|##advance|.|##It|##was|##much|##cheaper|##than|##he|##expected|.|<|endoftext|>,-8.608882|-11.017689|-5.1898394|-7.4355936|-10.150017|-9.856956|-8.475587|-7.96783|-13.937902|-10.934474|-14.141201|-10.019969|-6.2839594|-9.277521|-10.406948|-10.682977|-13.499127|-10.923178|-11.673755,-14.141201,10
12_ticket_know,I know that Thomas booked a ticket in advance. He also made a hotel reservation.,know,subj,I|##know|##that|##Thomas|##booked|##a|##ticket|##in|##advance|.|##He|##also|##made|##a|##hotel|##reservation|.|<|endoftext|>,-8.608882|-11.017689|-5.1898394|-7.4355936|-10.150017|-9.856956|-8.475587|-7.96783|-13.937902|-10.934474|-13.861498|-7.6818943|-11.748229|-10.407099|-10.90705|-10.449007|-10.911966|-11.735999,-13.861498,10
12_ticket_doubt,I doubt that Thomas booked a ticket in advance. It was much cheaper than he expected.,doubt,it,I|##doubt|##that|##Thomas|##booked|##a|##ticket|##in|##advance|.|##It|##was|##much|##cheaper|##than|##he|##expected|.|<|endoftext|>,-8.608882|-11.764904|-4.967763|-7.300132|-9.818447|-10.3876505|-9.001536|-7.949899|-14.276923|-10.674293|-14.306408|-9.754893|-5.963902|-9.739363|-10.280339|-10.177171|-13.779675|-10.803659|-11.527985,-14.306408,10
12_ticket_doubt,I doubt that Thomas booked a ticket in advance. He didn't even show up at the airport until an hour before the flight.,doubt,subj,I|##doubt|##that|##Thomas|##booked|##a|##ticket|##in|##advance|.|##He|##didn|'t|##even|##show|##up|##at|##the|##airport|##until|##an|##hour|##before|##the|##flight|.|<|endoftext|>,-8.608881|-11.764903|-4.967763|-7.300131|-9.818449|-10.387651|-9.001537|-7.9498987|-14.276924|-10.6742935|-14.204221|-16.382729|-11.474125|-8.005349|-14.493231|-9.7374115|-9.82151|-9.126944|-8.044831|-11.061466|-8.847123|-13.757999|-10.325018|-10.184931|-9.854027|-10.7568|-11.8449955,-14.204221,10
12_ticket_modal,Thomas wants to book a ticket in advance and it is much cheaper than he expected.,modal,it,Thomas|##wants|##to|##book|##a|##ticket|##in|##advance|##and|##it|##is|##much|##cheaper|##than|##he|##expected|.|<|endoftext|>,-12.284019|-10.244394|-8.731323|-8.340409|-9.560255|-9.199391|-7.679573|-13.973418|-7.651291|-9.977345|-9.2495165|-6.365059|-9.069063|-9.897614|-10.719203|-12.50916|-10.504653|-11.528179,-9.977345,9
12_ticket_modal,Thomas wants to book a ticket in advance and he started to look for cheap flights.,modal,subj,Thomas|##wants|##to|##book|##a|##ticket|##in|##advance|##and|##he|##started|##to|##look|##for|##cheap|##flights|.|<|endoftext|>,-12.284019|-10.244394|-8.731323|-8.340409|-9.560255|-9.199391|-7.679573|-13.973418|-7.651291|-9.731293|-13.197906|-8.071106|-11.360343|-9.046419|-6.955248|-10.746747|-11.07482|-11.629688,-9.731293,9
12_ticket_managed,Thomas managed to book a ticket. It was much cheaper than he expected.,managed,it,Thomas|##managed|##to|##book|##a|##ticket|.|##It|##was|##much|##cheaper|##than|##he|##expected|.|<|endoftext|>,-12.284019|-10.789761|-8.600559|-8.717466|-9.707762|-8.059784|-11.347805|-14.885414|-9.736451|-7.2198157|-9.64832|-10.498139|-11.205116|-13.847053|-11.430252|-11.87462,-14.885414,7
12_ticket_managed,Thomas managed to book a ticket. He also made a hotel reservation.,managed,subj,Thomas|##managed|##to|##book|##a|##ticket|.|##He|##also|##made|##a|##hotel|##reservation|.|<|endoftext|>,-12.284019|-10.789761|-8.600559|-8.717466|-9.707762|-8.059784|-11.347805|-14.331343|-8.327459|-11.672576|-9.915371|-10.114449|-11.219543|-11.573414|-11.831399,-14.331343,7
12_ticket_failed,Thomas failed to book a ticket. It was much cheaper than he expected.,failed,it,Thomas|##failed|##to|##book|##a|##ticket|.|##It|##was|##much|##cheaper|##than|##he|##expected|.|<|endoftext|>,-12.284019|-9.247306|-9.744467|-7.408244|-11.009803|-8.542502|-11.035274|-14.6277275|-9.790525|-7.020469|-9.120877|-10.646232|-10.806482|-13.979849|-11.095951|-11.666618,-14.6277275,7
12_ticket_failed,Thomas failed to book a ticket. He also didn't show up at the airport until an hour before the flight.,failed,subj,Thomas|##failed|##to|##book|##a|##ticket|.|##He|##also|##didn|'t|##show|##up|##at|##the|##airport|##until|##an|##hour|##before|##the|##flight|.|<|endoftext|>,-12.284018|-9.247309|-9.744468|-7.408244|-11.009803|-8.542501|-11.035273|-13.998869|-8.159272|-16.591524|-12.768172|-14.048579|-11.156473|-9.176776|-8.773914|-7.4563007|-11.118505|-9.241204|-14.05824|-11.391157|-10.639735|-9.233866|-10.958404|-11.888052,-13.998869,7
13_bed_affirmative,Luke bought a bed and it was delivered the next day.,affirmative,it,Luke|##bought|##a|##bed|##and|##it|##was|##delivered|##the|##next|##day|.|<|endoftext|>,-10.384163|-12.549091|-8.614353|-8.70121|-7.7494416|-9.801234|-9.457736|-8.259014|-8.3558235|-9.305405|-11.259551|-10.1011095|-11.237599,-9.801234,5
13_bed_affirmative,Luke bought a bed and he also got a new dresser.,affirmative,subj,Luke|##bought|##a|##bed|##and|##he|##also|##got|##a|##new|##dress|er|.|<|endoftext|>,-10.384163|-12.549091|-8.614353|-8.70121|-7.7494416|-9.316993|-8.093309|-10.233069|-8.632244|-8.101185|-10.236225|-13.422565|-10.227896|-11.477905,-9.316993,5
13_bed_negated,Luke didn't buy a bed and it was delivered the next day.,negated,it,Luke|##didn|'t|##buy|##a|##bed|##and|##it|##was|##delivered|##the|##next|##day|.|<|endoftext|>,-10.384163|-11.629629|-11.433211|-11.405976|-9.735382|-9.061795|-8.121623|-10.088912|-9.523558|-8.395468|-9.168123|-9.324304|-11.483501|-10.034346|-11.218851,-10.088912,7
13_bed_negated,Luke didn't buy a bed and he also refused to get a new dresser.,negated,subj,Luke|##didn|'t|##buy|##a|##bed|##and|##he|##also|##refused|##to|##get|##a|##new|##dress|er|.|<|endoftext|>,-10.384163|-11.629623|-11.433211|-11.405976|-9.735382|-9.061794|-8.121624|-9.436839|-8.565326|-14.57156|-8.828753|-10.941648|-9.346366|-9.175802|-8.102923|-13.457144|-10.497555|-11.588372,-9.436839,7
13_bed_know,I know that Luke bought a bed. It was delivered the next day.,know,it,I|##know|##that|##Luke|##bought|##a|##bed|.|##It|##was|##delivered|##the|##next|##day|.|<|endoftext|>,-8.608882|-11.01769|-5.189838|-8.437305|-12.464372|-8.701948|-8.474213|-10.416431|-13.6096945|-9.750279|-8.760519|-8.785264|-9.979779|-11.810896|-10.275448|-11.35716,-13.6096945,8
13_bed_know,I know that Luke bought a bed. He also got a new dresser.,know,subj,I|##know|##that|##Luke|##bought|##a|##bed|.|##He|##also|##got|##a|##new|##dress|er|.|<|endoftext|>,-8.608882|-11.017689|-5.1898394|-8.4373045|-12.464373|-8.701948|-8.474214|-10.41643|-12.949168|-7.74787|-10.682377|-8.821869|-8.076662|-9.873441|-13.669395|-10.644287|-11.627214,-12.949168,8
13_bed_doubt,I doubt that Luke bought a bed. It was delivered the next day.,doubt,it,I|##doubt|##that|##Luke|##bought|##a|##bed|.|##It|##was|##delivered|##the|##next|##day|.|<|endoftext|>,-8.608882|-11.764902|-4.9677625|-8.3028145|-12.211995|-8.950531|-9.009874|-10.339755|-13.907977|-9.714741|-7.6713123|-8.297722|-9.67251|-11.419775|-9.859211|-11.224809,-13.907977,8
13_bed_doubt,I doubt that Luke bought a bed. He didn't get a mattress either.,doubt,subj,I|##doubt|##that|##Luke|##bought|##a|##bed|.|##He|##didn|'t|##get|##a|##mattress|##either|.|<|endoftext|>,-8.608882|-11.764904|-4.967763|-8.302815|-12.211994|-8.950531|-9.009872|-10.339755|-13.346935|-16.094992|-10.688918|-11.662369|-9.302372|-10.009195|-8.292069|-10.478136|-11.550367,-13.346935,8
13_bed_modal,Luke wants to buy a bed and it is delivered the next day.,modal,it,Luke|##wants|##to|##buy|##a|##bed|##and|##it|##is|##delivered|##the|##next|##day|.|<|endoftext|>,-10.384163|-9.631729|-8.489131|-11.132335|-8.663891|-8.745554|-7.398123|-9.515896|-9.211159|-7.9231453|-7.8524084|-8.934847|-11.163683|-9.822388|-11.273981,-9.515896,7
13_bed_modal,Luke wants to buy a bed and he also wants to get a dresser.,modal,subj,Luke|##wants|##to|##buy|##a|##bed|##and|##he|##also|##wants|##to|##get|##a|##dress|er|.|<|endoftext|>,-10.384163|-9.631728|-8.489131|-11.132334|-8.663892|-8.745554|-7.398122|-9.606434|-7.91449|-12.973764|-8.927283|-10.510572|-8.887749|-8.004484|-13.171171|-9.819101|-11.5141735,-9.606434,7
13_bed_managed,Luke managed to buy a bed. It was delivered the next day.,managed,it,Luke|##managed|##to|##buy|##a|##bed|.|##It|##was|##delivered|##the|##next|##day|.|<|endoftext|>,-10.384163|-7.7551374|-8.600612|-10.744196|-8.630127|-8.753875|-10.188116|-14.30316|-9.699076|-8.590055|-9.003518|-9.626696|-11.764192|-10.29939|-11.40556,-14.30316,7
13_bed_managed,Luke managed to buy a bed. He also got a new dresser.,managed,subj,Luke|##managed|##to|##buy|##a|##bed|.|##He|##also|##got|##a|##new|##dress|er|.|<|endoftext|>,-10.384163|-7.7551374|-8.600612|-10.744196|-8.630127|-8.753875|-10.188116|-13.207521|-7.774375|-11.212357|-9.009937|-8.066135|-9.587872|-14.020177|-10.554995|-11.620266,-13.207521,7
13_bed_failed,Luke failed to buy a bed. It was delivered the next day.,failed,it,Luke|##failed|##to|##buy|##a|##bed|.|##It|##was|##delivered|##the|##next|##day|.|<|endoftext|>,-10.384163|-12.1930065|-9.317403|-10.148918|-9.195234|-9.084967|-10.305122|-13.93753|-9.281135|-8.790822|-9.028095|-9.461861|-11.351694|-10.276268|-11.210396,-13.93753,7
13_bed_failed,Luke failed to buy a bed. He didn't get a mattress either.,failed,subj,Luke|##failed|##to|##buy|##a|##bed|.|##He|##didn|'t|##get|##a|##mattress|##either|.|<|endoftext|>,-10.384163|-12.1930065|-9.317403|-10.148918|-9.195234|-9.084967|-10.305122|-12.825914|-16.511024|-11.676122|-11.012344|-9.831927|-9.560476|-8.618036|-11.023372|-11.546096,-12.825914,7
14_gin_affirmative,Dan drank a gin tonic and it was very strong.,affirmative,it,Dan|##drank|##a|##gin|##ton|ic|##and|##it|##was|##very|##strong|.|<|endoftext|>,-9.60264|-10.861749|-9.264318|-8.526067|-12.101526|-13.566352|-7.3342285|-10.198288|-9.320256|-3.9547148|-10.186766|-10.354955|-11.523309,-10.198288,7
14_gin_affirmative,Dan drank a gin tonic and he regretted it the next morning.,affirmative,subj,Dan|##drank|##a|##gin|##ton|ic|##and|##he|##regretted|##it|##the|##next|##morning|.|<|endoftext|>,-9.60264|-10.861749|-9.264318|-8.526067|-12.101526|-13.566352|-7.3342285|-8.827324|-15.075296|-8.653568|-9.462233|-9.273977|-10.545536|-10.157157|-11.358591,-8.827324,7
14_gin_negated,Dan didn't drink a gin tonic and it was very strong.,negated,it,Dan|##didn|'t|##drink|##a|##gin|##ton|ic|##and|##it|##was|##very|##strong|.|<|endoftext|>,-9.60264|-11.04464|-11.198195|-8.795073|-11.741291|-8.751588|-8.895908|-14.345107|-7.595805|-9.915705|-9.544056|-4.863909|-10.559208|-10.006109|-11.310642,-9.915705,9
14_gin_negated,Dan didn't drink a gin tonic and he left before everyone else was drunk.,negated,subj,Dan|##didn|'t|##drink|##a|##gin|##ton|ic|##and|##he|##left|##before|##everyone|##else|##was|##drunk|.|<|endoftext|>,-9.60264|-11.0446415|-11.1981945|-8.795073|-11.741291|-8.751587|-8.895901|-14.345108|-7.595806|-9.466641|-9.771355|-9.573425|-11.9384985|-7.7641354|-9.985787|-10.510959|-9.853317|-11.355074,-9.466641,9
14_gin_know,I know that Dan drank a gin tonic. It was very strong.,know,it,I|##know|##that|##Dan|##drank|##a|##gin|##ton|ic|.|##It|##was|##very|##strong|.|<|endoftext|>,-8.608882|-11.01769|-5.189838|-6.2069407|-11.37612|-9.461113|-8.206573|-10.778187|-13.857327|-10.469201|-13.316876|-9.404769|-4.845771|-10.243928|-10.810005|-11.646497,-13.316876,10
14_gin_know,I know that Dan drank a gin tonic. He regretted it in the morning.,know,subj,I|##know|##that|##Dan|##drank|##a|##gin|##ton|ic|.|##He|##regretted|##it|##in|##the|##morning|.|<|endoftext|>,-8.608882|-11.017689|-5.1898394|-6.206941|-11.37612|-9.461111|-8.206574|-10.778192|-13.8573265|-10.469201|-12.666052|-15.366395|-8.73245|-8.817389|-9.680714|-10.300194|-10.5647|-11.547586,-12.666052,10
14_gin_doubt,I doubt that Dan drank a gin tonic. It was very strong.,doubt,it,I|##doubt|##that|##Dan|##drank|##a|##gin|##ton|ic|.|##It|##was|##very|##strong|.|<|endoftext|>,-8.608882|-11.764902|-4.9677625|-5.869295|-11.544473|-10.376737|-8.076792|-10.521284|-14.613308|-10.230502|-13.541124|-9.16076|-5.702688|-9.408176|-10.130985|-11.406143,-13.541124,10
14_gin_doubt,I doubt that Dan drank a gin tonic. He didn't get any other drinks either.,doubt,subj,I|##doubt|##that|##Dan|##drank|##a|##gin|##ton|ic|.|##He|##didn|'t|##get|##any|##other|##drinks|##either|.|<|endoftext|>,-8.608882|-11.764904|-4.967763|-5.869296|-11.544473|-10.376736|-8.076792|-10.521284|-14.61331|-10.230503|-13.215138|-16.286171|-11.33169|-11.414619|-8.794669|-8.308277|-10.369219|-8.746563|-10.090077|-11.403063,-13.215138,10
14_gin_modal,Dan wants to drink a gin tonic and it is very strong.,modal,it,Dan|##wants|##to|##drink|##a|##gin|##ton|ic|##and|##it|##is|##very|##strong|.|<|endoftext|>,-9.60264|-11.264189|-8.691477|-8.952194|-9.327238|-7.7672715|-12.384059|-13.462294|-7.4165034|-9.485238|-8.600482|-4.2772756|-9.656612|-10.364397|-11.4683075,-9.485238,9
14_gin_modal,Dan wants to drink a gin tonic and he cannot wait for dry January to be over.,modal,subj,Dan|##wants|##to|##drink|##a|##gin|##ton|ic|##and|##he|##cannot|##wait|##for|##dry|##January|##to|##be|##over|.|<|endoftext|>,-9.60264|-11.264191|-8.691477|-8.952192|-9.327238|-7.767275|-12.384057|-13.462292|-7.416505|-9.039108|-12.159976|-10.353891|-9.791085|-7.376834|-10.808756|-9.281187|-10.56757|-9.9071865|-10.211241|-11.403374,-9.039108,9
14_gin_managed,Dan managed to mix a gin tonic. It was very strong.,managed,it,Dan|##managed|##to|##mix|##a|##gin|##ton|ic|.|##It|##was|##very|##strong|.|<|endoftext|>,-9.60264|-12.787729|-8.55063|-11.274924|-8.654781|-8.222872|-12.165871|-13.718314|-10.079119|-13.781539|-9.195414|-5.1163645|-10.486387|-10.435104|-11.557784,-13.781539,9
14_gin_managed,Dan managed to mix a gin tonic. He served it with a cucumber.,managed,subj,Dan|##managed|##to|##mix|##a|##gin|##ton|ic|.|##He|##served|##it|##with|##a|##cuc|umber|.|<|endoftext|>,-9.60264|-12.787729|-8.55063|-11.274923|-8.654779|-8.222873|-12.165865|-13.718314|-10.079119|-12.060143|-11.17108|-9.11783|-9.070339|-8.93081|-16.365694|-15.569594|-10.396647|-11.602102,-12.060143,9
14_gin_failed,Dan failed to mix a gin tonic. It was very strong.,failed,it,Dan|##failed|##to|##mix|##a|##gin|##ton|ic|.|##It|##was|##very|##strong|.|<|endoftext|>,-9.60264|-11.544592|-9.544828|-10.799423|-8.894266|-8.851386|-12.517449|-14.156624|-9.814773|-13.567421|-9.020493|-4.949683|-10.207515|-10.013544|-11.358881,-13.567421,9
14_gin_failed,Dan failed to mix a gin tonic. He hadn't bought any tonic water.,failed,subj,Dan|##failed|##to|##mix|##a|##gin|##ton|ic|.|##He|##hadn|'t|##bought|##any|##ton|ic|##water|.|<|endoftext|>,-9.60264|-11.54459|-9.5448265|-10.799425|-8.894266|-8.851384|-12.517456|-14.156626|-9.814774|-11.9197235|-19.255249|-13.810095|-12.083817|-8.369914|-14.28878|-13.0164385|-10.526802|-10.907008|-11.539504,-11.9197235,9
15_bone_affirmative,David discovered a bone on his archeological expedition and it likely belonged to an extinct bird species.,affirmative,it,David|##discovered|##a|##bone|##on|##his|##arche|ological|##expedition|##and|##it|##likely|##belonged|##to|##an|##extinct|##bird|##species|.|<|endoftext|>,-12.429511|-12.672924|-8.956768|-5.3242664|-10.119175|-10.430196|-13.196998|-15.585288|-7.1606894|-7.335636|-9.82229|-9.377794|-12.206132|-10.08854|-6.161046|-6.03671|-7.952526|-8.520823|-10.390795|-11.523055,-9.82229,10
15_bone_affirmative,David discovered a bone on his archeological expedition and he brought it back to the lab for an extensive analysis.,affirmative,subj,David|##discovered|##a|##bone|##on|##his|##arche|ological|##expedition|##and|##he|##brought|##it|##back|##to|##the|##lab|##for|##an|##extensive|##analysis|.|<|endoftext|>,-12.429508|-12.672923|-8.956766|-5.3242655|-10.119173|-10.430197|-13.196998|-15.58529|-7.16069|-7.3356366|-9.58859|-13.6014595|-9.458253|-6.5378246|-9.54369|-8.764286|-9.044962|-10.477973|-8.722376|-10.506149|-12.240116|-10.607229|-11.812756,-9.58859,10
15_bone_negated,David didn't discover a bone on this archeological expedition and it likely belonged to an extinct bird species.,negated,it,David|##didn|'t|##discover|##a|##bone|##on|##this|##arche|ological|##expedition|##and|##it|##likely|##belonged|##to|##an|##extinct|##bird|##species|.|<|endoftext|>,-12.429511|-9.085936|-11.485073|-14.224842|-9.500311|-5.004061|-10.125025|-9.97678|-12.855892|-15.919685|-10.364765|-7.552178|-9.638935|-8.5405|-13.365046|-10.126067|-5.7617083|-5.7637014|-8.275016|-8.310027|-10.507336|-11.364994,-9.638935,12
15_bone_negated,David didn't discover a bone on this archeological expedition and he also didn't find anything else worth analyzing.,negated,subj,David|##didn|'t|##discover|##a|##bone|##on|##this|##arche|ological|##expedition|##and|##he|##also|##didn|'t|##find|##anything|##else|##worth|##analyzing|.|<|endoftext|>,-12.429508|-9.0859375|-11.485074|-14.224841|-9.500311|-5.0040607|-10.125025|-9.97678|-12.855897|-15.919686|-10.364765|-7.5521784|-9.634962|-8.620226|-16.28219|-11.111555|-11.484546|-9.651029|-8.112934|-9.199373|-12.770017|-10.730175|-11.49518,-9.634962,12
15_bone_know,I know that David discovered a bone on his archeological expedition. It likely belonged to an extinct bird species.,know,it,I|##know|##that|##David|##discovered|##a|##bone|##on|##his|##arche|ological|##expedition|.|##It|##likely|##belonged|##to|##an|##extinct|##bird|##species|.|<|endoftext|>,-8.608881|-11.017691|-5.1898394|-7.648509|-12.664404|-8.999367|-5.337857|-9.754654|-9.907594|-13.217751|-15.051181|-7.78317|-10.66459|-14.0286045|-9.69815|-12.196574|-10.189211|-6.011014|-5.9405475|-8.081622|-8.756205|-10.709822|-11.647446,-14.0286045,13
15_bone_know,I know that David discovered a bone on his archeological expedition. He brought it back to the lab for an extensive analysis.,know,subj,I|##know|##that|##David|##discovered|##a|##bone|##on|##his|##arche|ological|##expedition|.|##He|##brought|##it|##back|##to|##the|##lab|##for|##an|##extensive|##analysis|.|<|endoftext|>,-8.608881|-11.017691|-5.1898394|-7.648509|-12.664404|-8.999367|-5.337857|-9.754654|-9.907594|-13.217751|-15.051181|-7.78317|-10.66459|-13.443086|-13.03893|-9.575592|-6.159544|-9.686015|-8.886006|-9.19249|-10.196795|-8.703391|-10.207026|-11.86212|-10.993786|-11.962921,-13.443086,13
15_bone_doubt,I doubt that David discovered a bone on his archeological expedition. It likely belonged to an extinct bird species.,doubt,it,I|##doubt|##that|##David|##discovered|##a|##bone|##on|##his|##arche|ological|##expedition|.|##It|##likely|##belonged|##to|##an|##extinct|##bird|##species|.|<|endoftext|>,-8.608881|-11.764903|-4.967763|-7.743746|-12.865194|-9.09583|-5.6934147|-9.762071|-9.829838|-13.251341|-15.09966|-8.920259|-10.681101|-13.659555|-8.655081|-12.81505|-10.07557|-5.5675116|-5.6788373|-8.251036|-8.61911|-10.496245|-11.490635,-13.659555,13
15_bone_doubt,I doubt that David discovered a bone on his archeological expedition. He also didn't find anything else worth analyzing.,doubt,subj,I|##doubt|##that|##David|##discovered|##a|##bone|##on|##his|##arche|ological|##expedition|.|##He|##also|##didn|'t|##find|##anything|##else|##worth|##analyzing|.|<|endoftext|>,-8.608881|-11.764903|-4.967763|-7.743746|-12.865194|-9.09583|-5.6934147|-9.762071|-9.829838|-13.251341|-15.09966|-8.920259|-10.681101|-13.598665|-7.417985|-16.110073|-11.517909|-11.680608|-9.8707485|-8.600155|-9.307708|-12.993705|-10.659117|-11.57423,-13.598665,13
15_bone_modal,David wants to discover a bone on his archeological expedition and it likely belongs to an extinct bird.,modal,it,David|##wants|##to|##discover|##a|##bone|##on|##his|##arche|ological|##expedition|##and|##it|##likely|##belongs|##to|##an|##extinct|##bird|.|<|endoftext|>,-12.429511|-11.202803|-8.460174|-12.97297|-9.466341|-5.536831|-10.391968|-10.131418|-13.239142|-15.423704|-8.504034|-7.271202|-9.449143|-9.869662|-13.858988|-9.712222|-6.4353304|-6.179161|-8.231931|-10.558693|-11.473017,-9.449143,12
15_bone_modal,David wants to discover a bone on his archeological expedition and he is prepared to spend a long time at the excavation site.,modal,subj,David|##wants|##to|##discover|##a|##bone|##on|##his|##arche|ological|##expedition|##and|##he|##is|##prepared|##to|##spend|##a|##long|##time|##at|##the|##excavation|##site|.|<|endoftext|>,-12.429508|-11.202805|-8.460173|-12.972969|-9.466341|-5.536831|-10.391968|-10.13142|-13.239139|-15.423704|-8.504032|-7.2712026|-9.52323|-10.052552|-12.599737|-8.492534|-11.834369|-9.6523075|-6.8688517|-9.952206|-10.227003|-8.061674|-9.93722|-10.561748|-10.636492|-11.528454,-9.52323,12
15_bone_managed,David managed to discover a bone on his archeological expedition. It likely belonged to an extinct bird species.,managed,it,David|##managed|##to|##discover|##a|##bone|##on|##his|##arche|ological|##expedition|.|##It|##likely|##belonged|##to|##an|##extinct|##bird|##species|.|<|endoftext|>,-12.429511|-12.4452095|-8.530605|-14.232124|-9.078227|-5.0702033|-9.905998|-10.196604|-13.1247835|-15.196372|-7.0087495|-10.81761|-14.287444|-9.89952|-11.584597|-10.228316|-5.98988|-6.084714|-8.136765|-8.736614|-10.370633|-11.580009,-14.287444,12
15_bone_managed,David managed to discover a bone on his archeological expedition. He brought it back to the lab for an extensive analysis.,managed,subj,David|##managed|##to|##discover|##a|##bone|##on|##his|##arche|ological|##expedition|.|##He|##brought|##it|##back|##to|##the|##lab|##for|##an|##extensive|##analysis|.|<|endoftext|>,-12.429508|-12.445204|-8.530605|-14.232121|-9.078226|-5.070203|-9.906|-10.196604|-13.124782|-15.196371|-7.008751|-10.817612|-13.211027|-13.57216|-9.711147|-6.51208|-9.835219|-8.531345|-9.216898|-10.805209|-8.290904|-10.42218|-12.683|-10.788745|-11.857,-13.211027,12
15_bone_failed,David failed to discover a bone on his archeological expedition. It likely belonged to an extinct bird species.,failed,it,David|##failed|##to|##discover|##a|##bone|##on|##his|##arche|ological|##expedition|.|##It|##likely|##belonged|##to|##an|##extinct|##bird|##species|.|<|endoftext|>,-12.429511|-9.819948|-9.61395|-13.916559|-9.315299|-5.1384635|-9.795193|-10.083131|-13.426127|-14.958344|-7.695463|-10.209576|-14.093643|-8.725048|-13.471422|-10.052456|-5.629846|-5.5419884|-8.134345|-8.756706|-10.179346|-11.404692,-14.093643,12
15_bone_failed,David failed to discover a bone on his archeological expedition. He also didn't find anything else worth analyzing.,failed,subj,David|##failed|##to|##discover|##a|##bone|##on|##his|##arche|ological|##expedition|.|##He|##also|##didn|'t|##find|##anything|##else|##worth|##analyzing|.|<|endoftext|>,-12.429508|-9.819947|-9.61395|-13.916554|-9.315298|-5.13846|-9.79519|-10.08313|-13.426126|-14.958345|-7.695462|-10.209576|-13.050785|-7.8834605|-16.210691|-12.336791|-11.743088|-9.858145|-8.686716|-8.751779|-13.028164|-10.566441|-11.485149,-13.050785,12
16_house_affirmative,Lisa built a house and it is the most beautiful building I have ever seen.,affirmative,it,Lisa|##built|##a|##house|##and|##it|##is|##the|##most|##beautiful|##building|##I|##have|##ever|##seen|.|<|endoftext|>,-11.945089|-11.793186|-9.04824|-8.939934|-6.9047112|-10.021812|-8.910963|-8.799837|-9.25704|-7.6048026|-9.733708|-10.763406|-9.970872|-7.719462|-10.4463005|-10.422711|-11.613715,-10.021812,5
16_house_affirmative,Lisa built a house and she made sure that every room gets a lot of sunlight.,affirmative,subj,Lisa|##built|##a|##house|##and|##she|##made|##sure|##that|##every|##room|##gets|##a|##lot|##of|##sunlight|.|<|endoftext|>,-11.945089|-11.793186|-9.04824|-8.939934|-6.9047112|-9.280341|-10.822537|-10.474688|-5.4952846|-9.829213|-11.65536|-12.511013|-9.213133|-14.116236|-10.040394|-13.129692|-10.716197|-11.693562,-9.280341,5
16_house_negated,Lisa didn't build a house and it is the most beautiful building I have ever seen.,negated,it,Lisa|##didn|'t|##build|##a|##house|##and|##it|##is|##the|##most|##beautiful|##building|##I|##have|##ever|##seen|.|<|endoftext|>,-11.945089|-16.135122|-11.819744|-12.633965|-9.559906|-10.272442|-7.619048|-9.655893|-9.259956|-8.520043|-8.819314|-7.5109625|-8.9675865|-11.104566|-10.367355|-8.10592|-10.140281|-10.435656|-11.540735,-9.655893,7
16_house_negated,Lisa didn't build a house and she lied about several other things as well.,negated,subj,Lisa|##didn|'t|##build|##a|##house|##and|##she|##lied|##about|##several|##other|##things|##as|##well|.|<|endoftext|>,-11.945089|-16.135122|-11.819744|-12.633965|-9.559906|-10.272442|-7.619048|-10.185764|-12.814531|-9.120538|-11.333896|-8.628244|-11.499124|-10.294762|-11.66207|-10.636726|-11.510338,-10.185764,7
16_house_know,I know that Lisa built a house. It is the most beautiful building I have ever seen.,know,it,I|##know|##that|##Lisa|##built|##a|##house|.|##It|##is|##the|##most|##beautiful|##building|##I|##have|##ever|##seen|.|<|endoftext|>,-8.608882|-11.017689|-5.1898394|-7.34121|-11.686939|-9.21044|-9.832487|-10.73834|-13.770306|-9.042757|-8.802592|-9.529513|-8.1725025|-10.485952|-10.814852|-11.251308|-8.040323|-10.848435|-10.992119|-11.850697,-13.770306,8
16_house_know,I know that Lisa built a house. She made sure that every room gets a lot of sunlight.,know,subj,I|##know|##that|##Lisa|##built|##a|##house|.|##She|##made|##sure|##that|##every|##room|##gets|##a|##lot|##of|##sunlight|.|<|endoftext|>,-8.608882|-11.017689|-5.1898394|-7.34121|-11.686939|-9.21044|-9.832487|-10.73834|-13.274372|-11.000581|-10.7808275|-5.4514008|-10.047293|-11.585062|-12.491789|-9.498087|-14.67673|-10.008701|-13.508868|-11.578936|-11.865564,-13.274372,8
16_house_doubt,I doubt that Lisa built a house. It is the most beautiful building I have ever seen.,doubt,it,I|##doubt|##that|##Lisa|##built|##a|##house|.|##It|##is|##the|##most|##beautiful|##building|##I|##have|##ever|##seen|.|<|endoftext|>,-8.608882|-11.764904|-4.967763|-6.411525|-11.9254|-9.271971|-9.511005|-10.577213|-13.839773|-9.3701|-8.264321|-8.218133|-8.383855|-9.634206|-11.043621|-10.796709|-8.360293|-10.132037|-10.707239|-11.630981,-13.839773,8
16_house_doubt,I doubt that Lisa built a house. She lied about several other things as well.,doubt,subj,I|##doubt|##that|##Lisa|##built|##a|##house|.|##She|##lied|##about|##several|##other|##things|##as|##well|.|<|endoftext|>,-8.608882|-11.764904|-4.967763|-6.411525|-11.9254|-9.271971|-9.511005|-10.577213|-14.000603|-13.411427|-8.821404|-11.546686|-8.9887085|-12.266706|-10.1481905|-11.787911|-10.809522|-11.514786,-14.000603,8
16_house_modal,Lisa wants to build a house and it is the most beautiful building I have ever seen.,modal,it,Lisa|##wants|##to|##build|##a|##house|##and|##it|##is|##the|##most|##beautiful|##building|##I|##have|##ever|##seen|.|<|endoftext|>,-11.945089|-11.326257|-8.718096|-12.353615|-8.720917|-9.986642|-7.156972|-9.296299|-9.091797|-8.456886|-9.097591|-7.041124|-8.4827585|-10.848757|-10.3215|-8.001017|-9.937407|-10.446498|-11.6373825,-9.296299,7
16_house_modal,Lisa wants to build a house and she already bought a plot of land.,modal,subj,Lisa|##wants|##to|##build|##a|##house|##and|##she|##already|##bought|##a|##plot|##of|##land|.|<|endoftext|>,-11.945089|-11.326254|-8.718094|-12.353613|-8.720917|-9.986642|-7.156971|-9.894878|-9.076432|-12.034289|-9.21396|-10.822044|-11.954624|-10.441971|-10.506248|-11.82925,-9.894878,7
16_house_managed,Lisa managed to build a house. It is the most beautiful building I have ever seen.,managed,it,Lisa|##managed|##to|##build|##a|##house|.|##It|##is|##the|##most|##beautiful|##building|##I|##have|##ever|##seen|.|<|endoftext|>,-11.945089|-10.737751|-8.720442|-12.260758|-8.6858425|-9.030846|-10.817274|-14.232983|-9.05672|-9.018294|-8.470869|-8.726027|-9.615585|-10.934795|-10.385821|-8.06118|-10.364555|-10.860386|-11.8111515,-14.232983,7
16_house_managed,Lisa managed to build a house. She made sure that every room gets a lot of sunlight.,managed,subj,Lisa|##managed|##to|##build|##a|##house|.|##She|##made|##sure|##that|##every|##room|##gets|##a|##lot|##of|##sunlight|.|<|endoftext|>,-11.945089|-10.737751|-8.720442|-12.260758|-8.6858425|-9.030846|-10.817274|-13.302955|-10.63198|-10.745554|-6.6106396|-9.964376|-11.161348|-12.96192|-9.451105|-14.038618|-9.885856|-13.191484|-11.533653|-11.93823,-13.302955,7
16_house_failed,Lisa failed to build a house. It is the most beautiful building I have ever seen.,failed,it,Lisa|##failed|##to|##build|##a|##house|.|##It|##is|##the|##most|##beautiful|##building|##I|##have|##ever|##seen|.|<|endoftext|>,-11.945089|-12.488648|-9.673588|-11.86672|-9.080099|-8.519935|-10.670379|-13.986272|-9.248306|-8.770122|-8.566331|-7.854784|-8.960324|-10.939678|-10.302015|-8.156084|-9.618467|-10.72706|-11.589225,-13.986272,7
16_house_failed,Lisa failed to build a house. She lied about several other things as well.,failed,subj,Lisa|##failed|##to|##build|##a|##house|.|##She|##lied|##about|##several|##other|##things|##as|##well|.|<|endoftext|>,-11.945089|-12.488648|-9.673588|-11.86672|-9.080099|-8.519935|-10.670379|-13.484082|-14.048282|-9.370171|-11.344386|-8.946915|-12.180427|-10.119693|-12.723484|-10.979522|-11.630109,-13.484082,7
