id,sentence,type,pronoun,tokens,log_probs
1_dog_affirmative,John owns a dog and it follows him everywhere he goes.,affirmative,it,John|##owns|##a|##dog|##and|##it|##follows|##him|##everywhere|##he|##goes|.|<|endoftext|>,-9.936901|-11.739591|-8.96608|-6.690789|-7.211219|-9.767153|-13.184687|-12.032925|-7.8918633|-13.866285|-13.076684|-10.003746|-12.661596
1_dog_affirmative,John owns a dog and he is thinking about getting another one.,affirmative,subj,John|##owns|##a|##dog|##and|##he|##is|##thinking|##about|##getting|##another|##one|.|<|endoftext|>,-9.936901|-11.739591|-8.96608|-6.690789|-7.211219|-9.073124|-9.458994|-11.057011|-9.126566|-12.2287245|-9.433673|-7.8477626|-9.8058195|-12.55759
1_dog_negated,John doesn't own a dog and it follows him everywhere he goes.,negated,it,John|##doesn|'t|##own|##a|##dog|##and|##it|##follows|##him|##everywhere|##he|##goes|.|<|endoftext|>,-9.936901|-14.55265|-10.976232|-10.365697|-10.135317|-8.872596|-7.5632944|-10.067516|-12.908991|-12.0699835|-8.40093|-13.906826|-12.890248|-10.10027|-12.676279
1_dog_negated,John doesn't own a dog and he isn't planning on getting one.,negated,subj,John|##doesn|'t|##own|##a|##dog|##and|##he|##isn|'t|##planning|##on|##getting|##one|.|<|endoftext|>,-9.936901|-14.55265|-10.976232|-10.365697|-10.135317|-8.872596|-7.5632944|-9.877395|-16.299675|-14.884771|-14.677224|-9.82328|-15.090472|-6.644963|-10.789598|-12.603656
1_dog_know,I know that John owns a dog. It follows him everywhere he goes.,know,it,I|##know|##that|##John|##owns|##a|##dog|.|##It|##follows|##him|##everywhere|##he|##goes|.|<|endoftext|>,-8.253019|-10.449958|-5.3576446|-5.881067|-12.439188|-9.027312|-6.991816|-9.893427|-14.309315|-12.1204605|-12.201897|-8.306322|-13.466791|-13.815646|-10.229637|-12.642473
1_dog_know,I know that John owns a dog. He is thinking about getting another one.,know,subj,I|##know|##that|##John|##owns|##a|##dog|.|##He|##is|##thinking|##about|##getting|##another|##one|.|<|endoftext|>,-8.253019|-10.449959|-5.357644|-5.881066|-12.439187|-9.027311|-6.9918175|-9.893427|-12.289905|-9.585945|-10.697334|-8.901058|-12.245904|-9.704479|-8.004976|-9.940222|-12.555649
1_dog_doubt,I doubt that John owns a dog. It follows him everywhere he goes.,doubt,it,I|##doubt|##that|##John|##owns|##a|##dog|.|##It|##follows|##him|##everywhere|##he|##goes|.|<|endoftext|>,-8.253019|-11.769141|-5.176221|-6.030809|-12.904417|-9.444735|-7.2522316|-9.959278|-14.291573|-11.675659|-11.722837|-8.453834|-12.902298|-13.288361|-9.99185|-12.671932
1_dog_doubt,I doubt that John owns a dog. He doesn't own any other pets either.,doubt,subj,I|##doubt|##that|##John|##owns|##a|##dog|.|##He|##doesn|'t|##own|##any|##other|##pets|##either|.|<|endoftext|>,-8.253019|-11.769141|-5.1762214|-6.030808|-12.904415|-9.444735|-7.2522306|-9.959278|-13.3629055|-15.800518|-12.048282|-10.42533|-8.823802|-8.41936|-15.042557|-8.134617|-10.082638|-12.60519
1_dog_modal,John wants to own a dog and it follows him everywhere he goes.,modal,it,John|##wants|##to|##own|##a|##dog|##and|##it|##follows|##him|##everywhere|##he|##goes|.|<|endoftext|>,-9.936901|-12.492069|-8.514175|-10.297271|-8.991724|-6.652793|-7.4040747|-9.5728855|-12.851264|-11.05134|-7.981052|-13.803431|-12.567391|-10.193159|-12.728877
1_dog_modal,John wants to own a dog and he cannot wait to move to a building that allows pets.,modal,subj,John|##wants|##to|##own|##a|##dog|##and|##he|##cannot|##wait|##to|##move|##to|##a|##building|##that|##allows|##pets|.|<|endoftext|>,-9.936901|-12.49207|-8.514177|-10.297271|-8.991724|-6.6527925|-7.4040747|-9.682766|-11.7193575|-10.982658|-8.89805|-12.161508|-8.240824|-9.780653|-8.248822|-8.553084|-12.831233|-12.552693|-10.376274|-12.675558
1_dog_managed,John managed to adopt a dog. It follows him everywhere he goes.,managed,it,John|##managed|##to|##adopt|##a|##dog|.|##It|##follows|##him|##everywhere|##he|##goes|.|<|endoftext|>,-9.936901|-12.574855|-8.678687|-12.483589|-9.120843|-6.6246367|-10.238564|-14.24565|-10.993347|-11.470664|-8.47489|-12.99441|-13.135419|-10.47303|-12.520904
1_dog_managed,John managed to adopt a dog. He only needed permission from his landlord.,managed,subj,John|##managed|##to|##adopt|##a|##dog|.|##He|##only|##needed|##permission|##from|##his|##landlord|.|<|endoftext|>,-9.936901|-12.574855|-8.678687|-12.483589|-9.120843|-6.6246367|-10.238564|-12.947383|-8.455929|-12.086008|-9.517611|-10.655478|-9.348785|-11.4054985|-10.452528|-12.619638
1_dog_failed,John failed to adopt a dog. It follows him everywhere he goes.,failed,it,John|##failed|##to|##adopt|##a|##dog|.|##It|##follows|##him|##everywhere|##he|##goes|.|<|endoftext|>,-9.936901|-10.041578|-8.874502|-10.933692|-9.348467|-6.9614787|-10.073094|-13.987225|-11.0860615|-11.0461|-9.075156|-12.364748|-12.886585|-10.407485|-12.496939
1_dog_failed,John failed to adopt a dog. He doesn't have a big enough apartment.,failed,subj,John|##failed|##to|##adopt|##a|##dog|.|##He|##doesn|'t|##have|##a|##big|##enough|##apartment|.|<|endoftext|>,-9.936901|-10.041577|-8.874502|-10.93369|-9.348468|-6.96148|-10.073093|-13.094626|-15.482042|-12.518904|-11.679787|-10.238083|-7.5561085|-8.679841|-8.989401|-11.026295|-12.472684
2_car_affirmative,Lucy has a car and it has a self-driving mode.,affirmative,it,Lu|cy|##has|##a|##car|##and|##it|##has|##a|##self|-|driving|##mode|.|<|endoftext|>,-5.915699|-9.342089|-9.28652|-8.726172|-9.059269|-7.4187765|-9.90865|-9.558988|-8.7091675|-10.17701|-8.894576|-13.789257|-7.380179|-10.786709|-12.574355
2_car_affirmative,Lucy has a car and she loves to go on roadtrips.,affirmative,subj,Lu|cy|##has|##a|##car|##and|##she|##loves|##to|##go|##on|##road|tri|ps|.|<|endoftext|>,-5.915699|-9.342089|-9.28652|-8.726172|-9.059269|-7.4187765|-9.550274|-13.226852|-9.545556|-7.846287|-7.545784|-11.848276|-20.272352|-17.293118|-10.595501|-12.530148
2_car_negated,Lucy doesn't have a car and it has a self-driving mode.,negated,it,Lu|cy|##doesn|'t|##have|##a|##car|##and|##it|##has|##a|##self|-|driving|##mode|.|<|endoftext|>,-5.915699|-9.342089|-14.984311|-11.229253|-11.654607|-9.71587|-8.889434|-7.3614335|-10.381563|-10.599644|-8.530207|-9.911591|-9.327183|-13.817836|-7.5259333|-10.738188|-12.530185
2_car_negated,Lucy doesn't have a car and she only buys second-hand clothes.,negated,subj,Lu|cy|##doesn|'t|##have|##a|##car|##and|##she|##only|##buys|##second|-|hand|##clothes|.|<|endoftext|>,-5.915699|-9.342089|-14.984311|-11.229253|-11.654607|-9.71587|-8.889434|-7.3614335|-9.943673|-9.0595665|-11.725526|-11.870924|-11.648676|-14.055126|-11.59543|-11.031437|-12.515925
2_car_know,I know that Lucy has a car. It has a self-driving mode.,know,it,I|##know|##that|##Lucy|##has|##a|##car|.|##It|##has|##a|##self|-|driving|##mode|.|<|endoftext|>,-8.253019|-10.449959|-5.357644|-8.587569|-9.3413925|-8.759329|-8.549622|-10.185318|-14.532501|-9.600636|-8.569636|-11.150754|-7.9621973|-13.8763895|-7.529676|-10.9360485|-12.54155
2_car_know,I know that Lucy has a car. She loves to go on roadtrips.,know,subj,I|##know|##that|##Lucy|##has|##a|##car|.|##She|##loves|##to|##go|##on|##road|tri|ps|.|<|endoftext|>,-8.253019|-10.449959|-5.357644|-8.587569|-9.3413925|-8.759329|-8.549622|-10.185318|-13.235563|-13.797105|-9.558816|-7.7669215|-7.5575266|-12.0838375|-20.284296|-18.176588|-10.681157|-12.51189
2_car_doubt,I doubt that Lucy has a car. It has a self-driving mode.,doubt,it,I|##doubt|##that|##Lucy|##has|##a|##car|.|##It|##has|##a|##self|-|driving|##mode|.|<|endoftext|>,-8.253019|-11.769141|-5.1762214|-8.645184|-9.732581|-9.379075|-7.7695026|-10.320227|-14.513499|-10.211004|-8.594282|-10.620194|-8.960011|-13.598688|-7.073456|-10.778662|-12.479566
2_car_doubt,I doubt that Lucy has a car. She also only buys second-hand clothes.,doubt,subj,I|##doubt|##that|##Lucy|##has|##a|##car|.|##She|##also|##only|##buys|##second|-|hand|##clothes|.|<|endoftext|>,-8.253019|-11.769141|-5.1762214|-8.645184|-9.732581|-9.379075|-7.7695026|-10.320227|-13.428711|-8.205297|-8.765446|-11.770936|-11.774644|-11.409727|-14.0847025|-12.192187|-10.522869|-12.472924
2_car_modal,Lucy wants to have a car and it has a self-driving mode.,modal,it,Lu|cy|##wants|##to|##have|##a|##car|##and|##it|##has|##a|##self|-|driving|##mode|.|<|endoftext|>,-5.915699|-9.342089|-12.879184|-8.440869|-11.354424|-9.161964|-8.99211|-7.4414115|-9.628274|-10.415438|-8.54942|-10.141849|-8.948152|-13.796451|-8.252157|-10.93704|-12.56695
2_car_modal,Lucy wants to have a car and she also wants to get a motorcycle.,modal,subj,Lu|cy|##wants|##to|##have|##a|##car|##and|##she|##also|##wants|##to|##get|##a|##motorcycle|.|<|endoftext|>,-5.915699|-9.342089|-12.879184|-8.440869|-11.354424|-9.161964|-8.99211|-7.4414115|-9.95189|-8.933241|-12.85685|-8.50007|-10.483843|-9.394794|-9.404905|-10.615149|-12.532165
2_car_managed,Lucy managed to rent a car. It has a self-driving mode.,managed,it,Lu|cy|##managed|##to|##rent|##a|##car|.|##It|##has|##a|##self|-|driving|##mode|.|<|endoftext|>,-5.915699|-9.342089|-12.265763|-8.648788|-10.3612585|-8.612697|-9.059093|-10.66019|-14.633414|-9.81027|-8.50377|-11.722322|-8.463736|-13.303557|-8.181206|-10.76693|-12.603994
2_car_managed,Lucy managed to rent a car. She found a place that was open late.,managed,subj,Lu|cy|##managed|##to|##rent|##a|##car|.|##She|##found|##a|##place|##that|##was|##open|##late|.|<|endoftext|>,-5.915699|-9.342089|-12.265763|-8.648788|-10.3612585|-8.612697|-9.059093|-10.66019|-13.7342825|-12.000823|-8.925699|-11.746517|-8.769232|-10.083584|-9.542781|-7.077531|-10.804022|-12.631472
2_car_failed,Lucy failed to rent a car. It has a self-driving mode.,failed,it,Lu|cy|##failed|##to|##rent|##a|##car|.|##It|##has|##a|##self|-|driving|##mode|.|<|endoftext|>,-5.915699|-9.342089|-10.238704|-9.264382|-10.018408|-9.2876|-9.475359|-10.319683|-14.56502|-10.6165905|-8.401603|-11.429136|-9.178256|-13.237765|-8.234533|-10.637704|-12.650417
2_car_failed,Lucy failed to rent a car. She couldn't find a place that was open late.,failed,subj,Lu|cy|##failed|##to|##rent|##a|##car|.|##She|##couldn|'t|##find|##a|##place|##that|##was|##open|##late|.|<|endoftext|>,-5.915699|-9.342089|-10.238704|-9.264382|-10.018408|-9.2876|-9.475359|-10.319683|-13.778315|-15.547715|-10.241616|-11.664963|-10.206064|-12.444778|-8.865597|-9.970527|-9.7255|-8.028768|-11.135115|-12.545439
3_bear_affirmative,Carol saw a bear at the zoo and it was taller than she expected.,affirmative,it,Car|ol|##saw|##a|##bear|##at|##the|##zoo|##and|##it|##was|##taller|##than|##she|##expected|.|<|endoftext|>,-7.517218|-10.431097|-11.911658|-9.682954|-7.444815|-8.581024|-9.047111|-9.249393|-7.2752414|-9.699646|-9.637072|-12.617563|-11.423998|-10.344028|-12.621583|-10.31394|-12.616789
3_bear_affirmative,Carol saw a bear at the zoo and she took amazing pictures of it.,affirmative,subj,Car|ol|##saw|##a|##bear|##at|##the|##zoo|##and|##she|##took|##amazing|##pictures|##of|##it|.|<|endoftext|>,-7.517218|-10.431097|-11.911658|-9.682954|-7.444815|-8.581024|-9.047111|-9.249393|-7.2752414|-9.309973|-12.204585|-8.962101|-10.84335|-11.0611925|-9.043007|-10.000579|-12.646698
3_bear_negated,Carol didn't see a bear at the zoo and it was taller than she expected.,negated,it,Car|ol|##didn|'t|##see|##a|##bear|##at|##the|##zoo|##and|##it|##was|##taller|##than|##she|##expected|.|<|endoftext|>,-7.517218|-10.431097|-14.309561|-11.371733|-11.103055|-10.333094|-7.755953|-9.155974|-9.29299|-10.735463|-7.6003494|-9.880871|-9.0711975|-12.527401|-11.367177|-10.760174|-12.457348|-10.470035|-12.622111
3_bear_negated,Carol didn't see a bear at the zoo and she went home disappointed.,negated,subj,Car|ol|##didn|'t|##see|##a|##bear|##at|##the|##zoo|##and|##she|##went|##home|##disappointed|.|<|endoftext|>,-7.517218|-10.431097|-14.309561|-11.371733|-11.103055|-10.333094|-7.755953|-9.155974|-9.29299|-10.735463|-7.6003494|-9.503236|-13.161505|-8.235588|-12.661605|-10.629673|-12.678267
3_bear_know,I know that Carol saw a bear at the zoo. It was taller than she expected.,know,it,I|##know|##that|##Carol|##saw|##a|##bear|##at|##the|##zoo|.|##It|##was|##taller|##than|##she|##expected|.|<|endoftext|>,-8.253019|-10.449959|-5.357644|-9.863473|-11.907536|-9.500104|-7.268918|-8.173066|-9.015538|-10.54265|-10.083952|-13.961325|-9.546061|-12.5866585|-11.247704|-11.194409|-13.521333|-10.598655|-12.568557
3_bear_know,I know that Carol saw a bear at the zoo. She took amazing pictures of it.,know,subj,I|##know|##that|##Carol|##saw|##a|##bear|##at|##the|##zoo|.|##She|##took|##amazing|##pictures|##of|##it|.|<|endoftext|>,-8.253019|-10.449959|-5.357644|-9.863473|-11.907536|-9.500104|-7.268918|-8.173066|-9.015538|-10.54265|-10.083952|-12.846611|-12.236144|-9.058646|-11.190023|-10.774061|-8.868725|-10.222816|-12.586592
3_bear_doubt,I doubt that Carol saw a bear at the zoo. It was taller than she expected.,doubt,it,I|##doubt|##that|##Carol|##saw|##a|##bear|##at|##the|##zoo|.|##It|##was|##taller|##than|##she|##expected|.|<|endoftext|>,-8.253019|-11.769141|-5.1762214|-9.279825|-12.345337|-9.99346|-7.8207693|-8.980294|-9.227928|-10.4321995|-10.236401|-14.272434|-9.915685|-11.927265|-11.063748|-11.2866955|-13.096347|-10.7106905|-12.646369
3_bear_doubt,I doubt that Carol saw a bear at the zoo. She didn't get to see any other big animals either.,doubt,subj,I|##doubt|##that|##Carol|##saw|##a|##bear|##at|##the|##zoo|.|##She|##didn|'t|##get|##to|##see|##any|##other|##big|##animals|##either|.|<|endoftext|>,-8.253019|-11.769141|-5.1762214|-9.279825|-12.345337|-9.99346|-7.8207693|-8.980294|-9.227928|-10.4321995|-10.236401|-13.226042|-14.682707|-12.3836975|-11.303953|-8.599859|-10.110238|-8.774644|-8.163982|-7.501595|-10.735892|-8.800484|-10.424234|-12.549099
3_bear_modal,Carol wants to see a bear at the zoo and it is taller than she expected.,modal,it,Car|ol|##wants|##to|##see|##a|##bear|##at|##the|##zoo|##and|##it|##is|##taller|##than|##she|##expected|.|<|endoftext|>,-7.517218|-10.431097|-13.218645|-8.627608|-10.940519|-9.046086|-7.3345523|-8.372889|-9.3680935|-10.393983|-7.288764|-9.156624|-8.839304|-11.785918|-10.759668|-10.124467|-12.518563|-9.896109|-12.6353445
3_bear_modal,Carol wants to see a bear at the zoo and she does not stop talking about it.,modal,subj,Car|ol|##wants|##to|##see|##a|##bear|##at|##the|##zoo|##and|##she|##does|##not|##stop|##talking|##about|##it|.|<|endoftext|>,-7.517218|-10.431097|-13.218645|-8.627608|-10.940519|-9.046086|-7.3345523|-8.372889|-9.3680935|-10.393983|-7.288764|-10.061217|-13.184813|-8.481763|-10.486662|-10.271731|-9.197466|-9.623697|-9.889514|-12.649154
3_bear_managed,Carol managed to see a bear at the zoo. It was taller than she expected.,managed,it,Car|ol|##managed|##to|##see|##a|##bear|##at|##the|##zoo|.|##It|##was|##taller|##than|##she|##expected|.|<|endoftext|>,-7.517218|-10.431097|-12.459079|-8.622764|-10.044099|-9.501553|-7.270518|-8.006298|-8.777246|-9.205708|-10.089021|-13.829756|-9.1129465|-12.655419|-11.228408|-11.438894|-12.334651|-10.824214|-12.54995
3_bear_managed,Carol managed to see a bear at the zoo. She took amazing pictures of it.,managed,subj,Car|ol|##managed|##to|##see|##a|##bear|##at|##the|##zoo|.|##She|##took|##amazing|##pictures|##of|##it|.|<|endoftext|>,-7.517218|-10.431097|-12.459079|-8.622764|-10.044099|-9.501553|-7.270518|-8.006298|-8.777246|-9.205708|-10.089021|-12.687616|-12.261844|-9.183821|-11.398318|-10.754695|-9.231073|-10.029514|-12.586384
3_bear_failed,Carol failed to see a bear at the zoo. It was taller than she expected.,failed,it,Car|ol|##failed|##to|##see|##a|##bear|##at|##the|##zoo|.|##It|##was|##taller|##than|##she|##expected|.|<|endoftext|>,-7.517218|-10.431097|-10.026301|-9.276487|-10.457516|-10.223777|-7.541703|-8.890465|-8.896811|-9.317611|-9.817765|-13.8123045|-9.037611|-12.377542|-11.000207|-11.251638|-12.7375145|-10.733431|-12.612573
3_bear_failed,Carol failed to see a bear at the zoo. She didn't get to see any other big animals either.,failed,subj,Car|ol|##failed|##to|##see|##a|##bear|##at|##the|##zoo|.|##She|##didn|'t|##get|##to|##see|##any|##other|##big|##animals|##either|.|<|endoftext|>,-7.517218|-10.431097|-10.026301|-9.276487|-10.457516|-10.223777|-7.541703|-8.890465|-8.896811|-9.317611|-9.817765|-12.976053|-14.579017|-12.291581|-11.071132|-8.524509|-10.4262295|-9.639653|-8.500511|-8.193795|-10.719566|-8.777061|-10.386972|-12.533863
4_book_affirmative,Susan published a book and it is a real page-turner.,affirmative,it,Susan|##published|##a|##book|##and|##it|##is|##a|##real|##page|-|turn|er|.|<|endoftext|>,-13.138726|-9.113344|-9.105878|-8.836121|-7.865804|-10.430431|-9.51021|-8.8046055|-7.6662726|-12.400946|-14.073086|-21.893976|-13.459438|-9.725474|-12.455497
4_book_affirmative,Susan published a book and she is going on tour later this year.,affirmative,subj,Susan|##published|##a|##book|##and|##she|##is|##going|##on|##tour|##later|##this|##year|.|<|endoftext|>,-13.138726|-9.113344|-9.105878|-8.836121|-7.865804|-9.050768|-9.504028|-13.095397|-6.5700417|-9.986978|-9.954565|-13.30765|-12.460167|-9.868915|-12.351059
4_book_negated,Susan didn't publish a book and it is a real page-turner.,negated,it,Susan|##didn|'t|##publish|##a|##book|##and|##it|##is|##a|##real|##page|-|turn|er|.|<|endoftext|>,-13.138726|-13.815824|-11.614626|-13.406666|-10.468625|-8.305965|-7.7077527|-10.417877|-8.958199|-9.558655|-10.266817|-10.998959|-12.281351|-21.43032|-13.06951|-9.707031|-12.476531
4_book_negated,Susan didn't publish a book and she doesn't intend to do so in the near future.,negated,subj,Susan|##didn|'t|##publish|##a|##book|##and|##she|##doesn|'t|##intend|##to|##do|##so|##in|##the|##near|##future|.|<|endoftext|>,-13.138726|-13.815824|-11.614626|-13.406666|-10.468625|-8.305965|-7.7077527|-9.705883|-15.622673|-11.762724|-16.603647|-6.910735|-11.936165|-7.3067794|-9.951548|-10.4834385|-9.760195|-15.205747|-10.791262|-12.565475
4_book_know,I know that Susan published a book. It is a real page-turner.,know,it,I|##know|##that|##Susan|##published|##a|##book|.|##It|##is|##a|##real|##page|-|turn|er|.|<|endoftext|>,-8.253019|-10.449959|-5.357644|-6.86383|-9.826468|-9.425858|-8.668552|-10.082175|-14.239598|-9.763651|-8.854877|-8.016603|-11.163064|-12.409077|-20.942204|-13.670385|-9.945475|-12.47653
4_book_know,I know that Susan published a book. She is going on tour later this year.,know,subj,I|##know|##that|##Susan|##published|##a|##book|.|##She|##is|##going|##on|##tour|##later|##this|##year|.|<|endoftext|>,-8.253019|-10.449959|-5.357644|-6.86383|-9.826468|-9.425858|-8.668552|-10.082175|-13.652189|-9.797913|-13.385094|-6.4943395|-10.043594|-9.870419|-13.458982|-12.752326|-10.250858|-12.406069
4_book_doubt,I doubt that Susan published a book. It is a real page-turner.,doubt,it,I|##doubt|##that|##Susan|##published|##a|##book|.|##It|##is|##a|##real|##page|-|turn|er|.|<|endoftext|>,-8.253019|-11.769141|-5.1762214|-6.627121|-10.20949|-9.87361|-8.458778|-10.293004|-13.9804|-9.283537|-9.083973|-9.274866|-10.418064|-11.714878|-21.033115|-12.827762|-9.596308|-12.524481
4_book_doubt,I doubt that Susan published a book. She also hasn't written any good articles lately.,doubt,subj,I|##doubt|##that|##Susan|##published|##a|##book|.|##She|##also|##hasn|'t|##written|##any|##good|##articles|##lately|.|<|endoftext|>,-8.253019|-11.769141|-5.1762214|-6.627121|-10.20949|-9.87361|-8.458778|-10.293004|-13.607513|-8.120957|-17.38605|-15.2089615|-10.655481|-8.30459|-8.682615|-12.112845|-9.63814|-9.886696|-12.529184
4_book_modal,Susan wants to publish a book and it is a real page-turner.,modal,it,Susan|##wants|##to|##publish|##a|##book|##and|##it|##is|##a|##real|##page|-|turn|er|.|<|endoftext|>,-13.138726|-12.399619|-8.479561|-13.04635|-10.017933|-9.30435|-7.378447|-9.923578|-9.192329|-8.911783|-8.010161|-10.847895|-12.810154|-21.17089|-12.871905|-10.170035|-12.548841
4_book_modal,Susan wants to publish a book and she committed to writing at least 2 pages a day.,modal,subj,Susan|##wants|##to|##publish|##a|##book|##and|##she|##committed|##to|##writing|##at|##least|##2|##pages|##a|##day|.|<|endoftext|>,-13.138726|-12.399619|-8.479561|-13.04635|-10.017933|-9.30435|-7.378447|-10.381794|-11.120528|-7.4672174|-10.668897|-8.330842|-14.222289|-9.918744|-11.549216|-12.767426|-10.417713|-10.205436|-12.612293
4_book_managed,Susan managed to write a book. It is a real page-turner.,managed,it,Susan|##managed|##to|##write|##a|##book|.|##It|##is|##a|##real|##page|-|turn|er|.|<|endoftext|>,-13.138726|-12.089241|-8.764681|-12.271681|-8.698162|-8.4618845|-10.574294|-14.236297|-9.792374|-8.706123|-7.942405|-11.740471|-14.468387|-21.259117|-13.603422|-10.161768|-12.452966
4_book_managed,Susan managed to write a book. She is going on tour later this year.,managed,subj,Susan|##managed|##to|##write|##a|##book|.|##She|##is|##going|##on|##tour|##later|##this|##year|.|<|endoftext|>,-13.138726|-12.089241|-8.764681|-12.271681|-8.698162|-8.4618845|-10.574294|-13.706353|-9.44462|-13.601693|-7.15592|-9.62899|-10.366451|-13.357893|-12.740814|-10.098711|-12.386851
4_book_failed,Susan failed to write a book. It is a real page-turner.,failed,it,Susan|##failed|##to|##write|##a|##book|.|##It|##is|##a|##real|##page|-|turn|er|.|<|endoftext|>,-13.138726|-9.14715|-9.071262|-12.005272|-9.79154|-7.541416|-10.337441|-14.212595|-8.9432|-9.366936|-9.856092|-10.004071|-11.653671|-21.001226|-13.123215|-9.3867855|-12.334691
4_book_failed,Susan failed to write a book. She also hasn't written any good articles lately.,failed,subj,Susan|##failed|##to|##write|##a|##book|.|##She|##also|##hasn|'t|##written|##any|##good|##articles|##lately|.|<|endoftext|>,-13.138726|-9.14715|-9.071262|-12.005272|-9.79154|-7.541416|-10.337441|-13.727615|-8.339258|-17.59812|-15.479368|-10.648274|-8.462721|-8.1982565|-11.937571|-9.763654|-10.139334|-12.317302
5_shirt_affirmative,Mary found a shirt at the store and it looks amazing on her.,affirmative,it,Mary|##found|##a|##shirt|##at|##the|##store|##and|##it|##looks|##amazing|##on|##her|.|<|endoftext|>,-9.069285|-10.063805|-9.319231|-8.088966|-9.27755|-9.104721|-8.021875|-7.671521|-10.376131|-12.656824|-11.346214|-9.698672|-8.751448|-9.867707|-12.512133
5_shirt_affirmative,Mary found a shirt at the store and she wore it at the wedding.,affirmative,subj,Mary|##found|##a|##shirt|##at|##the|##store|##and|##she|##wore|##it|##at|##the|##wedding|.|<|endoftext|>,-9.069285|-10.063805|-9.319231|-8.088966|-9.27755|-9.104721|-8.021875|-7.671521|-9.015825|-15.910263|-8.839911|-10.176613|-9.530893|-9.07798|-9.902451|-12.507245
5_shirt_negated,Mary didn't find a shirt at the store and it looks amazing on her.,negated,it,Mary|##didn|'t|##find|##a|##shirt|##at|##the|##store|##and|##it|##looks|##amazing|##on|##her|.|<|endoftext|>,-9.069285|-11.043017|-11.449337|-11.793634|-9.956462|-8.770803|-8.979155|-9.019964|-9.277853|-7.6833177|-10.40015|-12.238985|-11.806167|-9.876871|-9.192117|-9.841381|-12.542728
5_shirt_negated,Mary didn't find a shirt at the store and she had to wear a t-shirt instead.,negated,subj,Mary|##didn|'t|##find|##a|##shirt|##at|##the|##store|##and|##she|##had|##to|##wear|##a|##t|-|shirt|##instead|.|<|endoftext|>,-9.069285|-11.043017|-11.449337|-11.793634|-9.956462|-8.770803|-8.979155|-9.019964|-9.277853|-7.6833177|-9.583319|-6.3437243|-9.20972|-10.861953|-8.120903|-12.477855|-12.344055|-14.059198|-7.8652697|-10.17905|-12.639777
5_shirt_know,I know that Mary found a shirt at the store. It looks amazing on her.,know,it,I|##know|##that|##Mary|##found|##a|##shirt|##at|##the|##store|.|##It|##looks|##amazing|##on|##her|.|<|endoftext|>,-8.253019|-10.449959|-5.357644|-6.3934774|-10.6132|-8.934271|-8.86279|-8.920454|-9.059272|-8.713801|-10.265569|-14.1197815|-13.416411|-11.819363|-9.875919|-9.78116|-10.2288885|-12.561373
5_shirt_know,I know that Mary found a shirt at the store. She wore it at the wedding.,know,subj,I|##know|##that|##Mary|##found|##a|##shirt|##at|##the|##store|.|##She|##wore|##it|##at|##the|##wedding|.|<|endoftext|>,-8.253019|-10.449959|-5.357644|-6.3934774|-10.6132|-8.934271|-8.86279|-8.920454|-9.059272|-8.713801|-10.265569|-12.91592|-14.472306|-8.415667|-9.433727|-9.39686|-9.3533535|-10.452412|-12.637891
5_shirt_doubt,I doubt that Mary found a shirt at the store. It looks amazing on her.,doubt,it,I|##doubt|##that|##Mary|##found|##a|##shirt|##at|##the|##store|.|##It|##looks|##amazing|##on|##her|.|<|endoftext|>,-8.253019|-11.769141|-5.1762214|-6.032134|-10.492983|-9.407153|-8.507583|-8.716796|-9.0300865|-9.226252|-10.401015|-14.238426|-12.626767|-11.920457|-9.520811|-9.598437|-10.049982|-12.556338
5_shirt_doubt,I doubt that Mary found a shirt at the store. She didn't manage to get any other nice clothes either.,doubt,subj,I|##doubt|##that|##Mary|##found|##a|##shirt|##at|##the|##store|.|##She|##didn|'t|##manage|##to|##get|##any|##other|##nice|##clothes|##either|.|<|endoftext|>,-8.253019|-11.769141|-5.1762214|-6.032134|-10.492983|-9.407153|-8.507583|-8.716796|-9.0300865|-9.226252|-10.401015|-13.041723|-14.838079|-12.02774|-13.806846|-8.916418|-10.934889|-7.418336|-8.313982|-8.520406|-11.4693165|-8.387085|-10.5966|-12.430942
5_shirt_modal,Mary wants to find a shirt at the store and it looks amazing on her.,modal,it,Mary|##wants|##to|##find|##a|##shirt|##at|##the|##store|##and|##it|##looks|##amazing|##on|##her|.|<|endoftext|>,-9.069285|-12.184751|-8.581942|-11.741823|-9.521562|-8.969076|-8.47809|-8.548965|-8.655863|-7.4520187|-9.468271|-13.046319|-12.209293|-9.949941|-8.688671|-10.17077|-12.589883
5_shirt_modal,Mary wants to find a shirt at the store and she checked that the store is open on Sundays. ,modal,subj,Mary|##wants|##to|##find|##a|##shirt|##at|##the|##store|##and|##she|##checked|##that|##the|##store|##is|##open|##on|##Sundays|.|<|endoftext|>,-9.069285|-12.184751|-8.581942|-11.741823|-9.521562|-8.969076|-8.47809|-8.548965|-8.655863|-7.4520187|-9.538819|-13.239818|-6.0000105|-7.5731125|-7.6299186|-10.0043125|-9.940647|-8.796139|-13.264561|-10.2807865|-12.6387615
5_shirt_managed,Mary managed to find a shirt at the store. It looks amazing on her.,managed,it,Mary|##managed|##to|##find|##a|##shirt|##at|##the|##store|.|##It|##looks|##amazing|##on|##her|.|<|endoftext|>,-9.069285|-12.5345335|-8.815115|-11.590443|-9.354844|-8.625177|-9.0524025|-8.44065|-8.559377|-10.9752|-15.018724|-12.584829|-11.829086|-9.561328|-9.2443495|-10.676147|-12.567954
5_shirt_managed,Mary managed to find a shirt at the store. She wore it at the wedding.,managed,subj,Mary|##managed|##to|##find|##a|##shirt|##at|##the|##store|.|##She|##wore|##it|##at|##the|##wedding|.|<|endoftext|>,-9.069285|-12.5345335|-8.815115|-11.590443|-9.354844|-8.625177|-9.0524025|-8.44065|-8.559377|-10.9752|-13.606889|-14.940607|-9.013326|-10.185188|-9.389126|-9.420416|-10.653612|-12.597181
5_shirt_failed,Mary failed to find a shirt at the store. It looks amazing on her.,failed,it,Mary|##failed|##to|##find|##a|##shirt|##at|##the|##store|.|##It|##looks|##amazing|##on|##her|.|<|endoftext|>,-9.069285|-10.698534|-9.447514|-11.105876|-10.102009|-8.538641|-8.909303|-8.708209|-8.45229|-10.498387|-15.220226|-12.839867|-11.475183|-9.105946|-9.250483|-10.022356|-12.527439
5_shirt_failed,Mary failed to find a shirt at the store. She didn't manage to get any other nice clothes either.,failed,subj,Mary|##failed|##to|##find|##a|##shirt|##at|##the|##store|.|##She|##didn|'t|##manage|##to|##get|##any|##other|##nice|##clothes|##either|.|<|endoftext|>,-9.069285|-10.698534|-9.447514|-11.105876|-10.102009|-8.538641|-8.909303|-8.708209|-8.45229|-10.498387|-13.643931|-14.859205|-13.218294|-13.049311|-8.986134|-10.5456295|-7.9690447|-8.673697|-9.300056|-11.4384|-8.11213|-10.807914|-12.433056
6_rat_affirmative,Carla got a pet rat and it is very noisy at night.,affirmative,it,Car|la|##got|##a|##pet|##rat|##and|##it|##is|##very|##noisy|##at|##night|.|<|endoftext|>,-7.517218|-13.147968|-10.021383|-8.947157|-7.159068|-9.280907|-7.3542185|-9.37389|-9.367427|-4.997706|-12.364504|-9.609455|-9.9886675|-9.338858|-12.209858
6_rat_affirmative,Carla got a pet rat and she constantly posts photos of it.,affirmative,subj,Car|la|##got|##a|##pet|##rat|##and|##she|##constantly|##posts|##photos|##of|##it|.|<|endoftext|>,-7.517218|-13.147968|-10.021383|-8.947157|-7.159068|-9.280907|-7.3542185|-8.609263|-9.364321|-7.420537|-11.321948|-10.196992|-9.576508|-9.787216|-12.233835
6_rat_negated,Carla didn't get a pet rat and it is very noisy at night.,negated,it,Car|la|##didn|'t|##get|##a|##pet|##rat|##and|##it|##is|##very|##noisy|##at|##night|.|<|endoftext|>,-7.517218|-13.147968|-13.990723|-11.411978|-11.29241|-10.318871|-6.6950183|-8.735513|-7.5838437|-9.851637|-8.802371|-5.3124304|-11.661576|-9.557122|-10.081215|-9.473008|-12.358848
6_rat_negated,Carla didn't get a pet rat and she is already regretting her decision.,negated,subj,Car|la|##didn|'t|##get|##a|##pet|##rat|##and|##she|##is|##already|##regret|ting|##her|##decision|.|<|endoftext|>,-7.517218|-13.147968|-13.990723|-11.411978|-11.29241|-10.318871|-6.6950183|-8.735513|-7.5838437|-9.518562|-9.778882|-8.3657055|-14.675423|-13.312656|-10.510922|-11.948984|-9.951889|-12.319852
6_rat_know,I know that Carla got a pet rat. It is very noisy at night.,know,it,I|##know|##that|##Car|la|##got|##a|##pet|##rat|.|##It|##is|##very|##noisy|##at|##night|.|<|endoftext|>,-8.253019|-10.449959|-5.357644|-11.290316|-14.459778|-9.821921|-9.171989|-7.3179765|-9.724885|-9.883356|-14.047115|-9.526197|-5.260668|-12.592648|-9.901544|-10.459588|-9.763478|-12.357168
6_rat_know,I know that Carla got a pet rat. She constantly posts photos of it.,know,subj,I|##know|##that|##Car|la|##got|##a|##pet|##rat|.|##She|##constantly|##posts|##photos|##of|##it|.|<|endoftext|>,-8.253019|-10.449959|-5.357644|-11.290316|-14.459778|-9.821921|-9.171989|-7.3179765|-9.724885|-9.883356|-13.015738|-9.867519|-7.750942|-11.4953|-9.994658|-9.701262|-9.929658|-12.446537
6_rat_doubt,I doubt that Carla got a pet rat. It is very noisy at night.,doubt,it,I|##doubt|##that|##Car|la|##got|##a|##pet|##rat|.|##It|##is|##very|##noisy|##at|##night|.|<|endoftext|>,-8.253019|-11.769141|-5.1762214|-12.096319|-15.373314|-10.668448|-9.537371|-7.1646624|-9.631179|-9.865493|-14.172392|-9.236553|-6.0409026|-11.584552|-9.360813|-10.584625|-9.5503845|-12.410402
6_rat_doubt,I doubt that Carla got a pet rat. She wasn't particularly impressed by the chinchillas either.,doubt,subj,I|##doubt|##that|##Car|la|##got|##a|##pet|##rat|.|##She|##wasn|'t|##particularly|##impressed|##by|##the|##ch|inch|illas|##either|.|<|endoftext|>,-8.253019|-11.769141|-5.1762214|-12.096319|-15.373314|-10.668448|-9.537371|-7.1646624|-9.631179|-9.865493|-13.195513|-16.848019|-15.326946|-7.329921|-15.274911|-10.232879|-8.509736|-11.955172|-10.554338|-16.901627|-8.664301|-10.250993|-12.524322
6_rat_modal,Carla wants to get a pet rat and it is very noisy at night.,modal,it,Car|la|##wants|##to|##get|##a|##pet|##rat|##and|##it|##is|##very|##noisy|##at|##night|.|<|endoftext|>,-7.517218|-13.147968|-12.987503|-8.374978|-10.593685|-8.886961|-6.555789|-9.435719|-7.1947064|-9.343723|-9.088174|-5.6539183|-11.856755|-9.517038|-9.949314|-9.761646|-12.40315
6_rat_modal,Carla wants to get a pet rat and she already bought a cage.,modal,subj,Car|la|##wants|##to|##get|##a|##pet|##rat|##and|##she|##already|##bought|##a|##cage|.|<|endoftext|>,-7.517218|-13.147968|-12.987505|-8.374978|-10.593685|-8.886961|-6.555788|-9.435721|-7.194707|-9.420668|-8.990186|-11.836001|-8.577278|-9.910994|-9.851445|-12.515356
6_rat_managed,Carla managed to get a pet rat. It is very noisy at night.,managed,it,Car|la|##managed|##to|##get|##a|##pet|##rat|.|##It|##is|##very|##noisy|##at|##night|.|<|endoftext|>,-7.517218|-13.147968|-12.802345|-8.411194|-10.8666725|-9.484879|-7.118026|-8.773688|-9.888662|-13.735082|-9.043713|-5.420925|-12.171103|-9.002806|-10.09635|-9.390744|-12.216995
6_rat_managed,Carla managed to get a pet rat. She found one at the store at the mall.,managed,subj,Car|la|##managed|##to|##get|##a|##pet|##rat|.|##She|##found|##one|##at|##the|##store|##at|##the|##mall|.|<|endoftext|>,-7.517218|-13.147968|-12.802345|-8.411194|-10.8666725|-9.484879|-7.118026|-8.773688|-9.888662|-12.808186|-11.648989|-7.3561535|-9.3657055|-8.485228|-8.626471|-9.276115|-8.500391|-6.898658|-10.122419|-12.604216
6_rat_failed,Carla failed to get a pet rat. It is very noisy at night.,failed,it,Car|la|##failed|##to|##get|##a|##pet|##rat|.|##It|##is|##very|##noisy|##at|##night|.|<|endoftext|>,-7.517218|-13.147968|-10.720897|-9.267832|-11.23635|-9.935138|-6.520278|-8.6658|-9.782021|-13.895834|-8.672712|-5.6548104|-11.481444|-9.466732|-10.140982|-9.45236|-12.269011
6_rat_failed,Carla failed to get a pet rat. She tried three different stores.,failed,subj,Car|la|##failed|##to|##get|##a|##pet|##rat|.|##She|##tried|##three|##different|##stores|.|<|endoftext|>,-7.517218|-13.147968|-10.720896|-9.267833|-11.236351|-9.935138|-6.520277|-8.6658|-9.7820215|-13.203889|-10.900293|-10.204751|-6.867773|-12.921612|-10.791861|-12.299425
7_beer_affirmative,Sam ordered a beer at the bar and it was warm.,affirmative,it,Sam|##ordered|##a|##beer|##at|##the|##bar|##and|##it|##was|##warm|.|<|endoftext|>,-9.976894|-11.407798|-8.80662|-8.299136|-8.426936|-8.909921|-8.916514|-7.4618874|-9.7922735|-9.159199|-8.138118|-10.559402|-12.5935335
7_beer_affirmative,Sam ordered a beer at the bar and he gave a very generous tip.,affirmative,subj,Sam|##ordered|##a|##beer|##at|##the|##bar|##and|##he|##gave|##a|##very|##generous|##tip|.|<|endoftext|>,-9.976894|-11.407798|-8.80662|-8.299136|-8.426936|-8.909921|-8.916514|-7.461887|-9.569679|-14.364069|-8.620451|-6.191067|-8.992456|-11.232667|-10.0956335|-12.626671
7_beer_negated,Sam didn't order a beer at the bar and it was warm.,negated,it,Sam|##didn|'t|##order|##a|##beer|##at|##the|##bar|##and|##it|##was|##warm|.|<|endoftext|>,-9.976894|-13.49169|-11.235799|-11.478717|-9.437058|-9.596244|-8.851814|-9.186355|-8.381731|-7.737931|-10.09794|-8.951378|-9.244271|-10.383196|-12.579132
7_beer_negated,Sam didn't order a beer at the bar and he also didn't do any drugs.,negated,subj,Sam|##didn|'t|##order|##a|##beer|##at|##the|##bar|##and|##he|##also|##didn|'t|##do|##any|##drugs|.|<|endoftext|>,-9.976894|-13.49169|-11.2358|-11.478716|-9.437058|-9.596244|-8.851813|-9.186354|-8.381731|-7.7379327|-9.766529|-9.258533|-14.644842|-12.337535|-10.58088|-9.874711|-11.369613|-10.549271|-12.562605
7_beer_know,I know that Sam ordered a beer at the bar. It was warm.,know,it,I|##know|##that|##Sam|##ordered|##a|##beer|##at|##the|##bar|.|##It|##was|##warm|.|<|endoftext|>,-8.253019|-10.449958|-5.3576446|-7.769296|-12.191225|-8.604821|-8.12849|-7.767472|-8.96351|-8.89105|-10.230495|-14.324393|-9.059785|-8.074539|-10.424992|-12.668886
7_beer_know,I know that Sam ordered a beer at the bar. He gave a very generous tip.,know,subj,I|##know|##that|##Sam|##ordered|##a|##beer|##at|##the|##bar|.|##He|##gave|##a|##very|##generous|##tip|.|<|endoftext|>,-8.253019|-10.449959|-5.357644|-7.7692966|-12.191226|-8.60482|-8.12849|-7.7674713|-8.96351|-8.891052|-10.2304945|-12.802552|-14.761354|-8.5979595|-6.5551224|-8.293002|-11.813699|-10.096692|-12.687808
7_beer_doubt,I doubt that Sam ordered a beer at the bar. It was warm.,doubt,it,I|##doubt|##that|##Sam|##ordered|##a|##beer|##at|##the|##bar|.|##It|##was|##warm|.|<|endoftext|>,-8.253019|-11.769141|-5.176221|-7.843871|-12.45553|-9.203273|-8.386581|-8.231295|-8.948408|-8.841459|-10.351047|-14.219823|-9.36644|-9.00888|-10.459095|-12.680306
7_beer_doubt,I doubt that Sam ordered a beer at the bar. He also couldn't get a drink with his fake ID anywhere else.,doubt,subj,I|##doubt|##that|##Sam|##ordered|##a|##beer|##at|##the|##bar|.|##He|##also|##couldn|'t|##get|##a|##drink|##with|##his|##fake|##ID|##anywhere|##else|.|<|endoftext|>,-8.253019|-11.769141|-5.1762214|-7.843873|-12.455532|-9.203273|-8.386581|-8.231295|-8.948408|-8.841459|-10.351046|-13.581652|-7.8819532|-15.3027|-9.959829|-10.172322|-9.76811|-9.58716|-10.183743|-9.280404|-8.365147|-8.667545|-7.7352667|-7.5209703|-10.3840065|-12.676329
7_beer_modal,Sam wants to order a beer at the bar and it is warm.,modal,it,Sam|##wants|##to|##order|##a|##beer|##at|##the|##bar|##and|##it|##is|##warm|.|<|endoftext|>,-9.976894|-11.866394|-8.285225|-10.3726635|-8.855502|-8.58887|-8.474239|-8.993822|-8.0564165|-7.290271|-9.653765|-9.050364|-9.2615795|-10.327171|-12.683763
7_beer_modal,Sam wants to order a beer at the bar and he also wants to get some fries.,modal,subj,Sam|##wants|##to|##order|##a|##beer|##at|##the|##bar|##and|##he|##also|##wants|##to|##get|##some|##fries|.|<|endoftext|>,-9.976894|-11.866394|-8.285225|-10.372664|-8.855502|-8.588869|-8.474239|-8.993821|-8.056416|-7.29027|-9.6300335|-9.394068|-13.520875|-8.75321|-10.125778|-8.113033|-9.03121|-10.633059|-12.689884
7_beer_managed,Sam managed to order a beer at the bar. It was warm.,managed,it,Sam|##managed|##to|##order|##a|##beer|##at|##the|##bar|.|##It|##was|##warm|.|<|endoftext|>,-9.976894|-12.111318|-8.670466|-10.113304|-8.756592|-9.182898|-7.995323|-8.93135|-8.869893|-10.70546|-15.136028|-9.173722|-7.729047|-11.029755|-12.618367
7_beer_managed,Sam managed to order a beer at the bar. He had to stand in line for ten minutes though.,managed,subj,Sam|##managed|##to|##order|##a|##beer|##at|##the|##bar|.|##He|##had|##to|##stand|##in|##line|##for|##ten|##minutes|##though|.|<|endoftext|>,-9.976894|-12.111318|-8.670466|-10.113302|-8.756592|-9.1828985|-7.995323|-8.931351|-8.869894|-10.705459|-13.501873|-5.307531|-8.78594|-11.993517|-8.756905|-11.255545|-8.559632|-9.7689495|-10.828735|-9.133514|-10.809003|-12.616937
7_beer_failed,Sam failed to order a beer at the bar. It was warm.,failed,it,Sam|##failed|##to|##order|##a|##beer|##at|##the|##bar|.|##It|##was|##warm|.|<|endoftext|>,-9.976894|-9.049542|-9.094009|-10.226727|-9.144041|-9.104689|-8.249037|-8.804643|-8.443995|-10.165556|-14.967142|-8.970336|-9.307148|-10.709861|-12.624289
7_beer_failed,Sam failed to order a beer at the bar. He also couldn't get a drink with his fake ID anywhere else.,failed,subj,Sam|##failed|##to|##order|##a|##beer|##at|##the|##bar|.|##He|##also|##couldn|'t|##get|##a|##drink|##with|##his|##fake|##ID|##anywhere|##else|.|<|endoftext|>,-9.976894|-9.049542|-9.094008|-10.226727|-9.144042|-9.104689|-8.249039|-8.804645|-8.443995|-10.165556|-13.377961|-8.309042|-15.365316|-9.51033|-9.637656|-9.567092|-9.484867|-10.345805|-8.982252|-9.344297|-9.1021|-7.8126106|-7.8633785|-10.595959|-12.611816
8_cake_affirmative,Michael baked a cake and it was the best thing at the picnic.,affirmative,it,Michael|##baked|##a|##cake|##and|##it|##was|##the|##best|##thing|##at|##the|##picnic|.|<|endoftext|>,-11.507156|-7.542633|-8.987278|-8.097986|-7.013119|-9.535082|-9.596138|-8.857572|-9.48127|-10.750898|-9.5282955|-9.947489|-8.9562845|-9.534616|-12.374852
8_cake_affirmative,Michael baked a cake and he also made a pie.,affirmative,subj,Michael|##baked|##a|##cake|##and|##he|##also|##made|##a|##pie|.|<|endoftext|>,-11.507156|-7.542633|-8.987278|-8.097986|-7.013119|-8.988035|-7.54215|-10.325328|-8.631286|-7.5331373|-9.69222|-12.42791
8_cake_negated,Michael didn't bake a cake and it was the best thing at the picnic.,negated,it,Michael|##didn|'t|##bake|##a|##cake|##and|##it|##was|##the|##best|##thing|##at|##the|##picnic|.|<|endoftext|>,-11.507156|-12.001573|-11.653963|-9.924419|-10.017623|-10.250679|-7.3744755|-10.147878|-9.389492|-8.653026|-8.966978|-9.636201|-9.653723|-10.001644|-9.089004|-9.838062|-12.460087
8_cake_negated,Michael didn't bake a cake and he also didn't bring anything else to the picnic.,negated,subj,Michael|##didn|'t|##bake|##a|##cake|##and|##he|##also|##didn|'t|##bring|##anything|##else|##to|##the|##picnic|.|<|endoftext|>,-11.507156|-12.001573|-11.653963|-9.924419|-10.017623|-10.250679|-7.3744755|-9.931201|-8.964993|-14.599479|-10.688476|-10.468338|-11.80065|-8.166674|-8.728754|-9.911303|-6.3205647|-10.500923|-12.495415
8_cake_know,I know that Michael baked a cake. It was the best thing at the picnic.,know,it,I|##know|##that|##Michael|##baked|##a|##cake|.|##It|##was|##the|##best|##thing|##at|##the|##picnic|.|<|endoftext|>,-8.253019|-10.449959|-5.357644|-5.9602075|-8.2144375|-8.961945|-8.566589|-9.552337|-14.250458|-9.295279|-8.188607|-9.263645|-10.893215|-9.629489|-9.756716|-9.153079|-9.916428|-12.572299
8_cake_know,I know that Michael baked a cake. He also made a pie.,know,subj,I|##know|##that|##Michael|##baked|##a|##cake|.|##He|##also|##made|##a|##pie|.|<|endoftext|>,-8.253019|-10.449958|-5.3576446|-5.960205|-8.214437|-8.961946|-8.566587|-9.552337|-12.813647|-7.1606045|-10.458336|-8.652765|-7.2756305|-9.793341|-12.5917225
8_cake_doubt,I doubt that Michael baked a cake. It was the best thing at the picnic.,doubt,it,I|##doubt|##that|##Michael|##baked|##a|##cake|.|##It|##was|##the|##best|##thing|##at|##the|##picnic|.|<|endoftext|>,-8.253019|-11.769141|-5.1762214|-6.1898823|-7.5396028|-9.33688|-9.226781|-9.900302|-14.185466|-9.500429|-8.6049|-8.800195|-10.939055|-9.513414|-9.734514|-9.073345|-9.887863|-12.627999
8_cake_doubt,I doubt that Michael baked a cake. He also didn't prepare anything else for the picnic.,doubt,subj,I|##doubt|##that|##Michael|##baked|##a|##cake|.|##He|##also|##didn|'t|##prepare|##anything|##else|##for|##the|##picnic|.|<|endoftext|>,-8.253019|-11.769141|-5.1762214|-6.1898823|-7.5396028|-9.33688|-9.226781|-9.900302|-13.150651|-7.890624|-14.981965|-11.771087|-12.664338|-10.313553|-8.13417|-8.548319|-9.212518|-6.2253227|-10.275002|-12.531953
8_cake_modal,Michael wants to bake a cake and it is the best thing at the picnic.,modal,it,Michael|##wants|##to|##bake|##a|##cake|##and|##it|##is|##the|##best|##thing|##at|##the|##picnic|.|<|endoftext|>,-11.507156|-12.848371|-8.522837|-9.445478|-9.773092|-8.731001|-6.994758|-9.52801|-9.142171|-8.28465|-8.783533|-9.366817|-9.328173|-9.586668|-7.6829667|-9.98236|-12.519412
8_cake_modal,Michael wants to bake a cake and he already chose a recipe.,modal,subj,Michael|##wants|##to|##bake|##a|##cake|##and|##he|##already|##chose|##a|##recipe|.|<|endoftext|>,-11.507156|-12.8483715|-8.522838|-9.445479|-9.773092|-8.731002|-6.9947577|-10.131035|-8.848842|-14.350832|-9.229631|-9.885683|-10.387704|-12.590129
8_cake_managed,Michael managed to bake a cake. It was the best thing at the picnic.,managed,it,Michael|##managed|##to|##bake|##a|##cake|.|##It|##was|##the|##best|##thing|##at|##the|##picnic|.|<|endoftext|>,-11.507156|-12.1085415|-8.794832|-11.638916|-8.942254|-9.214306|-9.977355|-14.411063|-9.369859|-8.623379|-9.374821|-10.580821|-9.853113|-9.8036175|-9.389836|-10.429476|-12.580209
8_cake_managed,Michael managed to bake a cake. He also made a pie.,managed,subj,Michael|##managed|##to|##bake|##a|##cake|.|##He|##also|##made|##a|##pie|.|<|endoftext|>,-11.507156|-12.1085415|-8.794832|-11.638916|-8.942254|-9.214306|-9.977356|-13.070528|-7.4958944|-10.4706135|-8.747828|-7.3998823|-10.186196|-12.589073
8_cake_failed,Michael failed to bake a cake. It was the best thing at the picnic.,failed,it,Michael|##failed|##to|##bake|##a|##cake|.|##It|##was|##the|##best|##thing|##at|##the|##picnic|.|<|endoftext|>,-11.507156|-9.058196|-8.941088|-9.429414|-9.418277|-9.245286|-9.5411415|-14.4928055|-9.052468|-8.576953|-8.548905|-10.289523|-9.62138|-9.541473|-9.269406|-10.028007|-12.496496
8_cake_failed,Michael failed to bake a cake. He also didn't prepare anything else for the picnic.,failed,subj,Michael|##failed|##to|##bake|##a|##cake|.|##He|##also|##didn|'t|##prepare|##anything|##else|##for|##the|##picnic|.|<|endoftext|>,-11.507156|-9.058196|-8.941088|-9.429414|-9.418277|-9.245286|-9.5411415|-12.947305|-7.820021|-14.6689625|-12.032219|-12.157302|-10.605511|-8.149889|-8.418301|-9.124424|-6.2635264|-10.191462|-12.398526
9_letter_affirmative,Carolyn wrote a letter to her parents and it arrived three days after she sent it.,affirmative,it,Car|olyn|##wrote|##a|##letter|##to|##her|##parents|##and|##it|##arrived|##three|##days|##after|##she|##sent|##it|.|<|endoftext|>,-7.517218|-14.190678|-12.685987|-9.283796|-8.485654|-9.065216|-8.998713|-11.813358|-7.6763935|-10.688549|-11.116187|-11.933438|-12.005574|-10.171713|-10.587004|-11.414734|-9.736989|-10.728439|-12.590936
9_letter_affirmative,Carolyn wrote a letter to her parents and she also gave them a call.,affirmative,subj,Car|olyn|##wrote|##a|##letter|##to|##her|##parents|##and|##she|##also|##gave|##them|##a|##call|.|<|endoftext|>,-7.517218|-14.190678|-12.685987|-9.283796|-8.485654|-9.065216|-8.998713|-11.813358|-7.6763935|-9.65536|-8.379195|-13.770527|-10.004222|-9.610119|-10.714138|-10.589592|-12.514005
9_letter_negated,Carolyn didn't write a letter to her parents and it arrived three days after she sent it.,negated,it,Car|olyn|##didn|'t|##write|##a|##letter|##to|##her|##parents|##and|##it|##arrived|##three|##days|##after|##she|##sent|##it|.|<|endoftext|>,-7.517218|-14.190678|-14.055526|-11.74687|-11.92383|-10.34622|-9.679918|-8.880579|-9.120558|-12.086176|-7.7351236|-10.208302|-12.01863|-11.592369|-11.71331|-10.409525|-10.420182|-11.502136|-9.858936|-10.685215|-12.522567
9_letter_negated,Carolyn didn't write a letter to her parents and she also didn't explain anything when she visited them last year.,negated,subj,Car|olyn|##didn|'t|##write|##a|##letter|##to|##her|##parents|##and|##she|##also|##didn|'t|##explain|##anything|##when|##she|##visited|##them|##last|##year|.|<|endoftext|>,-7.517218|-14.190678|-14.055526|-11.74687|-11.92383|-10.34622|-9.679918|-8.880579|-9.120558|-12.086176|-7.7351236|-10.137182|-9.515841|-14.404391|-12.379868|-11.957572|-10.336658|-8.856037|-9.775366|-12.705971|-10.795642|-8.331548|-12.433092|-10.8113|-12.447938
9_letter_know,I know that Carolyn wrote a letter to her parents. It arrived three days after she sent it.,know,it,I|##know|##that|##Carolyn|##wrote|##a|##letter|##to|##her|##parents|.|##It|##arrived|##three|##days|##after|##she|##sent|##it|.|<|endoftext|>,-8.253019|-10.449959|-5.357644|-9.821018|-12.94898|-9.254856|-8.87008|-8.777389|-8.770995|-11.142078|-10.654847|-14.262803|-11.656449|-11.2439575|-11.320532|-10.115623|-10.75926|-11.168948|-9.930214|-10.545653|-12.612416
9_letter_know,I know that Carolyn wrote a letter to her parents. She also gave them a call.,know,subj,I|##know|##that|##Carolyn|##wrote|##a|##letter|##to|##her|##parents|.|##She|##also|##gave|##them|##a|##call|.|<|endoftext|>,-8.253019|-10.449959|-5.357644|-9.821018|-12.94898|-9.254856|-8.87008|-8.777389|-8.770995|-11.142078|-10.654847|-13.550176|-7.8487844|-14.179224|-9.792701|-9.454466|-10.627527|-10.862566|-12.604909
9_letter_doubt,I doubt that Carolyn wrote a letter to her parents. It arrived three days after she sent it.,doubt,it,I|##doubt|##that|##Carolyn|##wrote|##a|##letter|##to|##her|##parents|.|##It|##arrived|##three|##days|##after|##she|##sent|##it|.|<|endoftext|>,-8.253019|-11.769141|-5.1762214|-9.520814|-12.721074|-9.709592|-9.478107|-8.715591|-9.28227|-11.51176|-10.65221|-14.177772|-11.434423|-10.962313|-11.058903|-10.334276|-10.43791|-11.0490465|-10.362513|-10.314842|-12.602923
9_letter_doubt,I doubt that Carolyn wrote a letter to her parents. She also didn't give them a call.,doubt,subj,I|##doubt|##that|##Carolyn|##wrote|##a|##letter|##to|##her|##parents|.|##She|##also|##didn|'t|##give|##them|##a|##call|.|<|endoftext|>,-8.253019|-11.769141|-5.1762214|-9.520814|-12.721074|-9.709592|-9.478107|-8.715591|-9.28227|-11.51176|-10.65221|-13.473966|-8.006778|-14.968355|-12.320167|-12.117361|-9.531551|-9.831451|-10.52719|-10.513997|-12.488129
9_letter_modal,Carolyn wants to write a letter to her parents and it arrives three days after she sends it.,modal,it,Car|olyn|##wants|##to|##write|##a|##letter|##to|##her|##parents|##and|##it|##arrives|##three|##days|##after|##she|##sends|##it|.|<|endoftext|>,-7.517218|-14.190678|-12.967413|-8.579991|-11.94393|-9.854683|-9.3540745|-8.564289|-8.726103|-11.717654|-7.845674|-9.930219|-13.550884|-11.077427|-12.071726|-9.880687|-9.747774|-14.64531|-9.488638|-10.274578|-12.627226
9_letter_modal,Carolyn wants to write a letter to her parents and she also plans to send them a gift.,modal,subj,Car|olyn|##wants|##to|##write|##a|##letter|##to|##her|##parents|##and|##she|##also|##plans|##to|##send|##them|##a|##gift|.|<|endoftext|>,-7.517218|-14.190678|-12.967413|-8.579991|-11.94393|-9.854683|-9.3540745|-8.564289|-8.726103|-11.717654|-7.845674|-9.7749|-9.1137295|-11.235878|-8.519176|-10.434887|-9.906751|-9.523006|-7.050427|-10.205297|-12.572488
9_letter_managed,Carolyn managed to write a letter to her parents. It arrived three days after she sent it.,managed,it,Car|olyn|##managed|##to|##write|##a|##letter|##to|##her|##parents|.|##It|##arrived|##three|##days|##after|##she|##sent|##it|.|<|endoftext|>,-7.517218|-14.190678|-12.397941|-8.801039|-12.127661|-8.805193|-8.67336|-8.964618|-8.847616|-11.790638|-11.01514|-14.434013|-11.704299|-11.614009|-11.408481|-10.116227|-10.305254|-11.435131|-10.212574|-10.875698|-12.669874
9_letter_managed,Carolyn managed to write a letter to her parents. She also gave them a call.,managed,subj,Car|olyn|##managed|##to|##write|##a|##letter|##to|##her|##parents|.|##She|##also|##gave|##them|##a|##call|.|<|endoftext|>,-7.517218|-14.190678|-12.397941|-8.801039|-12.127661|-8.805193|-8.67336|-8.964618|-8.847616|-11.790638|-11.01514|-14.095235|-8.510518|-13.687352|-10.479687|-9.2749605|-10.506596|-10.905133|-12.69173
9_letter_failed,Carolyn failed to write a letter to her parents. It arrived three days after she sent it.,failed,it,Car|olyn|##failed|##to|##write|##a|##letter|##to|##her|##parents|.|##It|##arrived|##three|##days|##after|##she|##sent|##it|.|<|endoftext|>,-7.517218|-14.190678|-10.78571|-9.220495|-11.792976|-9.742641|-9.120499|-8.9148245|-8.96176|-11.725414|-10.671306|-14.613501|-11.643663|-11.467547|-11.533634|-10.073149|-10.347176|-10.922106|-10.0683|-10.616668|-12.523532
9_letter_failed,Carolyn failed to write a letter to her parents. She also didn't give them a call.,failed,subj,Car|olyn|##failed|##to|##write|##a|##letter|##to|##her|##parents|.|##She|##also|##didn|'t|##give|##them|##a|##call|.|<|endoftext|>,-7.517218|-14.190678|-10.78571|-9.220495|-11.792976|-9.742641|-9.120499|-8.9148245|-8.96176|-11.725414|-10.671306|-14.083405|-8.44847|-14.762607|-12.964151|-12.389886|-9.910748|-9.980267|-10.334932|-10.699242|-12.4069805
10_hat_affirmative,Chris knitted a hat and it was very colorful.,affirmative,it,Chris|##kn|itted|##a|##hat|##and|##it|##was|##very|##colorful|.|<|endoftext|>,-11.102074|-12.449966|-15.7270775|-9.225353|-8.37453|-7.8866386|-9.535639|-9.537943|-4.5917134|-10.587461|-9.973205|-12.142619
10_hat_affirmative,Chris knitted a hat and he was very proud of it.,affirmative,subj,Chris|##kn|itted|##a|##hat|##and|##he|##was|##very|##proud|##of|##it|.|<|endoftext|>,-11.102074|-12.449966|-15.7270775|-9.225353|-8.37453|-7.8866386|-8.793877|-9.71013|-5.306032|-12.583108|-10.034695|-9.015379|-10.277591|-12.188672
10_hat_negated,Chris didn't knit a hat and it was very colorful.,negated,it,Chris|##didn|'t|##knit|##a|##hat|##and|##it|##was|##very|##colorful|.|<|endoftext|>,-11.102074|-10.351423|-11.337363|-8.183802|-9.786671|-9.142731|-7.677528|-9.931878|-9.561082|-5.020061|-10.923751|-9.871414|-12.355416
10_hat_negated,Chris didn't knit a hat and he didn't do any of the other assignments either.,negated,subj,Chris|##didn|'t|##knit|##a|##hat|##and|##he|##didn|'t|##do|##any|##of|##the|##other|##assignments|##either|.|<|endoftext|>,-11.102074|-10.351418|-11.337365|-8.183804|-9.786671|-9.142733|-7.6775284|-9.611546|-14.935077|-10.912689|-8.744901|-9.242057|-10.041894|-7.7183332|-6.124139|-12.011567|-8.719553|-10.556343|-12.560859
10_hat_know,I know that Chris knitted a hat. It was very colorful.,know,it,I|##know|##that|##Chris|##kn|itted|##a|##hat|.|##It|##was|##very|##colorful|.|<|endoftext|>,-8.253019|-10.449958|-5.3576446|-6.6090465|-12.671458|-16.9012|-8.805858|-7.732106|-9.773962|-14.080869|-9.5350275|-5.0674844|-10.605112|-10.299267|-12.400756
10_hat_know,I know that Chris knitted a hat. He was very proud of it.,know,subj,I|##know|##that|##Chris|##kn|itted|##a|##hat|.|##He|##was|##very|##proud|##of|##it|.|<|endoftext|>,-8.253019|-10.449959|-5.357644|-6.609047|-12.671457|-16.901196|-8.805857|-7.732106|-9.773962|-12.546445|-9.767869|-5.9145555|-13.171663|-10.422816|-9.493089|-10.760284|-12.410637
10_hat_doubt,I doubt that Chris knitted a hat. It was very colorful.,doubt,it,I|##doubt|##that|##Chris|##kn|itted|##a|##hat|.|##It|##was|##very|##colorful|.|<|endoftext|>,-8.253019|-11.769141|-5.176221|-5.8327413|-12.880394|-17.340866|-9.459472|-7.7165985|-9.972216|-14.061795|-9.718344|-5.707921|-10.970808|-10.0928|-12.497164
10_hat_doubt,I doubt that Chris knitted a hat. He didn't do any of the other assignments either.,doubt,subj,I|##doubt|##that|##Chris|##kn|itted|##a|##hat|.|##He|##didn|'t|##do|##any|##of|##the|##other|##assignments|##either|.|<|endoftext|>,-8.253019|-11.769141|-5.1762214|-5.8327394|-12.880392|-17.340866|-9.459472|-7.716599|-9.972217|-13.164909|-14.969083|-11.505481|-9.63103|-9.108986|-10.216306|-7.276339|-6.572084|-11.723415|-8.097674|-10.294909|-12.522088
10_hat_modal,Chris wants to knit a hat and it is very colorful.,modal,it,Chris|##wants|##to|##knit|##a|##hat|##and|##it|##is|##very|##colorful|.|<|endoftext|>,-11.102074|-11.867344|-8.494115|-7.6537952|-9.045015|-8.300096|-7.509036|-9.249683|-9.191599|-4.875613|-10.688987|-9.610488|-12.5838375
10_hat_modal,Chris wants to knit a hat and he already chose the color for the yarn.,modal,subj,Chris|##wants|##to|##knit|##a|##hat|##and|##he|##already|##chose|##the|##color|##for|##the|##yarn|.|<|endoftext|>,-11.102074|-11.867343|-8.494114|-7.6537957|-9.045013|-8.300094|-7.509037|-9.664735|-8.527195|-14.5365925|-8.286877|-6.946683|-9.59253|-8.623899|-7.5814114|-10.179974|-12.722728
10_hat_managed,Chris managed to knit a hat. It was very colorful.,managed,it,Chris|##managed|##to|##knit|##a|##hat|.|##It|##was|##very|##colorful|.|<|endoftext|>,-11.102074|-11.942611|-8.755098|-9.235253|-8.809536|-7.761689|-10.175493|-14.32078|-9.835252|-5.3574|-10.743666|-10.6114025|-12.519827
10_hat_managed,Chris managed to knit a hat. He was very proud of it.,managed,subj,Chris|##managed|##to|##knit|##a|##hat|.|##He|##was|##very|##proud|##of|##it|.|<|endoftext|>,-11.102074|-11.942611|-8.755098|-9.235253|-8.809536|-7.761689|-10.175493|-12.784292|-9.853183|-6.4661865|-13.390169|-10.342272|-10.035084|-10.540689|-12.470011
10_hat_failed,Chris failed to knit a hat. It was very colorful.,failed,it,Chris|##failed|##to|##knit|##a|##hat|.|##It|##was|##very|##colorful|.|<|endoftext|>,-11.102074|-9.634362|-8.865461|-8.212915|-9.207033|-8.044796|-9.657259|-14.186801|-9.440128|-5.239519|-10.746257|-10.074745|-12.386619
10_hat_failed,Chris failed to knit a hat. He didn't do any of the other assignments either.,failed,subj,Chris|##failed|##to|##knit|##a|##hat|.|##He|##didn|'t|##do|##any|##of|##the|##other|##assignments|##either|.|<|endoftext|>,-11.102074|-9.634362|-8.86546|-8.212914|-9.207033|-8.044794|-9.657258|-12.960996|-14.922359|-11.9040165|-9.601224|-9.175472|-10.323054|-7.649064|-6.715019|-10.117299|-8.251894|-10.514392|-12.481914
11_cod_affirmative,Sarah caught a cod and it made a fantastic dinner.,affirmative,it,Sarah|##caught|##a|##cod|##and|##it|##made|##a|##fantastic|##dinner|.|<|endoftext|>,-11.177859|-10.800243|-10.276901|-7.102433|-7.279274|-9.288427|-11.401723|-8.157524|-13.281212|-6.034068|-10.388548|-12.508798
11_cod_affirmative,Sarah caught a cod and she ate it for dinner.,affirmative,subj,Sarah|##caught|##a|##cod|##and|##she|##ate|##it|##for|##dinner|.|<|endoftext|>,-11.177859|-10.800243|-10.276901|-7.102433|-7.279274|-9.121952|-12.364974|-9.001072|-10.544593|-9.071446|-10.104884|-12.494939
11_cod_negated,Sarah didn't catch a cod and it made a fantastic dinner.,negated,it,Sarah|##didn|'t|##catch|##a|##cod|##and|##it|##made|##a|##fantastic|##dinner|.|<|endoftext|>,-11.177859|-12.250027|-11.474594|-11.840606|-10.471901|-8.074124|-7.2767467|-9.879874|-11.530303|-8.348143|-12.465575|-5.7854333|-10.009455|-12.521257
11_cod_negated,Sarah didn't catch a cod and she got dinner from the store instead.,negated,subj,Sarah|##didn|'t|##catch|##a|##cod|##and|##she|##got|##dinner|##from|##the|##store|##instead|.|<|endoftext|>,-11.177859|-12.250027|-11.474594|-11.840606|-10.471901|-8.074124|-7.2767467|-9.540245|-10.320054|-7.843297|-9.641436|-8.527049|-8.644666|-7.438928|-10.3751955|-12.590523
11_cod_know,I know that Sarah caught a cod. It made a fantastic dinner.,know,it,I|##know|##that|##Sarah|##caught|##a|##cod|.|##It|##made|##a|##fantastic|##dinner|.|<|endoftext|>,-8.253019|-10.449958|-5.3576446|-7.6139693|-10.733337|-9.415417|-7.174913|-9.565546|-13.707455|-11.372365|-8.687708|-12.434883|-6.1544943|-10.150314|-12.486424
11_cod_know,I know that Sarah caught a cod. She ate it for dinner.,know,subj,I|##know|##that|##Sarah|##caught|##a|##cod|.|##She|##ate|##it|##for|##dinner|.|<|endoftext|>,-8.253019|-10.449958|-5.3576446|-7.6139693|-10.733337|-9.415417|-7.174913|-9.565546|-13.328791|-12.169212|-8.949024|-10.719616|-8.465679|-9.949578|-12.571425
11_cod_doubt,I doubt that Sarah caught a cod. It made a fantastic dinner.,doubt,it,I|##doubt|##that|##Sarah|##caught|##a|##cod|.|##It|##made|##a|##fantastic|##dinner|.|<|endoftext|>,-8.253019|-11.769141|-5.176221|-7.926985|-11.100553|-10.292746|-7.0605617|-9.83295|-14.138935|-11.182014|-8.561936|-12.1707735|-6.159129|-9.964399|-12.49165
11_cod_doubt,I doubt that Sarah caught a cod. She also didn't catch any shrimp.,doubt,subj,I|##doubt|##that|##Sarah|##caught|##a|##cod|.|##She|##also|##didn|'t|##catch|##any|##shrimp|.|<|endoftext|>,-8.253019|-11.769141|-5.1762214|-7.9269853|-11.100553|-10.2927475|-7.0605617|-9.832949|-13.239215|-7.792464|-14.804345|-12.201084|-10.793379|-8.141077|-7.5544715|-10.04827|-12.590227
11_cod_modal,Sarah wants to catch a cod and it makes a fantastic dinner.,modal,it,Sarah|##wants|##to|##catch|##a|##cod|##and|##it|##makes|##a|##fantastic|##dinner|.|<|endoftext|>,-11.177859|-12.339767|-8.366411|-12.214756|-9.87024|-7.418798|-7.168207|-9.826813|-12.116865|-8.52664|-12.540462|-5.898393|-10.304764|-12.545362
11_cod_modal,Sarah wants to catch a cod and she is obsessed with fishing blogs.,modal,subj,Sarah|##wants|##to|##catch|##a|##cod|##and|##she|##is|##obsessed|##with|##fishing|##blogs|.|<|endoftext|>,-11.177859|-12.339767|-8.366411|-12.214756|-9.87024|-7.418798|-7.168207|-9.866863|-9.924592|-12.559431|-9.321372|-8.706022|-10.827669|-9.750656|-12.490409
11_cod_managed,Sarah managed to catch a cod. It made a fantastic dinner.,managed,it,Sarah|##managed|##to|##catch|##a|##cod|.|##It|##made|##a|##fantastic|##dinner|.|<|endoftext|>,-11.177859|-11.9790325|-8.713058|-11.311855|-11.008524|-7.5133953|-10.574643|-14.2795725|-10.935938|-8.022269|-13.694796|-6.102504|-10.723581|-12.482402
11_cod_managed,Sarah managed to catch a cod. She ate it for dinner.,managed,subj,Sarah|##managed|##to|##catch|##a|##cod|.|##She|##ate|##it|##for|##dinner|.|<|endoftext|>,-11.177859|-11.9790325|-8.713058|-11.311855|-11.008524|-7.5133953|-10.574643|-13.629187|-11.778768|-9.531036|-10.340383|-9.47452|-10.585173|-12.541975
11_cod_failed,Sarah failed to catch a cod. It made a fantastic dinner.,failed,it,Sarah|##failed|##to|##catch|##a|##cod|.|##It|##made|##a|##fantastic|##dinner|.|<|endoftext|>,-11.177859|-10.110822|-9.129301|-10.688129|-10.1235285|-6.7961006|-9.805107|-13.897806|-11.057581|-8.268246|-12.387359|-6.126727|-10.107657|-12.550567
11_cod_failed,Sarah failed to catch a cod. She also didn't catch any shrimp.,failed,subj,Sarah|##failed|##to|##catch|##a|##cod|.|##She|##also|##didn|'t|##catch|##any|##shrimp|.|<|endoftext|>,-11.177859|-10.110822|-9.129301|-10.688129|-10.1235285|-6.7961006|-9.805107|-13.47342|-8.366887|-14.816511|-12.3488865|-10.149867|-8.949762|-7.6595464|-10.439302|-12.634712
12_ticket_affirmative,Thomas booked a ticket in advance and it was much cheaper than he expected.,affirmative,it,Thomas|##booked|##a|##ticket|##in|##advance|##and|##it|##was|##much|##cheaper|##than|##he|##expected|.|<|endoftext|>,-12.44056|-9.851067|-9.252453|-8.959871|-7.293577|-13.660351|-7.3531904|-10.388671|-9.819836|-6.8128076|-10.633758|-9.965271|-9.9848175|-12.516729|-10.875063|-12.556066
12_ticket_affirmative,Thomas booked a ticket in advance and he also made a hotel reservation.,affirmative,subj,Thomas|##booked|##a|##ticket|##in|##advance|##and|##he|##also|##made|##a|##hotel|##reservation|.|<|endoftext|>,-12.44056|-9.851067|-9.252453|-8.959871|-7.293577|-13.660351|-7.3531904|-9.259525|-8.09531|-11.807473|-9.033758|-11.133715|-12.097686|-10.443591|-12.624313
12_ticket_negated,Thomas didn't book a ticket in advance and it was much cheaper than he expected.,negated,it,Thomas|##didn|'t|##book|##a|##ticket|##in|##advance|##and|##it|##was|##much|##cheaper|##than|##he|##expected|.|<|endoftext|>,-12.44056|-13.759116|-11.407675|-8.790061|-10.367292|-9.53252|-6.9778023|-14.727558|-7.46859|-10.535833|-9.824837|-7.1658278|-10.184377|-10.164754|-9.878158|-12.545637|-10.834712|-12.584338
12_ticket_negated,Thomas didn't book a ticket in advance and he couldn't get one at the airport.,negated,subj,Thomas|##didn|'t|##book|##a|##ticket|##in|##advance|##and|##he|##couldn|'t|##get|##one|##at|##the|##airport|.|<|endoftext|>,-12.44056|-13.759116|-11.407675|-8.790061|-10.367292|-9.53252|-6.9778023|-14.727558|-7.46859|-9.521211|-15.537605|-9.633877|-10.506197|-8.677409|-9.33316|-8.139004|-8.345919|-11.220301|-12.6434965
12_ticket_know,I know that Thomas booked a ticket in advance. It was much cheaper than he expected.,know,it,I|##know|##that|##Thomas|##booked|##a|##ticket|##in|##advance|.|##It|##was|##much|##cheaper|##than|##he|##expected|.|<|endoftext|>,-8.253019|-10.449959|-5.357644|-7.498925|-9.702371|-9.1683445|-9.371046|-7.515648|-13.92815|-10.451679|-14.484773|-9.698327|-6.366892|-10.080989|-10.071893|-9.799721|-12.885951|-10.459391|-12.606105
12_ticket_know,I know that Thomas booked a ticket in advance. He also made a hotel reservation.,know,subj,I|##know|##that|##Thomas|##booked|##a|##ticket|##in|##advance|.|##He|##also|##made|##a|##hotel|##reservation|.|<|endoftext|>,-8.253019|-10.449959|-5.357644|-7.498925|-9.702371|-9.1683445|-9.371046|-7.515648|-13.92815|-10.451679|-13.0805|-7.5230274|-11.580668|-9.131062|-11.178106|-12.235879|-10.428076|-12.687593
12_ticket_doubt,I doubt that Thomas booked a ticket in advance. It was much cheaper than he expected.,doubt,it,I|##doubt|##that|##Thomas|##booked|##a|##ticket|##in|##advance|.|##It|##was|##much|##cheaper|##than|##he|##expected|.|<|endoftext|>,-8.253019|-11.769141|-5.1762214|-6.8621964|-9.737686|-9.79063|-9.678352|-7.989547|-14.261793|-10.523602|-14.313073|-9.58145|-6.3064604|-10.104744|-10.1771145|-9.870571|-12.8531685|-10.322475|-12.610979
12_ticket_doubt,I doubt that Thomas booked a ticket in advance. He didn't even show up at the airport until an hour before the flight.,doubt,subj,I|##doubt|##that|##Thomas|##booked|##a|##ticket|##in|##advance|.|##He|##didn|'t|##even|##show|##up|##at|##the|##airport|##until|##an|##hour|##before|##the|##flight|.|<|endoftext|>,-8.253019|-11.769141|-5.1762214|-6.8621964|-9.737686|-9.79063|-9.678352|-7.989547|-14.261793|-10.523602|-14.147442|-15.04734|-11.835983|-7.759964|-13.965812|-9.500878|-9.898411|-8.889545|-7.105421|-9.731691|-10.389836|-12.620443|-10.076136|-9.658985|-7.592491|-10.859968|-12.614946
12_ticket_modal,Thomas wants to book a ticket in advance and it is much cheaper than he expected.,modal,it,Thomas|##wants|##to|##book|##a|##ticket|##in|##advance|##and|##it|##is|##much|##cheaper|##than|##he|##expected|.|<|endoftext|>,-12.44056|-12.334769|-8.810965|-8.266565|-9.320386|-8.676989|-6.8027706|-13.371253|-7.534095|-9.92578|-9.407755|-6.9394293|-10.25867|-10.198319|-9.290135|-12.376979|-10.582196|-12.560813
12_ticket_modal,Thomas wants to book a ticket in advance and he started to look for cheap flights.,modal,subj,Thomas|##wants|##to|##book|##a|##ticket|##in|##advance|##and|##he|##started|##to|##look|##for|##cheap|##flights|.|<|endoftext|>,-12.44056|-12.334769|-8.810965|-8.266565|-9.320386|-8.676989|-6.8027706|-13.371253|-7.534095|-9.730798|-12.674218|-7.5826387|-11.886272|-8.830647|-7.721646|-10.419556|-11.007328|-12.655414
12_ticket_managed,Thomas managed to book a ticket. It was much cheaper than he expected.,managed,it,Thomas|##managed|##to|##book|##a|##ticket|.|##It|##was|##much|##cheaper|##than|##he|##expected|.|<|endoftext|>,-12.44056|-12.169339|-8.762886|-9.504739|-9.196397|-8.969938|-10.894326|-15.31389|-9.813248|-6.7062263|-10.183017|-10.414432|-10.134903|-12.920564|-11.172318|-12.567298
12_ticket_managed,Thomas managed to book a ticket. He also made a hotel reservation.,managed,subj,Thomas|##managed|##to|##book|##a|##ticket|.|##He|##also|##made|##a|##hotel|##reservation|.|<|endoftext|>,-12.44056|-12.169339|-8.762886|-9.504739|-9.196397|-8.969938|-10.894326|-13.671296|-8.150922|-11.618684|-9.126398|-10.502922|-12.3692|-10.658942|-12.654266
12_ticket_failed,Thomas failed to book a ticket. It was much cheaper than he expected.,failed,it,Thomas|##failed|##to|##book|##a|##ticket|.|##It|##was|##much|##cheaper|##than|##he|##expected|.|<|endoftext|>,-12.44056|-9.774783|-9.0649185|-8.705554|-10.195548|-8.898961|-10.392155|-14.888808|-9.307493|-6.9014235|-10.364732|-10.350934|-9.799816|-13.3516|-10.711194|-12.479549
12_ticket_failed,Thomas failed to book a ticket. He also didn't show up at the airport until an hour before the flight.,failed,subj,Thomas|##failed|##to|##book|##a|##ticket|.|##He|##also|##didn|'t|##show|##up|##at|##the|##airport|##until|##an|##hour|##before|##the|##flight|.|<|endoftext|>,-12.44056|-9.774786|-9.0649185|-8.705555|-10.195547|-8.898959|-10.392156|-13.7524|-8.269365|-14.708117|-13.342478|-13.395533|-11.87302|-9.021225|-8.325713|-6.608751|-9.917641|-9.770585|-12.653017|-10.83001|-9.535394|-7.4227495|-10.660233|-12.504679
13_bed_affirmative,Luke bought a bed and it was delivered the next day.,affirmative,it,Luke|##bought|##a|##bed|##and|##it|##was|##delivered|##the|##next|##day|.|<|endoftext|>,-9.292291|-10.827535|-8.61352|-8.10565|-7.1380434|-9.6821|-9.685328|-9.2518425|-8.672815|-9.397943|-10.548241|-9.581834|-12.637552
13_bed_affirmative,Luke bought a bed and he also got a new dresser.,affirmative,subj,Luke|##bought|##a|##bed|##and|##he|##also|##got|##a|##new|##dress|er|.|<|endoftext|>,-9.292291|-10.827535|-8.61352|-8.10565|-7.1380434|-8.321712|-7.6555605|-10.080595|-8.050774|-7.679738|-8.2284565|-11.887451|-9.778906|-12.581706
13_bed_negated,Luke didn't buy a bed and it was delivered the next day.,negated,it,Luke|##didn|'t|##buy|##a|##bed|##and|##it|##was|##delivered|##the|##next|##day|.|<|endoftext|>,-9.292291|-11.131445|-11.24476|-11.625072|-9.527709|-9.237652|-7.428473|-9.488861|-9.44035|-9.920796|-9.050713|-9.708929|-10.922975|-9.774342|-12.471535
13_bed_negated,Luke didn't buy a bed and he also refused to get a new dresser.,negated,subj,Luke|##didn|'t|##buy|##a|##bed|##and|##he|##also|##refused|##to|##get|##a|##new|##dress|er|.|<|endoftext|>,-9.292291|-11.131443|-11.24476|-11.625071|-9.527708|-9.237649|-7.4284735|-9.059435|-8.577619|-14.41905|-9.0424385|-10.888595|-9.388082|-8.648874|-7.752163|-12.777232|-9.966371|-12.421873
13_bed_know,I know that Luke bought a bed. It was delivered the next day.,know,it,I|##know|##that|##Luke|##bought|##a|##bed|.|##It|##was|##delivered|##the|##next|##day|.|<|endoftext|>,-8.253019|-10.449958|-5.3576446|-8.574777|-11.827878|-8.447285|-8.117918|-9.600777|-14.025639|-9.598133|-9.907909|-8.298756|-10.256208|-10.999926|-9.656136|-12.587163
13_bed_know,I know that Luke bought a bed. He also got a new dresser.,know,subj,I|##know|##that|##Luke|##bought|##a|##bed|.|##He|##also|##got|##a|##new|##dress|er|.|<|endoftext|>,-8.253019|-10.449959|-5.357644|-8.5747795|-11.827878|-8.447284|-8.11792|-9.600778|-11.90691|-6.875232|-10.645647|-8.043581|-7.512932|-8.575212|-12.5506735|-9.801096|-12.5925255
13_bed_doubt,I doubt that Luke bought a bed. It was delivered the next day.,doubt,it,I|##doubt|##that|##Luke|##bought|##a|##bed|.|##It|##was|##delivered|##the|##next|##day|.|<|endoftext|>,-8.253019|-11.769141|-5.176221|-8.126867|-12.066042|-8.959325|-8.335995|-9.724557|-14.0466|-9.731036|-9.312181|-8.318878|-10.109938|-10.992938|-9.420279|-12.5663
13_bed_doubt,I doubt that Luke bought a bed. He didn't get a mattress either.,doubt,subj,I|##doubt|##that|##Luke|##bought|##a|##bed|.|##He|##didn|'t|##get|##a|##mattress|##either|.|<|endoftext|>,-8.253019|-11.769141|-5.1762214|-8.126868|-12.066042|-8.959326|-8.335996|-9.724558|-12.888092|-15.069609|-11.259886|-11.826092|-9.291634|-8.915983|-8.462103|-9.855563|-12.455674
13_bed_modal,Luke wants to buy a bed and it is delivered the next day.,modal,it,Luke|##wants|##to|##buy|##a|##bed|##and|##it|##is|##delivered|##the|##next|##day|.|<|endoftext|>,-9.292291|-11.132844|-8.379563|-11.006247|-8.771408|-8.534804|-7.3273807|-9.562418|-8.912204|-9.1850815|-8.516457|-9.5672245|-11.105058|-9.574593|-12.620147
13_bed_modal,Luke wants to buy a bed and he also wants to get a dresser.,modal,subj,Luke|##wants|##to|##buy|##a|##bed|##and|##he|##also|##wants|##to|##get|##a|##dress|er|.|<|endoftext|>,-9.292291|-11.132843|-8.379565|-11.006247|-8.771408|-8.534805|-7.327383|-9.15372|-9.336103|-12.929386|-8.976968|-10.981019|-8.618324|-7.563476|-11.646598|-9.646343|-12.595244
13_bed_managed,Luke managed to buy a bed. It was delivered the next day.,managed,it,Luke|##managed|##to|##buy|##a|##bed|.|##It|##was|##delivered|##the|##next|##day|.|<|endoftext|>,-9.292291|-9.924696|-8.698194|-10.809926|-8.49133|-8.701151|-10.3084955|-14.91024|-9.693679|-9.576408|-8.857676|-10.085444|-10.984891|-10.281298|-12.517888
13_bed_managed,Luke managed to buy a bed. He also got a new dresser.,managed,subj,Luke|##managed|##to|##buy|##a|##bed|.|##He|##also|##got|##a|##new|##dress|er|.|<|endoftext|>,-9.292291|-9.924696|-8.698194|-10.809926|-8.49133|-8.701151|-10.3084955|-12.570423|-7.8961697|-11.136885|-8.076116|-7.668814|-8.15255|-12.850984|-10.51016|-12.52168
13_bed_failed,Luke failed to buy a bed. It was delivered the next day.,failed,it,Luke|##failed|##to|##buy|##a|##bed|.|##It|##was|##delivered|##the|##next|##day|.|<|endoftext|>,-9.292291|-10.061971|-9.029913|-9.918077|-9.443307|-8.422371|-10.025473|-14.677092|-9.392805|-9.89688|-9.035068|-9.915807|-10.895216|-9.878428|-12.361728
13_bed_failed,Luke failed to buy a bed. He didn't get a mattress either.,failed,subj,Luke|##failed|##to|##buy|##a|##bed|.|##He|##didn|'t|##get|##a|##mattress|##either|.|<|endoftext|>,-9.292291|-10.061971|-9.029913|-9.918077|-9.443307|-8.422371|-10.025473|-12.819805|-15.055522|-12.109182|-11.301775|-9.329372|-8.052003|-8.959475|-10.4796915|-12.307478
14_gin_affirmative,Dan drank a gin tonic and it was very strong.,affirmative,it,Dan|##drank|##a|##gin|##ton|ic|##and|##it|##was|##very|##strong|.|<|endoftext|>,-9.811679|-10.54535|-9.569879|-5.9178667|-13.526836|-14.588371|-7.411318|-9.704759|-9.9732|-5.0669374|-10.462897|-10.171148|-12.421616
14_gin_affirmative,Dan drank a gin tonic and he regretted it the next morning.,affirmative,subj,Dan|##drank|##a|##gin|##ton|ic|##and|##he|##regretted|##it|##the|##next|##morning|.|<|endoftext|>,-9.811679|-10.54535|-9.569879|-5.9178667|-13.526836|-14.588371|-7.411318|-8.484411|-14.991482|-8.99275|-9.749519|-9.953128|-10.190914|-10.18481|-12.472037
14_gin_negated,Dan didn't drink a gin tonic and it was very strong.,negated,it,Dan|##didn|'t|##drink|##a|##gin|##ton|ic|##and|##it|##was|##very|##strong|.|<|endoftext|>,-9.811679|-13.125652|-11.340676|-8.810761|-11.170857|-6.0234103|-13.979631|-14.867619|-7.5637903|-9.773663|-9.337262|-5.7222347|-10.55301|-10.19396|-12.438767
14_gin_negated,Dan didn't drink a gin tonic and he left before everyone else was drunk.,negated,subj,Dan|##didn|'t|##drink|##a|##gin|##ton|ic|##and|##he|##left|##before|##everyone|##else|##was|##drunk|.|<|endoftext|>,-9.811679|-13.12565|-11.340676|-8.810762|-11.170856|-6.0234094|-13.979628|-14.86762|-7.5637903|-9.259807|-9.529479|-9.338897|-12.522111|-7.2905903|-9.9444685|-10.150954|-9.964193|-12.507093
14_gin_know,I know that Dan drank a gin tonic. It was very strong.,know,it,I|##know|##that|##Dan|##drank|##a|##gin|##ton|ic|.|##It|##was|##very|##strong|.|<|endoftext|>,-8.253019|-10.449958|-5.3576446|-6.8556547|-10.856232|-9.527842|-5.8391294|-13.62879|-14.778223|-9.899242|-13.868063|-9.375422|-5.577261|-10.523812|-10.591577|-12.439706
14_gin_know,I know that Dan drank a gin tonic. He regretted it in the morning.,know,subj,I|##know|##that|##Dan|##drank|##a|##gin|##ton|ic|.|##He|##regretted|##it|##in|##the|##morning|.|<|endoftext|>,-8.253019|-10.449959|-5.357644|-6.855655|-10.856232|-9.5278425|-5.83913|-13.628794|-14.778223|-9.899241|-12.38532|-14.820423|-9.029607|-8.957019|-10.03254|-8.841497|-10.157638|-12.524957
14_gin_doubt,I doubt that Dan drank a gin tonic. It was very strong.,doubt,it,I|##doubt|##that|##Dan|##drank|##a|##gin|##ton|ic|.|##It|##was|##very|##strong|.|<|endoftext|>,-8.253019|-11.769141|-5.176221|-6.728992|-11.163639|-10.41547|-6.083642|-13.845102|-15.097126|-10.048482|-14.138006|-9.328542|-5.905426|-9.6741905|-10.368459|-12.508502
14_gin_doubt,I doubt that Dan drank a gin tonic. He didn't get any other drinks either.,doubt,subj,I|##doubt|##that|##Dan|##drank|##a|##gin|##ton|ic|.|##He|##didn|'t|##get|##any|##other|##drinks|##either|.|<|endoftext|>,-8.253019|-11.769141|-5.1762214|-6.728992|-11.163638|-10.41547|-6.08364|-13.845099|-15.097126|-10.048482|-13.446917|-14.970682|-12.034405|-10.7618|-8.027344|-8.344204|-11.168556|-7.7108855|-10.353729|-12.395959
14_gin_modal,Dan wants to drink a gin tonic and it is very strong.,modal,it,Dan|##wants|##to|##drink|##a|##gin|##ton|ic|##and|##it|##is|##very|##strong|.|<|endoftext|>,-9.811679|-11.999672|-8.597255|-8.89572|-9.736407|-6.138485|-13.487753|-14.838263|-7.2237854|-9.310318|-9.296194|-4.940753|-10.2967205|-9.888876|-12.478661
14_gin_modal,Dan wants to drink a gin tonic and he cannot wait for dry January to be over.,modal,subj,Dan|##wants|##to|##drink|##a|##gin|##ton|ic|##and|##he|##cannot|##wait|##for|##dry|##January|##to|##be|##over|.|<|endoftext|>,-9.811679|-11.999675|-8.597255|-8.895718|-9.736408|-6.1384845|-13.487754|-14.838263|-7.2237844|-9.529276|-12.307712|-11.711762|-9.493527|-7.528348|-9.052096|-9.636368|-12.699439|-10.925362|-10.030275|-12.54701
14_gin_managed,Dan managed to mix a gin tonic. It was very strong.,managed,it,Dan|##managed|##to|##mix|##a|##gin|##ton|ic|.|##It|##was|##very|##strong|.|<|endoftext|>,-9.811679|-12.031501|-8.739631|-10.439814|-8.981433|-6.4674263|-14.012447|-14.973348|-10.174772|-14.367899|-9.67321|-5.6755095|-10.360575|-10.559971|-12.498724
14_gin_managed,Dan managed to mix a gin tonic. He served it with a cucumber.,managed,subj,Dan|##managed|##to|##mix|##a|##gin|##ton|ic|.|##He|##served|##it|##with|##a|##cuc|umber|.|<|endoftext|>,-9.811679|-12.031499|-8.73963|-10.439814|-8.981434|-6.467426|-14.012454|-14.973345|-10.174771|-12.704746|-10.50937|-9.6419525|-9.3344555|-8.897223|-14.1189165|-14.425236|-10.05264|-12.544005
14_gin_failed,Dan failed to mix a gin tonic. It was very strong.,failed,it,Dan|##failed|##to|##mix|##a|##gin|##ton|ic|.|##It|##was|##very|##strong|.|<|endoftext|>,-9.811679|-9.43187|-8.949707|-9.983827|-8.996299|-5.961341|-14.3924885|-15.136065|-9.710639|-14.60292|-9.249233|-5.716662|-9.900862|-9.962387|-12.357984
14_gin_failed,Dan failed to mix a gin tonic. He hadn't bought any tonic water.,failed,subj,Dan|##failed|##to|##mix|##a|##gin|##ton|ic|.|##He|##hadn|'t|##bought|##any|##ton|ic|##water|.|<|endoftext|>,-9.811679|-9.43187|-8.949708|-9.983827|-8.996299|-5.9613433|-14.392487|-15.136064|-9.71064|-12.990152|-18.498915|-15.133972|-12.908968|-7.6029005|-15.546825|-12.650564|-11.354099|-10.4375725|-12.532731
15_bone_affirmative,David discovered a bone on his archeological expedition and it likely belonged to an extinct bird species.,affirmative,it,David|##discovered|##a|##bone|##on|##his|##arche|ological|##expedition|##and|##it|##likely|##belonged|##to|##an|##extinct|##bird|##species|.|<|endoftext|>,-11.828097|-12.088817|-9.169082|-5.9117413|-9.637828|-9.82938|-11.587126|-16.428722|-9.905035|-7.3537326|-10.117939|-9.889553|-12.077267|-9.98526|-5.93869|-5.8378315|-7.731411|-8.555944|-10.415937|-12.563288
15_bone_affirmative,David discovered a bone on his archeological expedition and he brought it back to the lab for an extensive analysis.,affirmative,subj,David|##discovered|##a|##bone|##on|##his|##arche|ological|##expedition|##and|##he|##brought|##it|##back|##to|##the|##lab|##for|##an|##extensive|##analysis|.|<|endoftext|>,-11.828097|-12.088817|-9.169082|-5.9117413|-9.637828|-9.82938|-11.587126|-16.428722|-9.905035|-7.3537326|-9.114718|-13.040618|-10.332426|-5.9531446|-8.859098|-8.5957155|-8.798214|-10.95451|-8.450787|-10.367371|-11.519233|-10.472072|-12.641651
15_bone_negated,David didn't discover a bone on this archeological expedition and it likely belonged to an extinct bird species.,negated,it,David|##didn|'t|##discover|##a|##bone|##on|##this|##arche|ological|##expedition|##and|##it|##likely|##belonged|##to|##an|##extinct|##bird|##species|.|<|endoftext|>,-11.828097|-13.199465|-11.194399|-14.005531|-9.722577|-5.0121584|-9.92105|-10.682797|-12.126212|-16.3096|-11.963968|-7.758382|-9.961229|-8.765926|-12.486093|-9.768444|-5.745046|-5.882313|-8.554018|-8.956701|-10.50161|-12.684525
15_bone_negated,David didn't discover a bone on this archeological expedition and he also didn't find anything else worth analyzing.,negated,subj,David|##didn|'t|##discover|##a|##bone|##on|##this|##arche|ological|##expedition|##and|##he|##also|##didn|'t|##find|##anything|##else|##worth|##analyzing|.|<|endoftext|>,-11.828097|-13.199465|-11.194399|-14.005531|-9.722577|-5.0121584|-9.92105|-10.682797|-12.126212|-16.3096|-11.963968|-7.758382|-9.962351|-8.571633|-14.738994|-12.311488|-10.892267|-9.575675|-7.6505346|-9.323655|-12.664571|-10.666163|-12.616048
15_bone_know,I know that David discovered a bone on his archeological expedition. It likely belonged to an extinct bird species.,know,it,I|##know|##that|##David|##discovered|##a|##bone|##on|##his|##arche|ological|##expedition|.|##It|##likely|##belonged|##to|##an|##extinct|##bird|##species|.|<|endoftext|>,-8.253019|-10.449959|-5.357644|-6.838279|-12.990396|-9.187529|-5.636219|-9.543539|-9.595246|-11.632026|-16.476425|-10.423149|-10.259483|-14.288183|-9.845007|-12.637274|-9.9041|-5.750195|-6.110917|-7.791165|-8.643635|-10.272478|-12.683429
15_bone_know,I know that David discovered a bone on his archeological expedition. He brought it back to the lab for an extensive analysis.,know,subj,I|##know|##that|##David|##discovered|##a|##bone|##on|##his|##arche|ological|##expedition|.|##He|##brought|##it|##back|##to|##the|##lab|##for|##an|##extensive|##analysis|.|<|endoftext|>,-8.253019|-10.449959|-5.357644|-6.838279|-12.990396|-9.187529|-5.636219|-9.543539|-9.595246|-11.632026|-16.476425|-10.423149|-10.259483|-13.306819|-12.404274|-9.909956|-6.0541444|-8.818169|-8.853927|-8.859245|-10.597357|-8.26074|-10.105752|-11.823232|-10.626579|-12.737321
15_bone_doubt,I doubt that David discovered a bone on his archeological expedition. It likely belonged to an extinct bird species.,doubt,it,I|##doubt|##that|##David|##discovered|##a|##bone|##on|##his|##arche|ological|##expedition|.|##It|##likely|##belonged|##to|##an|##extinct|##bird|##species|.|<|endoftext|>,-8.253019|-11.769141|-5.1762214|-7.252944|-13.079188|-9.472734|-4.9142838|-9.816304|-9.662256|-11.765088|-16.619877|-11.613049|-10.47268|-14.2290945|-8.401277|-12.558273|-9.920359|-6.074167|-6.068078|-7.778742|-8.92784|-10.252859|-12.720259
15_bone_doubt,I doubt that David discovered a bone on his archeological expedition. He also didn't find anything else worth analyzing.,doubt,subj,I|##doubt|##that|##David|##discovered|##a|##bone|##on|##his|##arche|ological|##expedition|.|##He|##also|##didn|'t|##find|##anything|##else|##worth|##analyzing|.|<|endoftext|>,-8.253019|-11.769141|-5.1762214|-7.252944|-13.079188|-9.472734|-4.9142838|-9.816304|-9.662256|-11.765088|-16.619877|-11.613049|-10.47268|-14.123236|-7.808258|-14.749091|-12.500673|-10.849498|-9.561614|-7.5795383|-9.562826|-12.606171|-10.456246|-12.61256
15_bone_modal,David wants to discover a bone on his archeological expedition and it likely belongs to an extinct bird.,modal,it,David|##wants|##to|##discover|##a|##bone|##on|##his|##arche|ological|##expedition|##and|##it|##likely|##belongs|##to|##an|##extinct|##bird|.|<|endoftext|>,-11.828097|-12.726284|-8.664255|-12.781495|-9.650173|-5.1828775|-9.639605|-10.144622|-12.286425|-15.116122|-11.047238|-7.399878|-9.436842|-8.955523|-13.902697|-9.619106|-6.210055|-5.9348383|-8.506266|-10.488586|-12.671196
15_bone_modal,David wants to discover a bone on his archeological expedition and he is prepared to spend a long time at the excavation site.,modal,subj,David|##wants|##to|##discover|##a|##bone|##on|##his|##arche|ological|##expedition|##and|##he|##is|##prepared|##to|##spend|##a|##long|##time|##at|##the|##excavation|##site|.|<|endoftext|>,-11.828097|-12.726284|-8.664255|-12.781495|-9.650173|-5.1828775|-9.639605|-10.144622|-12.286425|-15.116122|-11.047238|-7.399878|-9.454878|-9.995011|-13.30244|-8.779825|-11.485125|-9.742533|-6.086087|-10.8331585|-9.220524|-9.2944565|-9.695276|-10.143382|-10.764752|-12.6189785
15_bone_managed,David managed to discover a bone on his archeological expedition. It likely belonged to an extinct bird species.,managed,it,David|##managed|##to|##discover|##a|##bone|##on|##his|##arche|ological|##expedition|.|##It|##likely|##belonged|##to|##an|##extinct|##bird|##species|.|<|endoftext|>,-11.828097|-12.497299|-8.756186|-14.082517|-9.056656|-6.044465|-9.470043|-9.941278|-12.136311|-15.842412|-10.043222|-10.548386|-14.529933|-10.028776|-11.702729|-10.128536|-5.7599807|-5.9041147|-7.6953216|-8.319449|-10.416953|-12.638899
15_bone_managed,David managed to discover a bone on his archeological expedition. He brought it back to the lab for an extensive analysis.,managed,subj,David|##managed|##to|##discover|##a|##bone|##on|##his|##arche|ological|##expedition|.|##He|##brought|##it|##back|##to|##the|##lab|##for|##an|##extensive|##analysis|.|<|endoftext|>,-11.828097|-12.497299|-8.756186|-14.082517|-9.056656|-6.044465|-9.470043|-9.941278|-12.136311|-15.842412|-10.043222|-10.548386|-13.653122|-12.688942|-10.157595|-6.033696|-8.915622|-8.432314|-8.714429|-11.000321|-8.097453|-10.296651|-11.40905|-10.805722|-12.702722
15_bone_failed,David failed to discover a bone on his archeological expedition. It likely belonged to an extinct bird species.,failed,it,David|##failed|##to|##discover|##a|##bone|##on|##his|##arche|ological|##expedition|.|##It|##likely|##belonged|##to|##an|##extinct|##bird|##species|.|<|endoftext|>,-11.828097|-10.032553|-8.798601|-14.140894|-9.702151|-5.524703|-9.462131|-10.011496|-12.593933|-14.947756|-10.893573|-10.029798|-14.471152|-8.827141|-12.000158|-9.950667|-5.589864|-5.9500084|-7.914678|-8.829197|-10.180074|-12.52278
15_bone_failed,David failed to discover a bone on his archeological expedition. He also didn't find anything else worth analyzing.,failed,subj,David|##failed|##to|##discover|##a|##bone|##on|##his|##arche|ological|##expedition|.|##He|##also|##didn|'t|##find|##anything|##else|##worth|##analyzing|.|<|endoftext|>,-11.828097|-10.032553|-8.798601|-14.140894|-9.702151|-5.524703|-9.462131|-10.011496|-12.593933|-14.947756|-10.893573|-10.029798|-13.893874|-7.996484|-14.665232|-12.965547|-11.179978|-9.5864525|-7.8220153|-9.273106|-12.549679|-10.44599|-12.448032
16_house_affirmative,Lisa built a house and it is the most beautiful building I have ever seen.,affirmative,it,Lisa|##built|##a|##house|##and|##it|##is|##the|##most|##beautiful|##building|##I|##have|##ever|##seen|.|<|endoftext|>,-10.467632|-11.443664|-8.618592|-8.980779|-6.715848|-10.180532|-8.990061|-8.728595|-8.8572235|-8.08358|-9.65549|-10.812983|-10.568514|-7.220049|-11.788729|-9.959911|-12.751265
16_house_affirmative,Lisa built a house and she made sure that every room gets a lot of sunlight.,affirmative,subj,Lisa|##built|##a|##house|##and|##she|##made|##sure|##that|##every|##room|##gets|##a|##lot|##of|##sunlight|.|<|endoftext|>,-10.467632|-11.443664|-8.618592|-8.980779|-6.715848|-8.763417|-10.570222|-10.986025|-5.726574|-10.149045|-11.073534|-12.695565|-9.031061|-13.185401|-9.384228|-11.768499|-10.305825|-12.715242
16_house_negated,Lisa didn't build a house and it is the most beautiful building I have ever seen.,negated,it,Lisa|##didn|'t|##build|##a|##house|##and|##it|##is|##the|##most|##beautiful|##building|##I|##have|##ever|##seen|.|<|endoftext|>,-10.467632|-13.932581|-11.731143|-12.201873|-9.252652|-10.577111|-7.3051243|-9.989124|-8.625239|-8.363629|-8.426988|-8.113264|-9.307262|-10.704765|-10.668661|-7.489586|-11.540038|-9.869875|-12.782791
16_house_negated,Lisa didn't build a house and she lied about several other things as well.,negated,subj,Lisa|##didn|'t|##build|##a|##house|##and|##she|##lied|##about|##several|##other|##things|##as|##well|.|<|endoftext|>,-10.467632|-13.932581|-11.731143|-12.201873|-9.252652|-10.577111|-7.3051243|-9.937486|-13.580099|-9.099745|-11.0014515|-8.29448|-10.038626|-10.883987|-11.814603|-10.719398|-12.85792
16_house_know,I know that Lisa built a house. It is the most beautiful building I have ever seen.,know,it,I|##know|##that|##Lisa|##built|##a|##house|.|##It|##is|##the|##most|##beautiful|##building|##I|##have|##ever|##seen|.|<|endoftext|>,-8.253019|-10.449959|-5.357644|-5.827684|-10.92781|-8.751209|-9.952803|-10.131409|-14.388201|-9.371088|-8.78066|-9.149255|-8.018737|-10.32343|-10.945069|-11.580831|-7.476061|-12.582446|-10.449193|-12.836134
16_house_know,I know that Lisa built a house. She made sure that every room gets a lot of sunlight.,know,subj,I|##know|##that|##Lisa|##built|##a|##house|.|##She|##made|##sure|##that|##every|##room|##gets|##a|##lot|##of|##sunlight|.|<|endoftext|>,-8.253019|-10.449959|-5.357644|-5.827684|-10.92781|-8.751209|-9.952803|-10.131409|-13.379885|-11.083687|-11.353989|-5.276025|-10.598384|-11.112016|-12.815992|-9.037867|-13.481539|-9.555306|-12.599034|-10.909594|-12.818595
16_house_doubt,I doubt that Lisa built a house. It is the most beautiful building I have ever seen.,doubt,it,I|##doubt|##that|##Lisa|##built|##a|##house|.|##It|##is|##the|##most|##beautiful|##building|##I|##have|##ever|##seen|.|<|endoftext|>,-8.253019|-11.769141|-5.1762214|-6.135977|-11.194771|-8.944352|-9.405596|-10.145885|-14.125421|-9.285049|-8.421814|-8.202528|-8.277565|-8.687637|-10.914185|-11.134952|-7.7236624|-11.194387|-10.230061|-12.819275
16_house_doubt,I doubt that Lisa built a house. She lied about several other things as well.,doubt,subj,I|##doubt|##that|##Lisa|##built|##a|##house|.|##She|##lied|##about|##several|##other|##things|##as|##well|.|<|endoftext|>,-8.253019|-11.769141|-5.1762214|-6.135977|-11.194771|-8.944352|-9.405596|-10.145885|-13.647664|-13.440183|-8.890591|-11.158513|-8.895086|-10.330171|-11.399021|-11.956304|-10.309698|-12.836169
16_house_modal,Lisa wants to build a house and it is the most beautiful building I have ever seen.,modal,it,Lisa|##wants|##to|##build|##a|##house|##and|##it|##is|##the|##most|##beautiful|##building|##I|##have|##ever|##seen|.|<|endoftext|>,-10.467632|-11.920944|-8.364164|-12.312426|-8.711691|-10.1886635|-7.1434145|-9.902517|-9.173187|-8.525642|-8.374687|-7.968824|-7.974858|-10.969547|-11.079055|-7.3161697|-11.283316|-10.236965|-12.66843
16_house_modal,Lisa wants to build a house and she already bought a plot of land.,modal,subj,Lisa|##wants|##to|##build|##a|##house|##and|##she|##already|##bought|##a|##plot|##of|##land|.|<|endoftext|>,-10.467632|-11.920944|-8.364165|-12.312426|-8.711692|-10.188664|-7.143415|-9.842856|-8.32368|-11.622177|-8.413969|-8.979533|-11.749993|-10.633977|-10.529057|-12.694391
16_house_managed,Lisa managed to build a house. It is the most beautiful building I have ever seen.,managed,it,Lisa|##managed|##to|##build|##a|##house|.|##It|##is|##the|##most|##beautiful|##building|##I|##have|##ever|##seen|.|<|endoftext|>,-10.467632|-12.259506|-8.676852|-12.31386|-8.6527405|-9.593593|-10.618747|-14.855944|-9.112925|-8.925744|-8.207876|-8.176809|-9.318552|-11.023119|-10.723489|-7.617899|-11.583222|-10.530658|-12.565205
16_house_managed,Lisa managed to build a house. She made sure that every room gets a lot of sunlight.,managed,subj,Lisa|##managed|##to|##build|##a|##house|.|##She|##made|##sure|##that|##every|##room|##gets|##a|##lot|##of|##sunlight|.|<|endoftext|>,-10.467632|-12.259506|-8.676852|-12.31386|-8.6527405|-9.593593|-10.618747|-13.604692|-10.599359|-11.422869|-6.796066|-10.356187|-10.662298|-13.2084055|-8.952068|-13.601682|-9.409487|-12.065218|-11.180514|-12.620385
16_house_failed,Lisa failed to build a house. It is the most beautiful building I have ever seen.,failed,it,Lisa|##failed|##to|##build|##a|##house|.|##It|##is|##the|##most|##beautiful|##building|##I|##have|##ever|##seen|.|<|endoftext|>,-10.467632|-10.406094|-9.221946|-11.864897|-9.270031|-9.592558|-10.255282|-14.830119|-8.677505|-8.816615|-8.395368|-7.963123|-8.563018|-10.867763|-10.852976|-7.431245|-11.504518|-10.187095|-12.552764
16_house_failed,Lisa failed to build a house. She lied about several other things as well.,failed,subj,Lisa|##failed|##to|##build|##a|##house|.|##She|##lied|##about|##several|##other|##things|##as|##well|.|<|endoftext|>,-10.467632|-10.406094|-9.221946|-11.864897|-9.270031|-9.592558|-10.255282|-13.809857|-13.646199|-8.715325|-11.031393|-8.310461|-10.651439|-10.893809|-12.917112|-10.809942|-12.611071
