id,sentence,type,pronoun,tokens,log_probs,continuation_log_prob,critical_token_idx
1_dog_affirmative,John owns a dog and it follows him everywhere he goes.,affirmative,it,John|##owns|##a|##dog|##and|##it|##follows|##him|##everywhere|##he|##goes|.|<|endoftext|>,-9.936898|-11.739592|-8.96608|-6.6907873|-7.2112184|-9.767154|-13.184687|-12.032926|-7.8918633|-13.86628|-13.076682|-10.003746|-12.661596,-79.82333830000002,5
1_dog_affirmative,John owns a dog and it's not a big deal.,affirmative,subj,John|##owns|##a|##dog|##and|##it|'s|##not|##a|##big|##deal|.|<|endoftext|>,-9.936898|-11.739592|-8.96608|-6.6907873|-7.2112184|-9.767154|-9.882813|-7.622138|-8.572891|-6.498127|-12.525425|-10.348941|-12.556744,-65.217489,5
1_dog_negated,John doesn't own a dog and it follows him everywhere he goes.,negated,it,John|##doesn|'t|##own|##a|##dog|##and|##it|##follows|##him|##everywhere|##he|##goes|.|<|endoftext|>,-9.936898|-14.552651|-10.976233|-10.365701|-10.135315|-8.872593|-7.563295|-10.067517|-12.908989|-12.069985|-8.40093|-13.906826|-12.8902445|-10.100271|-12.676279,-80.3447625,7
1_dog_negated,John doesn't own a dog and it's not a big deal.,negated,subj,John|##doesn|'t|##own|##a|##dog|##and|##it|'s|##not|##a|##big|##deal|.|<|endoftext|>,-9.936898|-14.552651|-10.976233|-10.365701|-10.135315|-8.872593|-7.563295|-10.067517|-10.385191|-7.814587|-9.005331|-7.6530867|-13.134244|-10.321239|-12.596409,-68.3811957,7
1_dog_know,I know that John owns a dog. It follows him everywhere he goes.,know,it,I|##know|##that|##John|##owns|##a|##dog|.|##It|##follows|##him|##everywhere|##he|##goes|.|<|endoftext|>,-8.253021|-10.449959|-5.3576436|-5.881065|-12.439189|-9.027311|-6.9918146|-9.893427|-14.309317|-12.120465|-12.2019005|-8.306324|-13.466795|-13.815648|-10.229638|-12.642473,-84.4500875,8
1_dog_know,I know that John owns a dog. It's not a big deal.,know,subj,I|##know|##that|##John|##owns|##a|##dog|.|##It|'s|##not|##a|##big|##deal|.|<|endoftext|>,-8.253021|-10.449959|-5.3576436|-5.881065|-12.439189|-9.027311|-6.9918146|-9.893427|-14.309317|-10.628372|-7.634325|-8.579672|-6.673526|-13.482861|-10.14048|-12.62304,-71.448553,8
1_dog_doubt,I doubt that John owns a dog. It follows him everywhere he goes.,doubt,it,I|##doubt|##that|##John|##owns|##a|##dog|.|##It|##follows|##him|##everywhere|##he|##goes|.|<|endoftext|>,-8.253021|-11.769142|-5.1762204|-6.0308094|-12.904413|-9.444734|-7.252231|-9.959278|-14.29157|-11.675659|-11.722837|-8.453833|-12.9023075|-13.288358|-9.991848|-12.67193,-82.3264125,8
1_dog_doubt,I doubt that John owns a dog. It's not a big deal.,doubt,subj,I|##doubt|##that|##John|##owns|##a|##dog|.|##It|'s|##not|##a|##big|##deal|.|<|endoftext|>,-8.253021|-11.769142|-5.1762204|-6.0308094|-12.904413|-9.444734|-7.252231|-9.959278|-14.29157|-10.88454|-7.7756286|-9.2060175|-7.2814264|-13.479098|-10.193125|-12.6462345,-73.1114055,8
1_dog_modal,John wants to own a dog and it follows him everywhere he goes.,modal,it,John|##wants|##to|##own|##a|##dog|##and|##it|##follows|##him|##everywhere|##he|##goes|.|<|endoftext|>,-9.936898|-12.492069|-8.514174|-10.297271|-8.991724|-6.6527915|-7.4040756|-9.572885|-12.851267|-11.051339|-7.981058|-13.803422|-12.567392|-10.193159|-12.728877,-78.02052199999999,7
1_dog_modal,John wants to own a dog and it's not a big deal.,modal,subj,John|##wants|##to|##own|##a|##dog|##and|##it|'s|##not|##a|##big|##deal|.|<|endoftext|>,-9.936898|-12.492069|-8.514174|-10.297271|-8.991724|-6.6527915|-7.4040756|-9.572885|-10.187245|-7.3904457|-8.528993|-6.9984765|-12.718233|-10.547762|-12.720711,-65.9440402,7
1_dog_managed,John managed to adopt a dog. It follows him everywhere he goes.,managed,it,John|##managed|##to|##adopt|##a|##dog|.|##It|##follows|##him|##everywhere|##he|##goes|.|<|endoftext|>,-9.936898|-12.574859|-8.678687|-12.483589|-9.120842|-6.624638|-10.238566|-14.245653|-10.993343|-11.470666|-8.474892|-12.994413|-13.135423|-10.47303|-12.520905,-81.78742,7
1_dog_managed,John managed to adopt a dog. It's not a big deal.,managed,subj,John|##managed|##to|##adopt|##a|##dog|.|##It|'s|##not|##a|##big|##deal|.|<|endoftext|>,-9.936898|-12.574859|-8.678687|-12.483589|-9.120842|-6.624638|-10.238566|-14.245653|-10.586372|-7.669875|-8.859153|-6.864932|-13.167705|-10.82547|-12.55938,-72.21915999999999,7
1_dog_failed,John failed to adopt a dog. It follows him everywhere he goes.,failed,it,John|##failed|##to|##adopt|##a|##dog|.|##It|##follows|##him|##everywhere|##he|##goes|.|<|endoftext|>,-9.936898|-10.04158|-8.874502|-10.933692|-9.348469|-6.961479|-10.0730915|-13.9872265|-11.086063|-11.046099|-9.075155|-12.364745|-12.886589|-10.407486|-12.496941,-80.8533635,7
1_dog_failed,John failed to adopt a dog. It's not a big deal.,failed,subj,John|##failed|##to|##adopt|##a|##dog|.|##It|'s|##not|##a|##big|##deal|.|<|endoftext|>,-9.936898|-10.04158|-8.874502|-10.933692|-9.348469|-6.961479|-10.0730915|-13.9872265|-10.641814|-7.666555|-9.450682|-7.421634|-13.514082|-10.539989|-12.515444,-73.22198250000001,7
2_car_affirmative,Lucy has a car and it has a self-driving mode.,affirmative,it,Lu|cy|##has|##a|##car|##and|##it|##has|##a|##self|-|driving|##mode|.|<|endoftext|>,-5.9156957|-9.34209|-9.28652|-8.726172|-9.059269|-7.418774|-9.908655|-9.558987|-8.709168|-10.1770115|-8.894575|-13.789259|-7.3801823|-10.786707|-12.574356,-79.20454480000001,6
2_car_affirmative,Lucy has a car and it's not a big deal.,affirmative,subj,Lu|cy|##has|##a|##car|##and|##it|'s|##not|##a|##big|##deal|.|<|endoftext|>,-5.9156957|-9.34209|-9.28652|-8.726172|-9.059269|-7.418774|-9.908655|-10.305395|-7.721321|-8.396664|-6.81354|-12.986008|-10.697864|-12.464387,-66.82944699999999,6
2_car_negated,Lucy doesn't have a car and it has a self-driving mode.,negated,it,Lu|cy|##doesn|'t|##have|##a|##car|##and|##it|##has|##a|##self|-|driving|##mode|.|<|endoftext|>,-5.9156957|-9.34209|-14.984316|-11.229252|-11.654607|-9.715868|-8.889434|-7.361434|-10.381564|-10.599647|-8.530207|-9.911585|-9.32718|-13.817836|-7.525931|-10.738189|-12.530185,-80.83213900000001,8
2_car_negated,Lucy doesn't have a car and it's not a big deal.,negated,subj,Lu|cy|##doesn|'t|##have|##a|##car|##and|##it|'s|##not|##a|##big|##deal|.|<|endoftext|>,-5.9156957|-9.34209|-14.984316|-11.229252|-11.654607|-9.715868|-8.889434|-7.361434|-10.381564|-10.859572|-7.9304214|-9.305164|-7.702214|-13.519213|-10.838857|-12.418959,-70.5370054,8
2_car_know,I know that Lucy has a car. It has a self-driving mode.,know,it,I|##know|##that|##Lucy|##has|##a|##car|.|##It|##has|##a|##self|-|driving|##mode|.|<|endoftext|>,-8.253021|-10.449959|-5.3576436|-8.58757|-9.341393|-8.759329|-8.54962|-10.185318|-14.532501|-9.600636|-8.569633|-11.150755|-7.9622|-13.876388|-7.529678|-10.93605|-12.54155,-84.157841,8
2_car_know,I know that Lucy has a car. It's not a big deal.,know,subj,I|##know|##that|##Lucy|##has|##a|##car|.|##It|'s|##not|##a|##big|##deal|.|<|endoftext|>,-8.253021|-10.449959|-5.3576436|-8.58757|-9.341393|-8.759329|-8.54962|-10.185318|-14.532501|-10.905562|-7.558018|-8.672466|-6.4688797|-13.471501|-10.558332|-12.449681,-72.16725969999999,8
2_car_doubt,I doubt that Lucy has a car. It has a self-driving mode.,doubt,it,I|##doubt|##that|##Lucy|##has|##a|##car|.|##It|##has|##a|##self|-|driving|##mode|.|<|endoftext|>,-8.253021|-11.769142|-5.1762204|-8.645184|-9.73258|-9.379074|-7.7695026|-10.320227|-14.513498|-10.211006|-8.594282|-10.620197|-8.960014|-13.598688|-7.073455|-10.778662|-12.479567,-84.349802,8
2_car_doubt,I doubt that Lucy has a car. It's not a big deal.,doubt,subj,I|##doubt|##that|##Lucy|##has|##a|##car|.|##It|'s|##not|##a|##big|##deal|.|<|endoftext|>,-8.253021|-11.769142|-5.1762204|-8.645184|-9.73258|-9.379074|-7.7695026|-10.320227|-14.513498|-10.874142|-7.6367183|-9.453352|-7.2933683|-13.580454|-10.62607|-12.420861,-73.9776026,8
2_car_modal,Lucy wants to have a car and it has a self-driving mode.,modal,it,Lu|cy|##wants|##to|##have|##a|##car|##and|##it|##has|##a|##self|-|driving|##mode|.|<|endoftext|>,-5.9156957|-9.34209|-12.879183|-8.44087|-11.354424|-9.161964|-8.992111|-7.441412|-9.628274|-10.41544|-8.549422|-10.141846|-8.948145|-13.796451|-8.25216|-10.93704|-12.566948,-80.66877799999999,8
2_car_modal,Lucy wants to have a car and it's not a big deal.,modal,subj,Lu|cy|##wants|##to|##have|##a|##car|##and|##it|'s|##not|##a|##big|##deal|.|<|endoftext|>,-5.9156957|-9.34209|-12.879183|-8.44087|-11.354424|-9.161964|-8.992111|-7.441412|-9.628274|-10.753856|-7.6000595|-8.740894|-6.9455576|-12.670418|-10.855027|-12.473051,-67.19408609999999,8
2_car_managed,Lucy managed to rent a car. It has a self-driving mode.,managed,it,Lu|cy|##managed|##to|##rent|##a|##car|.|##It|##has|##a|##self|-|driving|##mode|.|<|endoftext|>,-5.9156957|-9.34209|-12.265764|-8.648788|-10.361259|-8.612699|-9.059096|-10.660191|-14.633415|-9.810269|-8.503769|-11.72232|-8.463739|-13.303559|-8.181207|-10.76693|-12.603995,-85.385208,8
2_car_managed,Lucy managed to rent a car. It's not a big deal.,managed,subj,Lu|cy|##managed|##to|##rent|##a|##car|.|##It|'s|##not|##a|##big|##deal|.|<|endoftext|>,-5.9156957|-9.34209|-12.265764|-8.648788|-10.361259|-8.612699|-9.059096|-10.660191|-14.633415|-10.84456|-7.6264644|-9.141535|-7.7195454|-13.373392|-11.013103|-12.569466,-74.3520148,8
2_car_failed,Lucy failed to rent a car. It has a self-driving mode.,failed,it,Lu|cy|##failed|##to|##rent|##a|##car|.|##It|##has|##a|##self|-|driving|##mode|.|<|endoftext|>,-5.9156957|-9.34209|-10.238707|-9.264381|-10.018408|-9.287601|-9.475362|-10.319682|-14.5650215|-10.616589|-8.401604|-11.429136|-9.178257|-13.237769|-8.234534|-10.637702|-12.650419,-86.3006125,8
2_car_failed,Lucy failed to rent a car. It's not a big deal.,failed,subj,Lu|cy|##failed|##to|##rent|##a|##car|.|##It|'s|##not|##a|##big|##deal|.|<|endoftext|>,-5.9156957|-9.34209|-10.238707|-9.264381|-10.018408|-9.287601|-9.475362|-10.319682|-14.5650215|-10.893834|-7.83064|-9.758237|-7.806227|-13.743913|-10.742529|-12.587089,-75.3404015,8
3_bear_affirmative,Carol saw a bear at the zoo and it was taller than she expected.,affirmative,it,Car|ol|##saw|##a|##bear|##at|##the|##zoo|##and|##it|##was|##taller|##than|##she|##expected|.|<|endoftext|>,-7.5172167|-10.431095|-11.911659|-9.682954|-7.4448147|-8.581022|-9.047111|-9.249394|-7.27524|-9.699648|-9.637073|-12.617561|-11.423998|-10.34403|-12.621585|-10.313939|-12.616789,-76.657834,9
3_bear_affirmative,Carol saw a bear at the zoo and it's not a big deal.,affirmative,subj,Car|ol|##saw|##a|##bear|##at|##the|##zoo|##and|##it|'s|##not|##a|##big|##deal|.|<|endoftext|>,-7.5172167|-10.431095|-11.911659|-9.682954|-7.4448147|-8.581022|-9.047111|-9.249394|-7.27524|-9.699648|-8.723436|-7.6763773|-8.875336|-5.066025|-12.183608|-9.817581|-12.558801,-62.0420113,9
3_bear_negated,Carol didn't see a bear at the zoo and it was taller than she expected.,negated,it,Car|ol|##didn|'t|##see|##a|##bear|##at|##the|##zoo|##and|##it|##was|##taller|##than|##she|##expected|.|<|endoftext|>,-7.5172167|-10.431095|-14.309563|-11.371732|-11.103055|-10.333093|-7.755953|-9.1559725|-9.29299|-10.735465|-7.6003494|-9.880871|-9.071199|-12.527402|-11.367178|-10.760178|-12.457348|-10.470035|-12.62211,-76.53421099999998,11
3_bear_negated,Carol didn't see a bear at the zoo and it's not a big deal.,negated,subj,Car|ol|##didn|'t|##see|##a|##bear|##at|##the|##zoo|##and|##it|'s|##not|##a|##big|##deal|.|<|endoftext|>,-7.5172167|-10.431095|-14.309563|-11.371732|-11.103055|-10.333093|-7.755953|-9.1559725|-9.29299|-10.735465|-7.6003494|-9.880871|-10.396584|-8.136681|-9.028362|-6.487843|-13.191608|-10.210425|-12.590018,-67.332374,11
3_bear_know,I know that Carol saw a bear at the zoo. It was taller than she expected.,know,it,I|##know|##that|##Carol|##saw|##a|##bear|##at|##the|##zoo|.|##It|##was|##taller|##than|##she|##expected|.|<|endoftext|>,-8.253021|-10.449959|-5.3576436|-9.863471|-11.907537|-9.500105|-7.2689185|-8.173066|-9.015537|-10.542648|-10.083951|-13.961325|-9.5460615|-12.586662|-11.247706|-11.194407|-13.52133|-10.598654|-12.568557,-82.6561455,11
3_bear_know,I know that Carol saw a bear at the zoo. It's not a big deal.,know,subj,I|##know|##that|##Carol|##saw|##a|##bear|##at|##the|##zoo|.|##It|'s|##not|##a|##big|##deal|.|<|endoftext|>,-8.253021|-10.449959|-5.3576436|-9.863471|-11.907537|-9.500105|-7.2689185|-8.173066|-9.015537|-10.542648|-10.083951|-13.961325|-10.899423|-7.572229|-9.000447|-5.3129945|-13.285465|-10.301935|-12.492775,-70.3338185,11
3_bear_doubt,I doubt that Carol saw a bear at the zoo. It was taller than she expected.,doubt,it,I|##doubt|##that|##Carol|##saw|##a|##bear|##at|##the|##zoo|.|##It|##was|##taller|##than|##she|##expected|.|<|endoftext|>,-8.253021|-11.769142|-5.1762204|-9.279825|-12.345336|-9.99346|-7.8207693|-8.980297|-9.227928|-10.432203|-10.2364025|-14.272432|-9.915684|-11.927261|-11.063749|-11.2866955|-13.096345|-10.710688|-12.64637,-82.27285450000001,11
3_bear_doubt,I doubt that Carol saw a bear at the zoo. It's not a big deal.,doubt,subj,I|##doubt|##that|##Carol|##saw|##a|##bear|##at|##the|##zoo|.|##It|'s|##not|##a|##big|##deal|.|<|endoftext|>,-8.253021|-11.769142|-5.1762204|-9.279825|-12.345336|-9.99346|-7.8207693|-8.980297|-9.227928|-10.432203|-10.2364025|-14.272432|-11.012046|-7.9629097|-9.142597|-5.560791|-13.54339|-10.455561|-12.608309,-71.9497267,11
3_bear_modal,Carol wants to see a bear at the zoo and it was taller than she expected.,modal,it,Car|ol|##wants|##to|##see|##a|##bear|##at|##the|##zoo|##and|##it|##was|##taller|##than|##she|##expected|.|<|endoftext|>,-7.5172167|-10.431095|-13.218647|-8.627607|-10.94052|-9.046089|-7.33455|-8.372891|-9.368095|-10.393981|-7.288762|-9.156624|-9.565474|-11.858608|-10.489675|-9.951635|-12.35253|-9.936356|-12.636091,-73.31090200000001,11
3_bear_modal,Carol wants to see a bear at the zoo and it's not a big deal.,modal,subj,Car|ol|##wants|##to|##see|##a|##bear|##at|##the|##zoo|##and|##it|'s|##not|##a|##big|##deal|.|<|endoftext|>,-7.5172167|-10.431095|-13.218647|-8.627607|-10.94052|-9.046089|-7.33455|-8.372891|-9.368095|-10.393981|-7.288762|-9.156624|-10.422077|-7.9470115|-8.809044|-6.130984|-12.615776|-10.251455|-12.603676,-65.33297150000001,11
3_bear_managed,Carol managed to see a bear at the zoo. It was taller than she expected.,managed,it,Car|ol|##managed|##to|##see|##a|##bear|##at|##the|##zoo|.|##It|##was|##taller|##than|##she|##expected|.|<|endoftext|>,-7.5172167|-10.431095|-12.459076|-8.622763|-10.044099|-9.501554|-7.2705193|-8.006297|-8.777246|-9.205708|-10.08902|-13.829756|-9.1129465|-12.655423|-11.228409|-11.438896|-12.33465|-10.824215|-12.549949,-81.4242955,11
3_bear_managed,Carol managed to see a bear at the zoo. It's not a big deal.,managed,subj,Car|ol|##managed|##to|##see|##a|##bear|##at|##the|##zoo|.|##It|'s|##not|##a|##big|##deal|.|<|endoftext|>,-7.5172167|-10.431095|-12.459076|-8.622763|-10.044099|-9.501554|-7.2705193|-8.006297|-8.777246|-9.205708|-10.08902|-13.829756|-9.993456|-7.8019786|-9.09874|-5.552141|-13.063701|-10.500969|-12.518923,-69.8407416,11
3_bear_failed,Carol failed to see a bear at the zoo. It was taller than she expected.,failed,it,Car|ol|##failed|##to|##see|##a|##bear|##at|##the|##zoo|.|##It|##was|##taller|##than|##she|##expected|.|<|endoftext|>,-7.5172167|-10.431095|-10.026306|-9.276487|-10.457518|-10.223778|-7.5417037|-8.890465|-8.8968115|-9.31761|-9.817764|-13.812304|-9.037612|-12.377548|-11.000209|-11.251638|-12.737517|-10.733432|-12.612574,-80.95025999999999,11
3_bear_failed,Carol failed to see a bear at the zoo. It's not a big deal.,failed,subj,Car|ol|##failed|##to|##see|##a|##bear|##at|##the|##zoo|.|##It|'s|##not|##a|##big|##deal|.|<|endoftext|>,-7.5172167|-10.431095|-10.026306|-9.276487|-10.457518|-10.223778|-7.5417037|-8.890465|-8.8968115|-9.31761|-9.817764|-13.812304|-10.5878725|-8.08212|-9.28774|-6.414218|-13.6098995|-10.172288|-12.5966215,-71.966442,11
4_book_affirmative,Susan published a book and it is a real page-turner.,affirmative,it,Susan|##published|##a|##book|##and|##it|##is|##a|##real|##page|-|turn|er|.|<|endoftext|>,-13.138725|-9.113345|-9.105877|-8.8361225|-7.8658056|-10.43043|-9.510212|-8.8046055|-7.666274|-12.400948|-14.073084|-21.893974|-13.459436|-9.725474|-12.455496,-107.9644375,5
4_book_affirmative,Susan published a book and it's not a big deal.,affirmative,subj,Susan|##published|##a|##book|##and|##it|'s|##not|##a|##big|##deal|.|<|endoftext|>,-13.138725|-9.113345|-9.105877|-8.8361225|-7.8658056|-10.43043|-10.554183|-7.1167145|-8.916947|-6.8153496|-12.896055|-10.367577|-12.416161,-67.0972561,5
4_book_negated,Susan didn't publish a book and it is a real page-turner.,negated,it,Susan|##didn|'t|##publish|##a|##book|##and|##it|##is|##a|##real|##page|-|turn|er|.|<|endoftext|>,-13.138725|-13.8158245|-11.614627|-13.406667|-10.468625|-8.305967|-7.707753|-10.417878|-8.958199|-9.558657|-10.266813|-10.9989605|-12.281357|-21.430317|-13.069511|-9.707031|-12.476531,-106.68872350000001,7
4_book_negated,Susan didn't publish a book and it's not a big deal.,negated,subj,Susan|##didn|'t|##publish|##a|##book|##and|##it|'s|##not|##a|##big|##deal|.|<|endoftext|>,-13.138725|-13.8158245|-11.614627|-13.406667|-10.468625|-8.305967|-7.707753|-10.417878|-10.479907|-7.451331|-9.33964|-7.7474|-13.442602|-10.713179|-12.527589,-69.591937,7
4_book_know,I know that Susan published a book. It is a real page-turner.,know,it,I|##know|##that|##Susan|##published|##a|##book|.|##It|##is|##a|##real|##page|-|turn|er|.|<|endoftext|>,-8.253021|-10.449959|-5.3576436|-6.8638287|-9.826468|-9.425861|-8.668554|-10.082177|-14.239598|-9.763651|-8.854878|-8.016607|-11.163068|-12.409082|-20.942204|-13.670385|-9.945476|-12.476531,-109.004949,8
4_book_know,I know that Susan published a book. It's not a big deal.,know,subj,I|##know|##that|##Susan|##published|##a|##book|.|##It|'s|##not|##a|##big|##deal|.|<|endoftext|>,-8.253021|-10.449959|-5.3576436|-6.8638287|-9.826468|-9.425861|-8.668554|-10.082177|-14.239598|-11.341633|-7.144998|-8.961839|-6.881772|-13.195555|-10.610979|-12.484825,-72.376374,8
4_book_doubt,I doubt that Susan published a book. It is a real page-turner.,doubt,it,I|##doubt|##that|##Susan|##published|##a|##book|.|##It|##is|##a|##real|##page|-|turn|er|.|<|endoftext|>,-8.253021|-11.769142|-5.1762204|-6.6271205|-10.209487|-9.873609|-8.458779|-10.293007|-13.980402|-9.283537|-9.083971|-9.274866|-10.418061|-11.714882|-21.033113|-12.827761|-9.596307|-12.524479,-107.21289999999999,8
4_book_doubt,I doubt that Susan published a book. It's not a big deal.,doubt,subj,I|##doubt|##that|##Susan|##published|##a|##book|.|##It|'s|##not|##a|##big|##deal|.|<|endoftext|>,-8.253021|-11.769142|-5.1762204|-6.6271205|-10.209487|-9.873609|-8.458779|-10.293007|-13.980402|-10.775797|-7.7354045|-9.367791|-7.357717|-13.427363|-10.4231205|-12.578549,-73.06759500000001,8
4_book_modal,Susan wants to publish a book and it is a real page-turner.,modal,it,Susan|##wants|##to|##publish|##a|##book|##and|##it|##is|##a|##real|##page|-|turn|er|.|<|endoftext|>,-13.138725|-12.399617|-8.479563|-13.0463505|-10.017934|-9.304351|-7.3784456|-9.923578|-9.192329|-8.911783|-8.010161|-10.847897|-12.810148|-21.170881|-12.871902|-10.170036|-12.548843,-103.90871500000002,7
4_book_modal,Susan wants to publish a book and it's not a big deal.,modal,subj,Susan|##wants|##to|##publish|##a|##book|##and|##it|'s|##not|##a|##big|##deal|.|<|endoftext|>,-13.138725|-12.399617|-8.479563|-13.0463505|-10.017934|-9.304351|-7.3784456|-9.923578|-10.754748|-7.720591|-8.773498|-6.5832357|-13.19|-10.963997|-12.582462,-67.90964770000001,7
4_book_managed,Susan managed to write a book. It is a real page-turner.,managed,it,Susan|##managed|##to|##write|##a|##book|.|##It|##is|##a|##real|##page|-|turn|er|.|<|endoftext|>,-13.138725|-12.089238|-8.76468|-12.271682|-8.698161|-8.4618845|-10.574296|-14.236302|-9.7923765|-8.706122|-7.942405|-11.740472|-14.468391|-21.259115|-13.603422|-10.161768|-12.452966,-111.91037349999999,7
4_book_managed,Susan managed to write a book. It's not a big deal.,managed,subj,Susan|##managed|##to|##write|##a|##book|.|##It|'s|##not|##a|##big|##deal|.|<|endoftext|>,-13.138725|-12.089238|-8.76468|-12.271682|-8.698161|-8.4618845|-10.574296|-14.236302|-11.181028|-7.176798|-8.805559|-6.956937|-13.531957|-11.179071|-12.473068,-73.067652,7
4_book_failed,Susan failed to write a book. It is a real page-turner.,failed,it,Susan|##failed|##to|##write|##a|##book|.|##It|##is|##a|##real|##page|-|turn|er|.|<|endoftext|>,-13.138725|-9.14715|-9.071264|-12.005272|-9.791539|-7.5414166|-10.337441|-14.212597|-8.943201|-9.366936|-9.856094|-10.004074|-11.653671|-21.001225|-13.123214|-9.386788|-12.334692,-107.54780000000001,7
4_book_failed,Susan failed to write a book. It's not a big deal.,failed,subj,Susan|##failed|##to|##write|##a|##book|.|##It|'s|##not|##a|##big|##deal|.|<|endoftext|>,-13.138725|-9.14715|-9.071264|-12.005272|-9.791539|-7.5414166|-10.337441|-14.212597|-10.705556|-7.4461193|-9.509085|-7.655419|-14.054777|-10.4737835|-12.427669,-74.0573368,7
5_shirt_affirmative,Mary found a shirt at the store and it looks amazing on her.,affirmative,it,Mary|##found|##a|##shirt|##at|##the|##store|##and|##it|##looks|##amazing|##on|##her|.|<|endoftext|>,-9.069283|-10.063805|-9.319232|-8.08897|-9.277552|-9.104722|-8.021877|-7.671522|-10.376134|-12.656824|-11.346214|-9.698674|-8.751449|-9.867706|-12.512135,-62.69700099999999,8
5_shirt_affirmative,Mary found a shirt at the store and it's not a big deal.,affirmative,subj,Mary|##found|##a|##shirt|##at|##the|##store|##and|##it|'s|##not|##a|##big|##deal|.|<|endoftext|>,-9.069283|-10.063805|-9.319232|-8.08897|-9.277552|-9.104722|-8.021877|-7.671522|-10.376134|-10.484331|-7.4743395|-8.510768|-6.5559707|-12.580181|-10.426334|-12.551788,-66.40805819999999,8
5_shirt_negated,Mary didn't find a shirt at the store and it looks amazing on her.,negated,it,Mary|##didn|'t|##find|##a|##shirt|##at|##the|##store|##and|##it|##looks|##amazing|##on|##her|.|<|endoftext|>,-9.069283|-11.043015|-11.449337|-11.793635|-9.956462|-8.770805|-8.9791565|-9.019964|-9.277853|-7.683318|-10.40015|-12.238981|-11.806169|-9.87687|-9.192118|-9.841381|-12.54273,-63.355669,10
5_shirt_negated,Mary didn't find a shirt at the store and it's not a big deal.,negated,subj,Mary|##didn|'t|##find|##a|##shirt|##at|##the|##store|##and|##it|'s|##not|##a|##big|##deal|.|<|endoftext|>,-9.069283|-11.043015|-11.449337|-11.793635|-9.956462|-8.770805|-8.9791565|-9.019964|-9.277853|-7.683318|-10.40015|-10.654327|-7.782119|-8.776741|-7.5442066|-13.088295|-10.351202|-12.541787,-68.59704060000001,10
5_shirt_know,I know that Mary found a shirt at the store. It looks amazing on her.,know,it,I|##know|##that|##Mary|##found|##a|##shirt|##at|##the|##store|.|##It|##looks|##amazing|##on|##her|.|<|endoftext|>,-8.253021|-10.449959|-5.3576436|-6.3934784|-10.613201|-8.934271|-8.862791|-8.920456|-9.059271|-8.713801|-10.26557|-14.119781|-13.416413|-11.819364|-9.875922|-9.781158|-10.22889|-12.561374,-69.241528,11
5_shirt_know,I know that Mary found a shirt at the store. It's not a big deal.,know,subj,I|##know|##that|##Mary|##found|##a|##shirt|##at|##the|##store|.|##It|'s|##not|##a|##big|##deal|.|<|endoftext|>,-8.253021|-10.449959|-5.3576436|-6.3934784|-10.613201|-8.934271|-8.862791|-8.920456|-9.059271|-8.713801|-10.26557|-14.119781|-11.027372|-7.6661777|-8.519951|-6.551981|-13.468719|-10.48226|-12.591766,-71.8362417,11
5_shirt_doubt,I doubt that Mary found a shirt at the store. It looks amazing on her.,doubt,it,I|##doubt|##that|##Mary|##found|##a|##shirt|##at|##the|##store|.|##It|##looks|##amazing|##on|##her|.|<|endoftext|>,-8.253021|-11.769142|-5.1762204|-6.032135|-10.492983|-9.407154|-8.507582|-8.716796|-9.0300865|-9.226253|-10.401013|-14.23843|-12.626764|-11.920457|-9.520813|-9.598436|-10.049982|-12.556337,-67.954882,11
5_shirt_doubt,I doubt that Mary found a shirt at the store. It's not a big deal.,doubt,subj,I|##doubt|##that|##Mary|##found|##a|##shirt|##at|##the|##store|.|##It|'s|##not|##a|##big|##deal|.|<|endoftext|>,-8.253021|-11.769142|-5.1762204|-6.032135|-10.492983|-9.407154|-8.507582|-8.716796|-9.0300865|-9.226253|-10.401013|-14.23843|-11.08806|-8.111068|-8.921834|-6.9862475|-13.549406|-10.396156|-12.55128,-73.2912015,11
5_shirt_modal,Mary wants to find a shirt at the store and it looks amazing on her.,modal,it,Mary|##wants|##to|##find|##a|##shirt|##at|##the|##store|##and|##it|##looks|##amazing|##on|##her|.|<|endoftext|>,-9.069283|-12.184748|-8.5819435|-11.741823|-9.521562|-8.969075|-8.478088|-8.548964|-8.655863|-7.4520187|-9.468275|-13.046321|-12.209296|-9.949942|-8.688671|-10.170773|-12.589884,-63.533277999999996,10
5_shirt_modal,Mary wants to find a shirt at the store and it's not a big deal.,modal,subj,Mary|##wants|##to|##find|##a|##shirt|##at|##the|##store|##and|##it|'s|##not|##a|##big|##deal|.|<|endoftext|>,-9.069283|-12.184748|-8.5819435|-11.741823|-9.521562|-8.969075|-8.478088|-8.548964|-8.655863|-7.4520187|-9.468275|-10.467492|-8.140056|-8.226953|-6.695013|-12.608071|-10.714439|-12.615395,-66.320299,10
5_shirt_managed,Mary managed to find a shirt at the store. It looks amazing on her.,managed,it,Mary|##managed|##to|##find|##a|##shirt|##at|##the|##store|.|##It|##looks|##amazing|##on|##her|.|<|endoftext|>,-9.069283|-12.53453|-8.815116|-11.590442|-9.354844|-8.625181|-9.052404|-8.440652|-8.559378|-10.9752|-15.018728|-12.584829|-11.829087|-9.561331|-9.244349|-10.676148|-12.567956,-68.91447199999999,10
5_shirt_managed,Mary managed to find a shirt at the store. It's not a big deal.,managed,subj,Mary|##managed|##to|##find|##a|##shirt|##at|##the|##store|.|##It|'s|##not|##a|##big|##deal|.|<|endoftext|>,-9.069283|-12.53453|-8.815116|-11.590442|-9.354844|-8.625181|-9.052404|-8.440652|-8.559378|-10.9752|-15.018728|-10.759499|-7.8524685|-8.547647|-6.628379|-12.992282|-11.177016|-12.58882,-72.97601949999999,10
5_shirt_failed,Mary failed to find a shirt at the store. It looks amazing on her.,failed,it,Mary|##failed|##to|##find|##a|##shirt|##at|##the|##store|.|##It|##looks|##amazing|##on|##her|.|<|endoftext|>,-9.069283|-10.698535|-9.4475155|-11.105875|-10.102008|-8.538638|-8.909303|-8.708208|-8.45229|-10.498387|-15.220223|-12.839866|-11.475186|-9.105943|-9.250481|-10.022354|-12.527439,-67.914053,10
5_shirt_failed,Mary failed to find a shirt at the store. It's not a big deal.,failed,subj,Mary|##failed|##to|##find|##a|##shirt|##at|##the|##store|.|##It|'s|##not|##a|##big|##deal|.|<|endoftext|>,-9.069283|-10.698535|-9.4475155|-11.105875|-10.102008|-8.538638|-8.909303|-8.708208|-8.45229|-10.498387|-15.220223|-10.6409025|-7.850424|-9.25757|-8.003916|-13.429711|-10.807627|-12.539619,-75.2103735,10
6_rat_affirmative,Carla got a pet rat and it is very noisy at night.,affirmative,it,Car|la|##got|##a|##pet|##rat|##and|##it|##is|##very|##noisy|##at|##night|.|<|endoftext|>,-7.5172167|-13.147968|-10.021385|-8.947157|-7.159068|-9.280904|-7.3542166|-9.37389|-9.367426|-4.9977074|-12.364502|-9.60946|-9.988668|-9.338858|-12.209858,-65.0405114,7
6_rat_affirmative,Carla got a pet rat and it's not a big deal.,affirmative,subj,Car|la|##got|##a|##pet|##rat|##and|##it|'s|##not|##a|##big|##deal|.|<|endoftext|>,-7.5172167|-13.147968|-10.021385|-8.947157|-7.159068|-9.280904|-7.3542166|-9.37389|-10.156896|-7.7284474|-8.697647|-6.291135|-12.252193|-10.040049|-12.199279,-64.5402574,7
6_rat_negated,Carla didn't get a pet rat and it is very noisy at night.,negated,it,Car|la|##didn|'t|##get|##a|##pet|##rat|##and|##it|##is|##very|##noisy|##at|##night|.|<|endoftext|>,-7.5172167|-13.147968|-13.990722|-11.411977|-11.292408|-10.31887|-6.695018|-8.735509|-7.583843|-9.851637|-8.802372|-5.312432|-11.661578|-9.557123|-10.081214|-9.473008|-12.35885,-64.739364,9
6_rat_negated,Carla didn't get a pet rat and it's not a big deal.,negated,subj,Car|la|##didn|'t|##get|##a|##pet|##rat|##and|##it|'s|##not|##a|##big|##deal|.|<|endoftext|>,-7.5172167|-13.147968|-13.990722|-11.411977|-11.292408|-10.31887|-6.695018|-8.735509|-7.583843|-9.851637|-10.366753|-8.104333|-9.03303|-7.503524|-12.741497|-10.305597|-12.333687,-67.90637100000001,9
6_rat_know,I know that Carla got a pet rat. It is very noisy at night.,know,it,I|##know|##that|##Car|la|##got|##a|##pet|##rat|.|##It|##is|##very|##noisy|##at|##night|.|<|endoftext|>,-8.253021|-10.449959|-5.3576436|-11.2903185|-14.459777|-9.821922|-9.171989|-7.3179774|-9.724885|-9.883356|-14.047118|-9.526198|-5.2606697|-12.592647|-9.901543|-10.459587|-9.763478|-12.357168,-71.5512407,10
6_rat_know,I know that Carla got a pet rat. It's not a big deal.,know,subj,I|##know|##that|##Car|la|##got|##a|##pet|##rat|.|##It|'s|##not|##a|##big|##deal|.|<|endoftext|>,-8.253021|-10.449959|-5.3576436|-11.2903185|-14.459777|-9.821922|-9.171989|-7.3179774|-9.724885|-9.883356|-14.047118|-10.768454|-7.861753|-8.905881|-6.6913905|-13.052468|-10.3337|-12.399697,-71.6607645,10
6_rat_doubt,I doubt that Carla got a pet rat. It is very noisy at night.,doubt,it,I|##doubt|##that|##Car|la|##got|##a|##pet|##rat|.|##It|##is|##very|##noisy|##at|##night|.|<|endoftext|>,-8.253021|-11.769142|-5.1762204|-12.096319|-15.37331|-10.668447|-9.537372|-7.164664|-9.631176|-9.865492|-14.172395|-9.236554|-6.040902|-11.584554|-9.360813|-10.584625|-9.550385|-12.410403,-70.53022800000001,10
6_rat_doubt,I doubt that Carla got a pet rat. It's not a big deal.,doubt,subj,I|##doubt|##that|##Car|la|##got|##a|##pet|##rat|.|##It|'s|##not|##a|##big|##deal|.|<|endoftext|>,-8.253021|-11.769142|-5.1762204|-12.096319|-15.37331|-10.668447|-9.537372|-7.164664|-9.631176|-9.865492|-14.172395|-10.764984|-8.144416|-9.25537|-7.244385|-13.058335|-10.308741|-12.4426985,-72.948626,10
6_rat_modal,Carla wants to get a pet rat and it is very noisy at night.,modal,it,Car|la|##wants|##to|##get|##a|##pet|##rat|##and|##it|##is|##very|##noisy|##at|##night|.|<|endoftext|>,-7.5172167|-13.147968|-12.987505|-8.374977|-10.593685|-8.88696|-6.555789|-9.435724|-7.194705|-9.343726|-9.088174|-5.653919|-11.856755|-9.51704|-9.949314|-9.761648|-12.403151,-65.170576,9
6_rat_modal,Carla wants to get a pet rat and it's not a big deal.,modal,subj,Car|la|##wants|##to|##get|##a|##pet|##rat|##and|##it|'s|##not|##a|##big|##deal|.|<|endoftext|>,-7.5172167|-13.147968|-12.987505|-8.374977|-10.593685|-8.88696|-6.555789|-9.435724|-7.194705|-9.343726|-10.466091|-8.113728|-8.719131|-6.802928|-12.187866|-10.568386|-12.413285,-66.201856,9
6_rat_managed,Carla managed to get a pet rat. It is very noisy at night.,managed,it,Car|la|##managed|##to|##get|##a|##pet|##rat|.|##It|##is|##very|##noisy|##at|##night|.|<|endoftext|>,-7.5172167|-13.147968|-12.802347|-8.411194|-10.8666725|-9.484879|-7.118025|-8.773687|-9.888663|-13.735081|-9.043713|-5.420925|-12.171103|-9.002806|-10.096354|-9.390744|-12.216997,-68.860726,9
6_rat_managed,Carla managed to get a pet rat. It's not a big deal.,managed,subj,Car|la|##managed|##to|##get|##a|##pet|##rat|.|##It|'s|##not|##a|##big|##deal|.|<|endoftext|>,-7.5172167|-13.147968|-12.802347|-8.411194|-10.8666725|-9.484879|-7.118025|-8.773687|-9.888663|-13.735081|-10.339115|-7.9637775|-8.937497|-6.801255|-12.460381|-10.541552|-12.333945,-70.77865849999999,9
6_rat_failed,Carla failed to get a pet rat. It is very noisy at night.,failed,it,Car|la|##failed|##to|##get|##a|##pet|##rat|.|##It|##is|##very|##noisy|##at|##night|.|<|endoftext|>,-7.5172167|-13.147968|-10.720895|-9.267832|-11.23635|-9.935136|-6.520277|-8.665804|-9.7820215|-13.895834|-8.672712|-5.6548114|-11.481446|-9.466734|-10.140984|-9.452359|-12.26901,-68.76488040000001,9
6_rat_failed,Carla failed to get a pet rat. It's not a big deal.,failed,subj,Car|la|##failed|##to|##get|##a|##pet|##rat|.|##It|'s|##not|##a|##big|##deal|.|<|endoftext|>,-7.5172167|-13.147968|-10.720895|-9.267832|-11.23635|-9.935136|-6.520277|-8.665804|-9.7820215|-13.895834|-10.571641|-7.869558|-9.517248|-7.856558|-12.960543|-10.556903|-12.350817,-73.228285,9
7_beer_affirmative,Sam ordered a beer at the bar and it was warm.,affirmative,it,Sam|##ordered|##a|##beer|##at|##the|##bar|##and|##it|##was|##warm|.|<|endoftext|>,-9.976892|-11.407797|-8.806618|-8.299137|-8.426933|-8.909922|-8.916513|-7.4618874|-9.792272|-9.159198|-8.13812|-10.559403|-12.593534,-37.648993000000004,8
7_beer_affirmative,Sam ordered a beer at the bar and it's not a big deal.,affirmative,subj,Sam|##ordered|##a|##beer|##at|##the|##bar|##and|##it|'s|##not|##a|##big|##deal|.|<|endoftext|>,-9.976892|-11.407797|-8.806618|-8.299137|-8.426933|-8.909922|-8.916513|-7.4618874|-9.792272|-10.353344|-7.8722086|-9.158395|-7.1199365|-12.871936|-10.521497|-12.53348,-67.6895891,8
7_beer_negated,Sam didn't order a beer at the bar and it was warm.,negated,it,Sam|##didn|'t|##order|##a|##beer|##at|##the|##bar|##and|##it|##was|##warm|.|<|endoftext|>,-9.976892|-13.491691|-11.2358|-11.478717|-9.4370575|-9.596245|-8.851814|-9.186356|-8.38173|-7.7379327|-10.09794|-8.951378|-9.244273|-10.383194|-12.579132,-38.676784999999995,10
7_beer_negated,Sam didn't order a beer at the bar and it's not a big deal.,negated,subj,Sam|##didn|'t|##order|##a|##beer|##at|##the|##bar|##and|##it|'s|##not|##a|##big|##deal|.|<|endoftext|>,-9.976892|-13.491691|-11.2358|-11.478717|-9.4370575|-9.596245|-8.851814|-9.186356|-8.38173|-7.7379327|-10.09794|-10.807917|-8.067027|-9.125437|-8.615931|-13.749167|-10.549138|-12.536275,-71.012557,10
7_beer_know,I know that Sam ordered a beer at the bar. It was warm.,know,it,I|##know|##that|##Sam|##ordered|##a|##beer|##at|##the|##bar|.|##It|##was|##warm|.|<|endoftext|>,-8.253021|-10.449959|-5.3576436|-7.7692976|-12.191228|-8.60482|-8.128493|-7.7674713|-8.963509|-8.891048|-10.230494|-14.324391|-9.059787|-8.074541|-10.424992|-12.668887,-41.883711,11
7_beer_know,I know that Sam ordered a beer at the bar. It's not a big deal.,know,subj,I|##know|##that|##Sam|##ordered|##a|##beer|##at|##the|##bar|.|##It|'s|##not|##a|##big|##deal|.|<|endoftext|>,-8.253021|-10.449959|-5.3576436|-7.7692976|-12.191228|-8.60482|-8.128493|-7.7674713|-8.963509|-8.891048|-10.230494|-14.324391|-10.934886|-7.7260356|-9.2493725|-8.260759|-13.555299|-10.314129|-12.62992,-74.3648721,11
7_beer_doubt,I doubt that Sam ordered a beer at the bar. It was warm.,doubt,it,I|##doubt|##that|##Sam|##ordered|##a|##beer|##at|##the|##bar|.|##It|##was|##warm|.|<|endoftext|>,-8.253021|-11.769142|-5.1762204|-7.843871|-12.45553|-9.203272|-8.3865795|-8.231296|-8.948412|-8.841459|-10.351046|-14.219824|-9.366441|-9.008879|-10.459095|-12.680305,-43.054238999999995,11
7_beer_doubt,I doubt that Sam ordered a beer at the bar. It's not a big deal.,doubt,subj,I|##doubt|##that|##Sam|##ordered|##a|##beer|##at|##the|##bar|.|##It|'s|##not|##a|##big|##deal|.|<|endoftext|>,-8.253021|-11.769142|-5.1762204|-7.843871|-12.45553|-9.203272|-8.3865795|-8.231296|-8.948412|-8.841459|-10.351046|-14.219824|-10.903404|-8.501261|-9.1151085|-7.6474466|-13.634001|-10.399104|-12.664136,-74.42014909999999,11
7_beer_modal,Sam wants to order a beer at the bar and it was warm.,modal,it,Sam|##wants|##to|##order|##a|##beer|##at|##the|##bar|##and|##it|##was|##warm|.|<|endoftext|>,-9.976892|-11.866396|-8.285227|-10.3726635|-8.855501|-8.588868|-8.474241|-8.993822|-8.0564165|-7.2902713|-9.653766|-9.750516|-9.242521|-10.3485985|-12.679037,-38.9954015,10
7_beer_modal,Sam wants to order a beer at the bar and it's not a big deal.,modal,subj,Sam|##wants|##to|##order|##a|##beer|##at|##the|##bar|##and|##it|'s|##not|##a|##big|##deal|.|<|endoftext|>,-9.976892|-11.866396|-8.285227|-10.3726635|-8.855501|-8.588868|-8.474241|-8.993822|-8.0564165|-7.2902713|-9.653766|-10.387773|-8.081403|-8.997941|-8.094409|-13.133198|-10.880827|-12.667212,-69.22931700000001,10
7_beer_managed,Sam managed to order a beer at the bar. It was warm.,managed,it,Sam|##managed|##to|##order|##a|##beer|##at|##the|##bar|.|##It|##was|##warm|.|<|endoftext|>,-9.976892|-12.11132|-8.670466|-10.113304|-8.756592|-9.1828985|-7.995325|-8.931352|-8.869894|-10.7054615|-15.136031|-9.173721|-7.7290454|-11.029755|-12.618368,-43.0685524,10
7_beer_managed,Sam managed to order a beer at the bar. It's not a big deal.,managed,subj,Sam|##managed|##to|##order|##a|##beer|##at|##the|##bar|.|##It|'s|##not|##a|##big|##deal|.|<|endoftext|>,-9.976892|-12.11132|-8.670466|-10.113304|-8.756592|-9.1828985|-7.995325|-8.931352|-8.869894|-10.7054615|-15.136031|-10.744096|-7.9266276|-9.328333|-8.016499|-13.259269|-10.955911|-12.575341,-75.3667666,10
7_beer_failed,Sam failed to order a beer at the bar. It was warm.,failed,it,Sam|##failed|##to|##order|##a|##beer|##at|##the|##bar|.|##It|##was|##warm|.|<|endoftext|>,-9.976892|-9.049547|-9.09401|-10.226726|-9.144042|-9.10469|-8.249037|-8.804643|-8.443994|-10.165556|-14.967145|-8.970336|-9.307148|-10.70986|-12.6242895,-43.954488999999995,10
7_beer_failed,Sam failed to order a beer at the bar. It's not a big deal.,failed,subj,Sam|##failed|##to|##order|##a|##beer|##at|##the|##bar|.|##It|'s|##not|##a|##big|##deal|.|<|endoftext|>,-9.976892|-9.049547|-9.09401|-10.226726|-9.144042|-9.10469|-8.249037|-8.804643|-8.443994|-10.165556|-14.967145|-10.9259|-7.8918905|-9.693636|-8.545071|-13.702932|-10.521073|-12.602699,-76.2476475,10
8_cake_affirmative,Michael baked a cake and it was the best thing at the picnic.,affirmative,it,Michael|##baked|##a|##cake|##and|##it|##was|##the|##best|##thing|##at|##the|##picnic|.|<|endoftext|>,-11.507156|-7.5426345|-8.987278|-8.097986|-7.0131207|-9.535085|-9.596138|-8.857573|-9.48127|-10.750899|-9.528294|-9.947487|-8.956285|-9.534618|-12.374852,-86.187649,5
8_cake_affirmative,Michael baked a cake and it's not a big deal.,affirmative,subj,Michael|##baked|##a|##cake|##and|##it|'s|##not|##a|##big|##deal|.|<|endoftext|>,-11.507156|-7.5426345|-8.987278|-8.097986|-7.0131207|-9.535085|-10.540997|-7.380655|-8.934808|-6.571716|-12.709954|-9.710263|-12.306229,-65.383478,5
8_cake_negated,Michael didn't bake a cake and it was the best thing at the picnic.,negated,it,Michael|##didn|'t|##bake|##a|##cake|##and|##it|##was|##the|##best|##thing|##at|##the|##picnic|.|<|endoftext|>,-11.507156|-12.001575|-11.653961|-9.924418|-10.017622|-10.250677|-7.3744774|-10.147877|-9.389491|-8.653027|-8.966977|-9.636199|-9.653721|-10.001647|-9.0890045|-9.838062|-12.460085,-85.37600550000002,7
8_cake_negated,Michael didn't bake a cake and it's not a big deal.,negated,subj,Michael|##didn|'t|##bake|##a|##cake|##and|##it|'s|##not|##a|##big|##deal|.|<|endoftext|>,-11.507156|-12.001575|-11.653961|-9.924418|-10.017622|-10.250677|-7.3744774|-10.147877|-10.766565|-7.519729|-9.289451|-7.946223|-13.503363|-10.321577|-12.480387,-69.494785,7
8_cake_know,I know that Michael baked a cake. It was the best thing at the picnic.,know,it,I|##know|##that|##Michael|##baked|##a|##cake|.|##It|##was|##the|##best|##thing|##at|##the|##picnic|.|<|endoftext|>,-8.253021|-10.449959|-5.3576436|-5.960206|-8.2144375|-8.961946|-8.566586|-9.552338|-14.250459|-9.2952795|-8.188608|-9.263647|-10.893212|-9.629488|-9.756716|-9.15308|-9.916429|-12.572301,-90.34691850000002,8
8_cake_know,I know that Michael baked a cake. It's not a big deal.,know,subj,I|##know|##that|##Michael|##baked|##a|##cake|.|##It|'s|##not|##a|##big|##deal|.|<|endoftext|>,-8.253021|-10.449959|-5.3576436|-5.960206|-8.2144375|-8.961946|-8.566586|-9.552338|-14.250459|-10.870452|-7.499444|-9.019634|-6.5817714|-13.716135|-9.9364605|-12.491609,-71.8743559,8
8_cake_doubt,I doubt that Michael baked a cake. It was the best thing at the picnic.,doubt,it,I|##doubt|##that|##Michael|##baked|##a|##cake|.|##It|##was|##the|##best|##thing|##at|##the|##picnic|.|<|endoftext|>,-8.253021|-11.769142|-5.1762204|-6.1898813|-7.5396066|-9.336878|-9.226778|-9.900302|-14.185465|-9.50043|-8.6049|-8.800196|-10.939052|-9.5134115|-9.734511|-9.073347|-9.887861|-12.628,-90.2391735,8
8_cake_doubt,I doubt that Michael baked a cake. It's not a big deal.,doubt,subj,I|##doubt|##that|##Michael|##baked|##a|##cake|.|##It|'s|##not|##a|##big|##deal|.|<|endoftext|>,-8.253021|-11.769142|-5.1762204|-6.1898813|-7.5396066|-9.336878|-9.226778|-9.900302|-14.185465|-10.710488|-8.004131|-9.661324|-7.004839|-13.905335|-10.162064|-12.556863,-73.633646,8
8_cake_modal,Michael wants to bake a cake and it was the best thing at the picnic.,modal,it,Michael|##wants|##to|##bake|##a|##cake|##and|##it|##was|##the|##best|##thing|##at|##the|##picnic|.|<|endoftext|>,-11.507156|-12.848371|-8.522835|-9.445478|-9.773091|-8.731003|-6.9947586|-9.528011|-9.9588175|-8.465989|-8.94662|-9.462664|-9.540969|-9.6492195|-9.0424185|-9.887999|-12.510162,-84.4827075,7
8_cake_modal,Michael wants to bake a cake and it's not a big deal.,modal,subj,Michael|##wants|##to|##bake|##a|##cake|##and|##it|'s|##not|##a|##big|##deal|.|<|endoftext|>,-11.507156|-12.848371|-8.522835|-9.445478|-9.773091|-8.731003|-6.9947586|-9.528011|-10.576384|-7.546951|-8.967465|-6.574107|-13.190342|-10.474561|-12.513954,-66.85782099999999,7
8_cake_managed,Michael managed to bake a cake. It was the best thing at the picnic.,managed,it,Michael|##managed|##to|##bake|##a|##cake|.|##It|##was|##the|##best|##thing|##at|##the|##picnic|.|<|endoftext|>,-11.507156|-12.10854|-8.79483|-11.638915|-8.942256|-9.214307|-9.977356|-14.411065|-9.369859|-8.623381|-9.374819|-10.580825|-9.853109|-9.803619|-9.389835|-10.429479|-12.580209,-91.835991,7
8_cake_managed,Michael managed to bake a cake. It's not a big deal.,managed,subj,Michael|##managed|##to|##bake|##a|##cake|.|##It|'s|##not|##a|##big|##deal|.|<|endoftext|>,-11.507156|-12.10854|-8.79483|-11.638915|-8.942256|-9.214307|-9.977356|-14.411065|-10.714642|-7.6712794|-8.833227|-7.0071793|-13.37384|-10.702597|-12.533174,-72.7138297,7
8_cake_failed,Michael failed to bake a cake. It was the best thing at the picnic.,failed,it,Michael|##failed|##to|##bake|##a|##cake|.|##It|##was|##the|##best|##thing|##at|##the|##picnic|.|<|endoftext|>,-11.507156|-9.058196|-8.941087|-9.429414|-9.418278|-9.245286|-9.541141|-14.492806|-9.052469|-8.576954|-8.548905|-10.289528|-9.621377|-9.541473|-9.269405|-10.028009|-12.496495,-89.42092600000001,7
8_cake_failed,Michael failed to bake a cake. It's not a big deal.,failed,subj,Michael|##failed|##to|##bake|##a|##cake|.|##It|'s|##not|##a|##big|##deal|.|<|endoftext|>,-11.507156|-9.058196|-8.941087|-9.429414|-9.418278|-9.245286|-9.541141|-14.492806|-10.691185|-7.3515663|-9.149873|-7.6617217|-13.67823|-10.09145|-12.507978,-73.116832,7
9_letter_affirmative,Carolyn wrote a letter to her parents and it arrived three days after she sent it.,affirmative,it,Car|olyn|##wrote|##a|##letter|##to|##her|##parents|##and|##it|##arrived|##three|##days|##after|##she|##sent|##it|.|<|endoftext|>,-7.5172167|-14.190676|-12.685987|-9.283796|-8.485653|-9.065218|-8.998713|-11.813357|-7.6763926|-10.688549|-11.116187|-11.933435|-12.005575|-10.171713|-10.587001|-11.414736|-9.73699|-10.728439|-12.590937,-98.382625,9
9_letter_affirmative,Carolyn wrote a letter to her parents and it's not a big deal.,affirmative,subj,Car|olyn|##wrote|##a|##letter|##to|##her|##parents|##and|##it|'s|##not|##a|##big|##deal|.|<|endoftext|>,-7.5172167|-14.190676|-12.685987|-9.283796|-8.485653|-9.065218|-8.998713|-11.813357|-7.6763926|-10.688549|-10.930057|-7.5714946|-9.309145|-7.2307706|-13.136431|-10.836615|-12.495738,-69.7030622,9
9_letter_negated,Carolyn didn't write a letter to her parents and it arrived three days after she sent it.,negated,it,Car|olyn|##didn|'t|##write|##a|##letter|##to|##her|##parents|##and|##it|##arrived|##three|##days|##after|##she|##sent|##it|.|<|endoftext|>,-7.5172167|-14.190676|-14.055525|-11.746869|-11.923832|-10.34622|-9.679918|-8.880577|-9.120557|-12.086178|-7.735124|-10.208302|-12.018631|-11.592368|-11.71331|-10.409525|-10.420181|-11.502135|-9.858934|-10.685214|-12.522567,-98.40859999999999,11
9_letter_negated,Carolyn didn't write a letter to her parents and it's not a big deal.,negated,subj,Car|olyn|##didn|'t|##write|##a|##letter|##to|##her|##parents|##and|##it|'s|##not|##a|##big|##deal|.|<|endoftext|>,-7.5172167|-14.190676|-14.055525|-11.746869|-11.923832|-10.34622|-9.679918|-8.880577|-9.120557|-12.086178|-7.735124|-10.208302|-11.127053|-8.237736|-9.586359|-7.7590275|-13.86571|-11.032304|-12.457739,-71.8164915,11
9_letter_know,I know that Carolyn wrote a letter to her parents. It arrived three days after she sent it.,know,it,I|##know|##that|##Carolyn|##wrote|##a|##letter|##to|##her|##parents|.|##It|##arrived|##three|##days|##after|##she|##sent|##it|.|<|endoftext|>,-8.253021|-10.449959|-5.3576436|-9.821015|-12.948979|-9.254856|-8.870079|-8.777389|-8.770995|-11.142079|-10.654849|-14.262804|-11.656449|-11.24396|-11.320531|-10.1156225|-10.75926|-11.168948|-9.930214|-10.545652|-12.612417,-101.0034405,11
9_letter_know,I know that Carolyn wrote a letter to her parents. It's not a big deal.,know,subj,I|##know|##that|##Carolyn|##wrote|##a|##letter|##to|##her|##parents|.|##It|'s|##not|##a|##big|##deal|.|<|endoftext|>,-8.253021|-10.449959|-5.3576436|-9.821015|-12.948979|-9.254856|-8.870079|-8.777389|-8.770995|-11.142079|-10.654849|-14.262804|-11.379896|-7.297997|-9.335565|-6.918705|-13.501119|-10.848985|-12.564134,-73.54507100000001,11
9_letter_doubt,I doubt that Carolyn wrote a letter to her parents. It arrived three days after she sent it.,doubt,it,I|##doubt|##that|##Carolyn|##wrote|##a|##letter|##to|##her|##parents|.|##It|##arrived|##three|##days|##after|##she|##sent|##it|.|<|endoftext|>,-8.253021|-11.769142|-5.1762204|-9.520815|-12.721075|-9.709591|-9.478109|-8.715591|-9.282272|-11.511759|-10.652211|-14.177772|-11.434426|-10.962312|-11.058903|-10.334276|-10.43791|-11.049047|-10.362513|-10.314841|-12.602923,-100.132,11
9_letter_doubt,I doubt that Carolyn wrote a letter to her parents. It's not a big deal.,doubt,subj,I|##doubt|##that|##Carolyn|##wrote|##a|##letter|##to|##her|##parents|.|##It|'s|##not|##a|##big|##deal|.|<|endoftext|>,-8.253021|-11.769142|-5.1762204|-9.520815|-12.721075|-9.709591|-9.478109|-8.715591|-9.282272|-11.511759|-10.652211|-14.177772|-11.200178|-8.225985|-9.591952|-7.3597565|-13.942524|-10.684906|-12.579665,-75.1830735,11
9_letter_modal,Carolyn wants to write a letter to her parents and it arrived three days after she sent it.,modal,it,Car|olyn|##wants|##to|##write|##a|##letter|##to|##her|##parents|##and|##it|##arrived|##three|##days|##after|##she|##sent|##it|.|<|endoftext|>,-7.5172167|-14.190676|-12.967413|-8.57999|-11.94393|-9.854685|-9.354074|-8.564291|-8.726102|-11.717656|-7.845676|-9.93022|-11.330325|-11.598653|-11.882284|-9.928024|-10.165833|-11.1203|-9.312609|-10.478643|-12.610271,-95.746891,11
9_letter_modal,Carolyn wants to write a letter to her parents and it's not a big deal.,modal,subj,Car|olyn|##wants|##to|##write|##a|##letter|##to|##her|##parents|##and|##it|'s|##not|##a|##big|##deal|.|<|endoftext|>,-7.5172167|-14.190676|-12.967413|-8.57999|-11.94393|-9.854685|-9.354074|-8.564291|-8.726102|-11.717656|-7.845676|-9.93022|-11.092768|-8.080341|-9.105116|-6.875782|-13.359562|-11.001102|-12.548992,-69.444891,11
9_letter_managed,Carolyn managed to write a letter to her parents. It arrived three days after she sent it.,managed,it,Car|olyn|##managed|##to|##write|##a|##letter|##to|##her|##parents|.|##It|##arrived|##three|##days|##after|##she|##sent|##it|.|<|endoftext|>,-7.5172167|-14.190676|-12.397939|-8.80104|-12.127659|-8.805193|-8.673359|-8.964617|-8.847617|-11.790637|-11.01514|-14.434016|-11.704299|-11.614008|-11.4084835|-10.116226|-10.305255|-11.435135|-10.212574|-10.875701|-12.669874,-102.10569749999999,11
9_letter_managed,Carolyn managed to write a letter to her parents. It's not a big deal.,managed,subj,Car|olyn|##managed|##to|##write|##a|##letter|##to|##her|##parents|.|##It|'s|##not|##a|##big|##deal|.|<|endoftext|>,-7.5172167|-14.190676|-12.397939|-8.80104|-12.127659|-8.805193|-8.673359|-8.964617|-8.847617|-11.790637|-11.01514|-14.434016|-11.376739|-7.771338|-9.6783905|-7.5278826|-13.432381|-11.308351|-12.629465,-75.5290981,11
9_letter_failed,Carolyn failed to write a letter to her parents. It arrived three days after she sent it.,failed,it,Car|olyn|##failed|##to|##write|##a|##letter|##to|##her|##parents|.|##It|##arrived|##three|##days|##after|##she|##sent|##it|.|<|endoftext|>,-7.5172167|-14.190676|-10.785712|-9.220493|-11.792978|-9.7426405|-9.1205|-8.914825|-8.96176|-11.725411|-10.671304|-14.6135025|-11.643663|-11.467546|-11.533636|-10.07315|-10.347177|-10.922107|-10.068298|-10.616669|-12.523532,-101.2857485,11
9_letter_failed,Carolyn failed to write a letter to her parents. It's not a big deal.,failed,subj,Car|olyn|##failed|##to|##write|##a|##letter|##to|##her|##parents|.|##It|'s|##not|##a|##big|##deal|.|<|endoftext|>,-7.5172167|-14.190676|-10.785712|-9.220493|-11.792978|-9.7426405|-9.1205|-8.914825|-8.96176|-11.725411|-10.671304|-14.6135025|-11.299309|-8.209496|-9.845772|-7.718901|-14.214728|-10.9670315|-12.494526,-76.86874,11
10_hat_affirmative,Chris knitted a hat and it was very colorful.,affirmative,it,Chris|##kn|itted|##a|##hat|##and|##it|##was|##very|##colorful|.|<|endoftext|>,-11.102076|-12.449965|-15.727081|-9.225355|-8.374531|-7.8866363|-9.535638|-9.537942|-4.591717|-10.587463|-9.973206|-12.142619,-44.22596599999999,6
10_hat_affirmative,Chris knitted a hat and it's not a big deal.,affirmative,subj,Chris|##kn|itted|##a|##hat|##and|##it|'s|##not|##a|##big|##deal|.|<|endoftext|>,-11.102076|-12.449965|-15.727081|-9.225355|-8.374531|-7.8866363|-9.535638|-10.122784|-7.1618247|-9.07165|-5.830639|-12.846389|-10.008325|-12.126279,-64.57724970000001,6
10_hat_negated,Chris didn't knit a hat and it was very colorful.,negated,it,Chris|##didn|'t|##knit|##a|##hat|##and|##it|##was|##very|##colorful|.|<|endoftext|>,-11.102076|-10.351423|-11.337366|-8.183801|-9.786672|-9.142729|-7.6775284|-9.931875|-9.561082|-5.0200634|-10.923755|-9.871416|-12.355418,-45.3081914,7
10_hat_negated,Chris didn't knit a hat and it's not a big deal.,negated,subj,Chris|##didn|'t|##knit|##a|##hat|##and|##it|'s|##not|##a|##big|##deal|.|<|endoftext|>,-11.102076|-10.351423|-11.337366|-8.183801|-9.786672|-9.142729|-7.6775284|-9.931875|-10.578409|-7.590378|-8.922348|-7.746663|-13.389963|-10.217481|-12.381993,-68.377117,7
10_hat_know,I know that Chris knitted a hat. It was very colorful.,know,it,I|##know|##that|##Chris|##kn|itted|##a|##hat|.|##It|##was|##very|##colorful|.|<|endoftext|>,-8.253021|-10.449959|-5.3576436|-6.609042|-12.671458|-16.9012|-8.805858|-7.7321043|-9.773964|-14.080866|-9.5350275|-5.067485|-10.605112|-10.299267|-12.400758,-49.587757499999995,9
10_hat_know,I know that Chris knitted a hat. It's not a big deal.,know,subj,I|##know|##that|##Chris|##kn|itted|##a|##hat|.|##It|'s|##not|##a|##big|##deal|.|<|endoftext|>,-8.253021|-10.449959|-5.3576436|-6.609042|-12.671458|-16.9012|-8.805858|-7.7321043|-9.773964|-14.080866|-11.044805|-7.5040245|-8.707531|-6.858397|-13.637723|-10.376064|-12.4060135,-72.20941049999999,9
10_hat_doubt,I doubt that Chris knitted a hat. It was very colorful.,doubt,it,I|##doubt|##that|##Chris|##kn|itted|##a|##hat|.|##It|##was|##very|##colorful|.|<|endoftext|>,-8.253021|-11.769142|-5.1762204|-5.832738|-12.880393|-17.340866|-9.459471|-7.7165956|-9.972217|-14.061794|-9.718344|-5.707919|-10.970806|-10.0928|-12.497163,-50.551663000000005,9
10_hat_doubt,I doubt that Chris knitted a hat. It's not a big deal.,doubt,subj,I|##doubt|##that|##Chris|##kn|itted|##a|##hat|.|##It|'s|##not|##a|##big|##deal|.|<|endoftext|>,-8.253021|-11.769142|-5.1762204|-5.832738|-12.880393|-17.340866|-9.459471|-7.7165956|-9.972217|-14.061794|-10.746021|-7.8053894|-9.132909|-6.9180403|-13.74554|-10.4521885|-12.495827,-72.8618822,9
10_hat_modal,Chris wants to knit a hat and it was very colorful.,modal,it,Chris|##wants|##to|##knit|##a|##hat|##and|##it|##was|##very|##colorful|.|<|endoftext|>,-11.102076|-11.867345|-8.494115|-7.6537952|-9.045012|-8.3000965|-7.509036|-9.249683|-9.955884|-5.3759356|-10.242373|-9.878378|-12.598094,-44.7022536,7
10_hat_modal,Chris wants to knit a hat and it's not a big deal.,modal,subj,Chris|##wants|##to|##knit|##a|##hat|##and|##it|'s|##not|##a|##big|##deal|.|<|endoftext|>,-11.102076|-11.867345|-8.494115|-7.6537952|-9.045012|-8.3000965|-7.509036|-9.249683|-10.605986|-7.6821184|-8.659772|-7.079054|-12.787827|-10.358985|-12.608493,-66.4234254,7
10_hat_managed,Chris managed to knit a hat. It was very colorful.,managed,it,Chris|##managed|##to|##knit|##a|##hat|.|##It|##was|##very|##colorful|.|<|endoftext|>,-11.102076|-11.942614|-8.755096|-9.235252|-8.809537|-7.761688|-10.175494|-14.320778|-9.835252|-5.357397|-10.743663|-10.611404|-12.519827,-50.868494,7
10_hat_managed,Chris managed to knit a hat. It's not a big deal.,managed,subj,Chris|##managed|##to|##knit|##a|##hat|.|##It|'s|##not|##a|##big|##deal|.|<|endoftext|>,-11.102076|-11.942614|-8.755096|-9.235252|-8.809537|-7.761688|-10.175494|-14.320778|-10.902111|-7.68725|-8.796776|-6.665315|-13.159652|-10.6700115|-12.4833555,-72.2018935,7
10_hat_failed,Chris failed to knit a hat. It was very colorful.,failed,it,Chris|##failed|##to|##knit|##a|##hat|.|##It|##was|##very|##colorful|.|<|endoftext|>,-11.102076|-9.634362|-8.86546|-8.2129135|-9.207032|-8.044794|-9.657259|-14.186802|-9.440128|-5.2395177|-10.746258|-10.074747|-12.386622,-49.6874527,7
10_hat_failed,Chris failed to knit a hat. It's not a big deal.,failed,subj,Chris|##failed|##to|##knit|##a|##hat|.|##It|'s|##not|##a|##big|##deal|.|<|endoftext|>,-11.102076|-9.634362|-8.86546|-8.2129135|-9.207032|-8.044794|-9.657259|-14.186802|-10.895421|-7.670414|-9.437969|-8.1857815|-13.423618|-10.019966|-12.410391,-73.8199715,7
11_cod_affirmative,Sarah caught a cod and it made a fantastic dinner.,affirmative,it,Sarah|##caught|##a|##cod|##and|##it|##made|##a|##fantastic|##dinner|.|<|endoftext|>,-11.177863|-10.800241|-10.276903|-7.1024323|-7.279275|-9.288429|-11.401722|-8.157524|-13.28121|-6.034069|-10.38855|-12.508799,-58.55150400000001,5
11_cod_affirmative,Sarah caught a cod and it's not a big deal.,affirmative,subj,Sarah|##caught|##a|##cod|##and|##it|'s|##not|##a|##big|##deal|.|<|endoftext|>,-11.177863|-10.800241|-10.276903|-7.1024323|-7.279275|-9.288429|-10.115768|-7.4334707|-8.860327|-6.457575|-12.424527|-10.258619|-12.4858885,-64.8387157,5
11_cod_negated,Sarah didn't catch a cod and it made a fantastic dinner.,negated,it,Sarah|##didn|'t|##catch|##a|##cod|##and|##it|##made|##a|##fantastic|##dinner|.|<|endoftext|>,-11.177863|-12.25003|-11.474595|-11.840608|-10.471898|-8.074121|-7.276745|-9.879874|-11.530302|-8.348141|-12.465576|-5.7854323|-10.009455|-12.521257,-58.0187803,7
11_cod_negated,Sarah didn't catch a cod and it's not a big deal.,negated,subj,Sarah|##didn|'t|##catch|##a|##cod|##and|##it|'s|##not|##a|##big|##deal|.|<|endoftext|>,-11.177863|-12.25003|-11.474595|-11.840608|-10.471898|-8.074121|-7.276745|-9.879874|-10.588156|-7.73068|-8.88929|-7.64776|-12.677647|-10.095515|-12.518643,-67.508922,7
11_cod_know,I know that Sarah caught a cod. It made a fantastic dinner.,know,it,I|##know|##that|##Sarah|##caught|##a|##cod|.|##It|##made|##a|##fantastic|##dinner|.|<|endoftext|>,-8.253021|-10.449959|-5.3576436|-7.6139703|-10.733336|-9.415416|-7.1749163|-9.565546|-13.707458|-11.372363|-8.68771|-12.434883|-6.1544933|-10.150316|-12.486427,-62.50722330000001,8
11_cod_know,I know that Sarah caught a cod. It's not a big deal.,know,subj,I|##know|##that|##Sarah|##caught|##a|##cod|.|##It|'s|##not|##a|##big|##deal|.|<|endoftext|>,-8.253021|-10.449959|-5.3576436|-7.6139703|-10.733336|-9.415416|-7.1749163|-9.565546|-13.707458|-10.773384|-7.445823|-8.861164|-6.619216|-13.03181|-10.394895|-12.514285,-70.83375000000001,8
11_cod_doubt,I doubt that Sarah caught a cod. It made a fantastic dinner.,doubt,it,I|##doubt|##that|##Sarah|##caught|##a|##cod|.|##It|##made|##a|##fantastic|##dinner|.|<|endoftext|>,-8.253021|-11.769142|-5.1762204|-7.9269834|-11.1005535|-10.2927475|-7.0605574|-9.832949|-14.13894|-11.182016|-8.561937|-12.170774|-6.1591315|-9.964399|-12.491651,-62.177197500000005,8
11_cod_doubt,I doubt that Sarah caught a cod. It's not a big deal.,doubt,subj,I|##doubt|##that|##Sarah|##caught|##a|##cod|.|##It|'s|##not|##a|##big|##deal|.|<|endoftext|>,-8.253021|-11.769142|-5.1762204|-7.9269834|-11.1005535|-10.2927475|-7.0605574|-9.832949|-14.13894|-10.60998|-7.8659253|-9.233407|-7.4020534|-13.066402|-10.33073|-12.490237,-72.6474377,8
11_cod_modal,Sarah wants to catch a cod and it made a fantastic dinner.,modal,it,Sarah|##wants|##to|##catch|##a|##cod|##and|##it|##made|##a|##fantastic|##dinner|.|<|endoftext|>,-11.177863|-12.339765|-8.366411|-12.214757|-9.87024|-7.4187975|-7.1682086|-9.826811|-11.156588|-8.411928|-12.386377|-6.0374537|-10.03726|-12.47859,-57.856417699999994,7
11_cod_modal,Sarah wants to catch a cod and it's not a big deal.,modal,subj,Sarah|##wants|##to|##catch|##a|##cod|##and|##it|'s|##not|##a|##big|##deal|.|<|endoftext|>,-11.177863|-12.339765|-8.366411|-12.214757|-9.87024|-7.4187975|-7.1682086|-9.826811|-10.711293|-7.736115|-8.960202|-7.21371|-12.384854|-10.557414|-12.509747,-67.39039899999999,7
11_cod_managed,Sarah managed to catch a cod. It made a fantastic dinner.,managed,it,Sarah|##managed|##to|##catch|##a|##cod|.|##It|##made|##a|##fantastic|##dinner|.|<|endoftext|>,-11.177863|-11.979032|-8.7130575|-11.311857|-11.008526|-7.5133896|-10.574642|-14.279573|-10.935938|-8.022268|-13.694795|-6.1025047|-10.72358|-12.4824,-63.7586587,7
11_cod_managed,Sarah managed to catch a cod. It's not a big deal.,managed,subj,Sarah|##managed|##to|##catch|##a|##cod|.|##It|'s|##not|##a|##big|##deal|.|<|endoftext|>,-11.177863|-11.979032|-8.7130575|-11.311857|-11.008526|-7.5133896|-10.574642|-14.279573|-10.645178|-7.465253|-9.228313|-7.0037985|-13.071314|-10.869793|-12.55946,-72.5632225,7
11_cod_failed,Sarah failed to catch a cod. It made a fantastic dinner.,failed,it,Sarah|##failed|##to|##catch|##a|##cod|.|##It|##made|##a|##fantastic|##dinner|.|<|endoftext|>,-11.177863|-10.110825|-9.129303|-10.688128|-10.123529|-6.7960973|-9.805106|-13.897807|-11.05758|-8.268245|-12.387358|-6.12673|-10.107659|-12.550568,-61.845379,7
11_cod_failed,Sarah failed to catch a cod. It's not a big deal.,failed,subj,Sarah|##failed|##to|##catch|##a|##cod|.|##It|'s|##not|##a|##big|##deal|.|<|endoftext|>,-11.177863|-10.110825|-9.129303|-10.688128|-10.123529|-6.7960973|-9.805106|-13.897807|-10.65804|-7.574131|-9.275426|-7.6053905|-13.24127|-10.408455|-12.578027,-72.6605195,7
12_ticket_affirmative,Thomas booked a ticket in advance and it was much cheaper than he expected.,affirmative,it,Thomas|##booked|##a|##ticket|##in|##advance|##and|##it|##was|##much|##cheaper|##than|##he|##expected|.|<|endoftext|>,-12.440558|-9.851067|-9.252453|-8.959873|-7.293578|-13.660353|-7.3531904|-10.388673|-9.819837|-6.8128104|-10.63376|-9.965271|-9.984817|-12.516732|-10.875061|-12.556067,-80.9969614,7
12_ticket_affirmative,Thomas booked a ticket in advance and it's not a big deal.,affirmative,subj,Thomas|##booked|##a|##ticket|##in|##advance|##and|##it|'s|##not|##a|##big|##deal|.|<|endoftext|>,-12.440558|-9.851067|-9.252453|-8.959873|-7.293578|-13.660353|-7.3531904|-10.388673|-10.743603|-7.783594|-9.039047|-8.49211|-12.804584|-10.868482|-12.501158,-70.120093,7
12_ticket_negated,Thomas didn't book a ticket in advance and it was much cheaper than he expected.,negated,it,Thomas|##didn|'t|##book|##a|##ticket|##in|##advance|##and|##it|##was|##much|##cheaper|##than|##he|##expected|.|<|endoftext|>,-12.440558|-13.759115|-11.407675|-8.790063|-10.367293|-9.532523|-6.9778013|-14.72756|-7.4685903|-10.535831|-9.824839|-7.1658297|-10.184376|-10.164752|-9.878162|-12.545636|-10.834711|-12.584336,-81.1341367,9
12_ticket_negated,Thomas didn't book a ticket in advance and it's not a big deal.,negated,subj,Thomas|##didn|'t|##book|##a|##ticket|##in|##advance|##and|##it|'s|##not|##a|##big|##deal|.|<|endoftext|>,-12.440558|-13.759115|-11.407675|-8.790063|-10.367293|-9.532523|-6.9778013|-14.72756|-7.4685903|-10.535831|-11.094164|-8.310711|-9.305153|-8.768938|-13.455036|-10.742849|-12.571183,-72.212682,9
12_ticket_know,I know that Thomas booked a ticket in advance. It was much cheaper than he expected.,know,it,I|##know|##that|##Thomas|##booked|##a|##ticket|##in|##advance|.|##It|##was|##much|##cheaper|##than|##he|##expected|.|<|endoftext|>,-8.253021|-10.449959|-5.3576436|-7.498926|-9.702371|-9.168346|-9.371046|-7.5156507|-13.928147|-10.451677|-14.484772|-9.698327|-6.366891|-10.080988|-10.071893|-9.799724|-12.885949|-10.45939|-12.606105,-83.847934,10
12_ticket_know,I know that Thomas booked a ticket in advance. It's not a big deal.,know,subj,I|##know|##that|##Thomas|##booked|##a|##ticket|##in|##advance|.|##It|'s|##not|##a|##big|##deal|.|<|endoftext|>,-8.253021|-10.449959|-5.3576436|-7.498926|-9.702371|-9.168346|-9.371046|-7.5156507|-13.928147|-10.451677|-14.484772|-11.015553|-7.912713|-9.609054|-8.43752|-13.589283|-10.770573|-12.598909,-75.819468,10
12_ticket_doubt,I doubt that Thomas booked a ticket in advance. It was much cheaper than he expected.,doubt,it,I|##doubt|##that|##Thomas|##booked|##a|##ticket|##in|##advance|.|##It|##was|##much|##cheaper|##than|##he|##expected|.|<|endoftext|>,-8.253021|-11.769142|-5.1762204|-6.862196|-9.737688|-9.790629|-9.678354|-7.9895477|-14.261795|-10.5236025|-14.313071|-9.581451|-6.306462|-10.104739|-10.177114|-9.870571|-12.853169|-10.322475|-12.610979,-83.529052,10
12_ticket_doubt,I doubt that Thomas booked a ticket in advance. It's not a big deal.,doubt,subj,I|##doubt|##that|##Thomas|##booked|##a|##ticket|##in|##advance|.|##It|'s|##not|##a|##big|##deal|.|<|endoftext|>,-8.253021|-11.769142|-5.1762204|-6.862196|-9.737688|-9.790629|-9.678354|-7.9895477|-14.261795|-10.5236025|-14.313071|-10.885469|-8.18054|-9.579451|-8.18368|-13.639101|-10.673684|-12.629528,-75.454996,10
12_ticket_modal,Thomas wants to book a ticket in advance and it was much cheaper than he expected.,modal,it,Thomas|##wants|##to|##book|##a|##ticket|##in|##advance|##and|##it|##was|##much|##cheaper|##than|##he|##expected|.|<|endoftext|>,-12.440558|-12.334772|-8.810965|-8.266565|-9.320383|-8.676992|-6.8027716|-13.371258|-7.534095|-9.92578|-10.027179|-7.2330523|-9.723986|-9.903739|-9.956379|-12.486599|-10.7251|-12.569899,-79.9818143,9
12_ticket_modal,Thomas wants to book a ticket in advance and it's not a big deal.,modal,subj,Thomas|##wants|##to|##book|##a|##ticket|##in|##advance|##and|##it|'s|##not|##a|##big|##deal|.|<|endoftext|>,-12.440558|-12.334772|-8.810965|-8.266565|-9.320383|-8.676992|-6.8027716|-13.371258|-7.534095|-9.92578|-10.912256|-8.052417|-9.172005|-8.043429|-12.8705225|-11.106252|-12.558801,-70.0826615,9
12_ticket_managed,Thomas managed to book a ticket. It was much cheaper than he expected.,managed,it,Thomas|##managed|##to|##book|##a|##ticket|.|##It|##was|##much|##cheaper|##than|##he|##expected|.|<|endoftext|>,-12.440558|-12.169335|-8.762886|-9.50474|-9.196396|-8.96994|-10.894325|-15.313889|-9.81325|-6.7062273|-10.18302|-10.414431|-10.134905|-12.9205675|-11.17232|-12.567298,-86.65860980000001,7
12_ticket_managed,Thomas managed to book a ticket. It's not a big deal.,managed,subj,Thomas|##managed|##to|##book|##a|##ticket|.|##It|'s|##not|##a|##big|##deal|.|<|endoftext|>,-12.440558|-12.169335|-8.762886|-9.50474|-9.196396|-8.96994|-10.894325|-15.313889|-11.159509|-7.7348385|-9.549629|-8.715408|-13.399013|-11.224838|-12.56662,-77.09712449999999,7
12_ticket_failed,Thomas failed to book a ticket. It was much cheaper than he expected.,failed,it,Thomas|##failed|##to|##book|##a|##ticket|.|##It|##was|##much|##cheaper|##than|##he|##expected|.|<|endoftext|>,-12.440558|-9.774786|-9.0649185|-8.705554|-10.195547|-8.898958|-10.392156|-14.888809|-9.307493|-6.9014206|-10.364728|-10.350934|-9.799817|-13.351599|-10.711195|-12.479548,-85.6759956,7
12_ticket_failed,Thomas failed to book a ticket. It's not a big deal.,failed,subj,Thomas|##failed|##to|##book|##a|##ticket|.|##It|'s|##not|##a|##big|##deal|.|<|endoftext|>,-12.440558|-9.774786|-9.0649185|-8.705554|-10.195547|-8.898958|-10.392156|-14.888809|-11.049754|-8.065987|-9.711111|-8.407636|-13.666547|-10.769066|-12.549111,-76.55891,7
13_bed_affirmative,Luke bought a bed and it was delivered the next day.,affirmative,it,Luke|##bought|##a|##bed|##and|##it|##was|##delivered|##the|##next|##day|.|<|endoftext|>,-9.292289|-10.827536|-8.613519|-8.105647|-7.1380434|-9.6821|-9.685327|-9.2518425|-8.672814|-9.39794|-10.548241|-9.581833|-12.637551,-66.8200975,5
13_bed_affirmative,Luke bought a bed and it's not a big deal.,affirmative,subj,Luke|##bought|##a|##bed|##and|##it|'s|##not|##a|##big|##deal|.|<|endoftext|>,-9.292289|-10.827536|-8.613519|-8.105647|-7.1380434|-9.6821|-10.539765|-7.142554|-8.922263|-6.528094|-11.877161|-10.143503|-12.54546,-64.83544,5
13_bed_negated,Luke didn't buy a bed and it was delivered the next day.,negated,it,Luke|##didn|'t|##buy|##a|##bed|##and|##it|##was|##delivered|##the|##next|##day|.|<|endoftext|>,-9.292289|-11.131449|-11.244758|-11.6250725|-9.527709|-9.237649|-7.428474|-9.488863|-9.44035|-9.920797|-9.050711|-9.708927|-10.922973|-9.774342|-12.471535,-68.30696300000001,7
13_bed_negated,Luke didn't buy a bed and it's not a big deal.,negated,subj,Luke|##didn|'t|##buy|##a|##bed|##and|##it|'s|##not|##a|##big|##deal|.|<|endoftext|>,-9.292289|-11.131449|-11.244758|-11.6250725|-9.527709|-9.237649|-7.428474|-9.488863|-10.319687|-7.5110817|-9.223717|-7.1378|-12.48422|-10.139168|-12.426434,-66.3045367,7
13_bed_know,I know that Luke bought a bed. It was delivered the next day.,know,it,I|##know|##that|##Luke|##bought|##a|##bed|.|##It|##was|##delivered|##the|##next|##day|.|<|endoftext|>,-8.253021|-10.449959|-5.3576436|-8.574779|-11.827879|-8.447285|-8.11792|-9.600777|-14.02564|-9.598133|-9.907912|-8.298754|-10.256208|-10.999926|-9.656136|-12.58716,-72.742709,8
13_bed_know,I know that Luke bought a bed. It's not a big deal.,know,subj,I|##know|##that|##Luke|##bought|##a|##bed|.|##It|'s|##not|##a|##big|##deal|.|<|endoftext|>,-8.253021|-10.449959|-5.3576436|-8.574779|-11.827879|-8.447285|-8.11792|-9.600777|-14.02564|-10.956897|-7.2616186|-8.987642|-6.876203|-12.920744|-10.099611|-12.589134,-71.12835559999999,8
13_bed_doubt,I doubt that Luke bought a bed. It was delivered the next day.,doubt,it,I|##doubt|##that|##Luke|##bought|##a|##bed|.|##It|##was|##delivered|##the|##next|##day|.|<|endoftext|>,-8.253021|-11.769142|-5.1762204|-8.126869|-12.06604|-8.959326|-8.335997|-9.724559|-14.046599|-9.731038|-9.3121805|-8.318878|-10.109938|-10.99294|-9.4202795|-12.566299,-71.93185299999999,8
13_bed_doubt,I doubt that Luke bought a bed. It's not a big deal.,doubt,subj,I|##doubt|##that|##Luke|##bought|##a|##bed|.|##It|'s|##not|##a|##big|##deal|.|<|endoftext|>,-8.253021|-11.769142|-5.1762204|-8.126869|-12.06604|-8.959326|-8.335997|-9.724559|-14.046599|-10.639939|-7.8768005|-9.4373665|-7.2020826|-12.967311|-10.086585|-12.590562,-72.2566836,8
13_bed_modal,Luke wants to buy a bed and it was delivered the next day.,modal,it,Luke|##wants|##to|##buy|##a|##bed|##and|##it|##was|##delivered|##the|##next|##day|.|<|endoftext|>,-9.292289|-11.132845|-8.379567|-11.006248|-8.771409|-8.534804|-7.3273826|-9.56242|-9.672796|-9.037809|-8.303129|-9.707636|-10.988892|-9.546771|-12.626463,-66.81945300000001,7
13_bed_modal,Luke wants to buy a bed and it's not a big deal.,modal,subj,Luke|##wants|##to|##buy|##a|##bed|##and|##it|'s|##not|##a|##big|##deal|.|<|endoftext|>,-9.292289|-11.132845|-8.379567|-11.006248|-8.771409|-8.534804|-7.3273826|-9.56242|-10.21756|-7.6430163|-8.874372|-7.3168993|-12.046191|-10.210658|-12.609306,-65.87111660000001,7
13_bed_managed,Luke managed to buy a bed. It was delivered the next day.,managed,it,Luke|##managed|##to|##buy|##a|##bed|.|##It|##was|##delivered|##the|##next|##day|.|<|endoftext|>,-9.292289|-9.924694|-8.698195|-10.809929|-8.491331|-8.701154|-10.308496|-14.91024|-9.693678|-9.576407|-8.857677|-10.085443|-10.984891|-10.281298|-12.517889,-74.389634,7
13_bed_managed,Luke managed to buy a bed. It's not a big deal.,managed,subj,Luke|##managed|##to|##buy|##a|##bed|.|##It|'s|##not|##a|##big|##deal|.|<|endoftext|>,-9.292289|-9.924694|-8.698195|-10.809929|-8.491331|-8.701154|-10.308496|-14.91024|-10.998377|-7.6067457|-9.409508|-7.3813105|-12.589215|-10.861345|-12.51334,-73.7567412,7
13_bed_failed,Luke failed to buy a bed. It was delivered the next day.,failed,it,Luke|##failed|##to|##buy|##a|##bed|.|##It|##was|##delivered|##the|##next|##day|.|<|endoftext|>,-9.292289|-10.061971|-9.029915|-9.918078|-9.443305|-8.422371|-10.025472|-14.677093|-9.392806|-9.896882|-9.035072|-9.915803|-10.895216|-9.8784275|-12.36173,-73.69129949999999,7
13_bed_failed,Luke failed to buy a bed. It's not a big deal.,failed,subj,Luke|##failed|##to|##buy|##a|##bed|.|##It|'s|##not|##a|##big|##deal|.|<|endoftext|>,-9.292289|-10.061971|-9.029915|-9.918078|-9.443305|-8.422371|-10.025472|-14.677093|-10.828265|-7.6935177|-9.693646|-7.8831477|-13.148784|-10.608371|-12.406483,-74.53282440000001,7
14_gin_affirmative,Dan drank a gin tonic and it was very strong.,affirmative,it,Dan|##drank|##a|##gin|##ton|ic|##and|##it|##was|##very|##strong|.|<|endoftext|>,-9.811677|-10.54535|-9.5698805|-5.9178634|-13.526831|-14.588371|-7.411319|-9.704762|-9.973199|-5.066939|-10.4628935|-10.171146|-12.421616,-45.3789395,7
14_gin_affirmative,Dan drank a gin tonic and it's not a big deal.,affirmative,subj,Dan|##drank|##a|##gin|##ton|ic|##and|##it|'s|##not|##a|##big|##deal|.|<|endoftext|>,-9.811677|-10.54535|-9.5698805|-5.9178634|-13.526831|-14.588371|-7.411319|-9.704762|-10.07193|-7.6416626|-9.250281|-6.357239|-12.690484|-9.96115|-12.363272,-65.6775086,7
14_gin_negated,Dan didn't drink a gin tonic and it was very strong.,negated,it,Dan|##didn|'t|##drink|##a|##gin|##ton|ic|##and|##it|##was|##very|##strong|.|<|endoftext|>,-9.811677|-13.125648|-11.340675|-8.810763|-11.170858|-6.023411|-13.9796295|-14.867617|-7.5637903|-9.7736635|-9.337263|-5.7222342|-10.55301|-10.193959|-12.4387665,-45.58012969999999,9
14_gin_negated,Dan didn't drink a gin tonic and it's not a big deal.,negated,subj,Dan|##didn|'t|##drink|##a|##gin|##ton|ic|##and|##it|'s|##not|##a|##big|##deal|.|<|endoftext|>,-9.811677|-13.125648|-11.340675|-8.810763|-11.170858|-6.023411|-13.9796295|-14.867617|-7.5637903|-9.7736635|-10.436416|-7.7788544|-9.139985|-7.301833|-13.405651|-10.199652|-12.413765,-68.03605490000001,9
14_gin_know,I know that Dan drank a gin tonic. It was very strong.,know,it,I|##know|##that|##Dan|##drank|##a|##gin|##ton|ic|.|##It|##was|##very|##strong|.|<|endoftext|>,-8.253021|-10.449959|-5.3576436|-6.8556566|-10.856232|-9.52784|-5.8391314|-13.628788|-14.778228|-9.899243|-13.868067|-9.375422|-5.57726|-10.523814|-10.5915785|-12.439708,-49.936141500000005,10
14_gin_know,I know that Dan drank a gin tonic. It's not a big deal.,know,subj,I|##know|##that|##Dan|##drank|##a|##gin|##ton|ic|.|##It|'s|##not|##a|##big|##deal|.|<|endoftext|>,-8.253021|-10.449959|-5.3576436|-6.8556566|-10.856232|-9.52784|-5.8391314|-13.628788|-14.778228|-9.899243|-13.868067|-10.719949|-7.618931|-9.155547|-7.024193|-13.619843|-10.235949|-12.45898,-72.242479,10
14_gin_doubt,I doubt that Dan drank a gin tonic. It was very strong.,doubt,it,I|##doubt|##that|##Dan|##drank|##a|##gin|##ton|ic|.|##It|##was|##very|##strong|.|<|endoftext|>,-8.253021|-11.769142|-5.1762204|-6.728994|-11.163638|-10.41547|-6.083637|-13.8450985|-15.097122|-10.048481|-14.138005|-9.328541|-5.905427|-9.674191|-10.36846|-12.508501,-49.414624,10
14_gin_doubt,I doubt that Dan drank a gin tonic. It's not a big deal.,doubt,subj,I|##doubt|##that|##Dan|##drank|##a|##gin|##ton|ic|.|##It|'s|##not|##a|##big|##deal|.|<|endoftext|>,-8.253021|-11.769142|-5.1762204|-6.728994|-11.163638|-10.41547|-6.083637|-13.8450985|-15.097122|-10.048481|-14.138005|-10.677232|-8.225628|-9.145843|-7.111598|-13.720526|-10.333279|-12.529316,-73.352111,10
14_gin_modal,Dan wants to drink a gin tonic and it was very strong.,modal,it,Dan|##wants|##to|##drink|##a|##gin|##ton|ic|##and|##it|##was|##very|##strong|.|<|endoftext|>,-9.811677|-11.99967|-8.597255|-8.895719|-9.736409|-6.1384845|-13.487753|-14.838266|-7.223784|-9.31032|-9.727926|-5.157179|-9.992441|-9.947671|-12.49571,-44.135537,9
14_gin_modal,Dan wants to drink a gin tonic and it's not a big deal.,modal,subj,Dan|##wants|##to|##drink|##a|##gin|##ton|ic|##and|##it|'s|##not|##a|##big|##deal|.|<|endoftext|>,-9.811677|-11.99967|-8.597255|-8.895719|-9.736409|-6.1384845|-13.487753|-14.838266|-7.223784|-9.31032|-10.502076|-7.7198286|-9.129149|-6.428668|-12.784547|-10.28804|-12.499105,-66.16262859999999,9
14_gin_managed,Dan managed to mix a gin tonic. It was very strong.,managed,it,Dan|##managed|##to|##mix|##a|##gin|##ton|ic|.|##It|##was|##very|##strong|.|<|endoftext|>,-9.811677|-12.031501|-8.73963|-10.439815|-8.981434|-6.4674273|-14.012453|-14.973346|-10.174771|-14.367897|-9.67321|-5.67551|-10.360576|-10.559971|-12.498725,-50.637164,9
14_gin_managed,Dan managed to mix a gin tonic. It's not a big deal.,managed,subj,Dan|##managed|##to|##mix|##a|##gin|##ton|ic|.|##It|'s|##not|##a|##big|##deal|.|<|endoftext|>,-9.811677|-12.031501|-8.73963|-10.439815|-8.981434|-6.4674273|-14.012453|-14.973346|-10.174771|-14.367897|-10.578696|-7.8138633|-8.823844|-6.8417616|-12.85541|-10.603023|-12.491191,-71.88449489999999,9
14_gin_failed,Dan failed to mix a gin tonic. It was very strong.,failed,it,Dan|##failed|##to|##mix|##a|##gin|##ton|ic|.|##It|##was|##very|##strong|.|<|endoftext|>,-9.811677|-9.431868|-8.949709|-9.983829|-8.9963|-5.961344|-14.392487|-15.136063|-9.71064|-14.602919|-9.249234|-5.716662|-9.900862|-9.962388|-12.357984,-49.43206500000001,9
14_gin_failed,Dan failed to mix a gin tonic. It's not a big deal.,failed,subj,Dan|##failed|##to|##mix|##a|##gin|##ton|ic|.|##It|'s|##not|##a|##big|##deal|.|<|endoftext|>,-9.811677|-9.431868|-8.949709|-9.983829|-8.9963|-5.961344|-14.392487|-15.136063|-9.71064|-14.602919|-10.55429|-7.973207|-9.304533|-7.772865|-13.512683|-10.352638|-12.4353285,-74.07313500000001,9
15_bone_affirmative,David discovered a bone on his archeological expedition and it likely belonged to an extinct bird species.,affirmative,it,David|##discovered|##a|##bone|##on|##his|##arche|ological|##expedition|##and|##it|##likely|##belonged|##to|##an|##extinct|##bird|##species|.|<|endoftext|>,-11.828095|-12.088816|-9.169081|-5.91174|-9.637828|-9.829381|-11.58713|-16.428726|-9.905035|-7.3537316|-10.117939|-9.889551|-12.077262|-9.985262|-5.9386873|-5.8378305|-7.7314095|-8.555948|-10.415939|-12.563286,-80.54982829999999,10
15_bone_affirmative,David discovered a bone on his archeological expedition and it's not a big deal.,affirmative,subj,David|##discovered|##a|##bone|##on|##his|##arche|ological|##expedition|##and|##it|'s|##not|##a|##big|##deal|.|<|endoftext|>,-11.828095|-12.088816|-9.169081|-5.91174|-9.637828|-9.829381|-11.58713|-16.428726|-9.905035|-7.3537316|-10.117939|-10.847697|-7.89872|-9.083136|-7.6692195|-13.467941|-10.623208|-12.497129,-69.7078605,10
15_bone_negated,David didn't discover a bone on his archeological expedition and it likely belonged to an extinct bird species.,negated,it,David|##didn|'t|##discover|##a|##bone|##on|##his|##arche|ological|##expedition|##and|##it|##likely|##belonged|##to|##an|##extinct|##bird|##species|.|<|endoftext|>,-11.828095|-13.199466|-11.194401|-14.005531|-9.722576|-5.0121584|-9.921049|-9.995696|-12.32756|-15.744516|-11.444517|-7.787244|-10.073662|-8.758238|-12.382484|-9.961678|-5.6364245|-5.9755163|-8.554283|-9.1880455|-10.54431|-12.66373,-81.0746413,12
15_bone_negated,David didn't discover a bone on his archeological expedition and it's not a big deal.,negated,subj,David|##didn|'t|##discover|##a|##bone|##on|##his|##arche|ological|##expedition|##and|##it|'s|##not|##a|##big|##deal|.|<|endoftext|>,-11.828095|-13.199466|-11.194401|-14.005531|-9.722576|-5.0121584|-9.921049|-9.995696|-12.32756|-15.744516|-11.444517|-7.787244|-10.073662|-10.740504|-7.73507|-9.444064|-7.9070373|-13.616952|-10.559199|-12.594539,-70.0764883,12
15_bone_know,I know that David discovered a bone on his archeological expedition. It likely belonged to an extinct bird species.,know,it,I|##know|##that|##David|##discovered|##a|##bone|##on|##his|##arche|ological|##expedition|.|##It|##likely|##belonged|##to|##an|##extinct|##bird|##species|.|<|endoftext|>,-8.253021|-10.449959|-5.3576436|-6.8382797|-12.990397|-9.18753|-5.6362224|-9.543537|-9.595243|-11.632023|-16.476425|-10.42315|-10.259481|-14.288183|-9.845006|-12.637274|-9.904097|-5.7501936|-6.110915|-7.7911654|-8.643637|-10.272477|-12.683429,-85.242948,13
15_bone_know,I know that David discovered a bone on his archeological expedition. It's not a big deal.,know,subj,I|##know|##that|##David|##discovered|##a|##bone|##on|##his|##arche|ological|##expedition|.|##It|'s|##not|##a|##big|##deal|.|<|endoftext|>,-8.253021|-10.449959|-5.3576436|-6.8382797|-12.990397|-9.18753|-5.6362224|-9.543537|-9.595243|-11.632023|-16.476425|-10.42315|-10.259481|-14.288183|-11.277777|-7.638033|-8.966647|-7.0576916|-13.645336|-10.840862|-12.631996,-73.71452959999999,13
15_bone_doubt,I doubt that David discovered a bone on his archeological expedition. It likely belonged to an extinct bird species.,doubt,it,I|##doubt|##that|##David|##discovered|##a|##bone|##on|##his|##arche|ological|##expedition|.|##It|##likely|##belonged|##to|##an|##extinct|##bird|##species|.|<|endoftext|>,-8.253021|-11.769142|-5.1762204|-7.252944|-13.07919|-9.472734|-4.9142833|-9.816304|-9.662257|-11.765082|-16.619877|-11.613048|-10.472681|-14.229094|-8.401278|-12.558274|-9.92036|-6.0741673|-6.068076|-7.778741|-8.927839|-10.252859|-12.720259,-84.21068830000002,13
15_bone_doubt,I doubt that David discovered a bone on his archeological expedition. It's not a big deal.,doubt,subj,I|##doubt|##that|##David|##discovered|##a|##bone|##on|##his|##arche|ological|##expedition|.|##It|'s|##not|##a|##big|##deal|.|<|endoftext|>,-8.253021|-11.769142|-5.1762204|-7.252944|-13.07919|-9.472734|-4.9142833|-9.816304|-9.662257|-11.765082|-16.619877|-11.613048|-10.472681|-14.229094|-11.024029|-8.083153|-9.623253|-7.6509356|-13.772272|-10.7200985|-12.666679,-75.10283510000001,13
15_bone_modal,David wants to discover a bone on his archeological expedition and it likely belonged to an extinct bird species.,modal,it,David|##wants|##to|##discover|##a|##bone|##on|##his|##arche|ological|##expedition|##and|##it|##likely|##belonged|##to|##an|##extinct|##bird|##species|.|<|endoftext|>,-11.828095|-12.72628|-8.664257|-12.781494|-9.650175|-5.182879|-9.639605|-10.144624|-12.286422|-15.116123|-11.047236|-7.3998785|-9.436843|-8.955521|-11.661091|-9.767665|-5.970464|-6.0228195|-8.556175|-8.960371|-10.500058|-12.69644,-79.83100749999998,12
15_bone_modal,David wants to discover a bone on his archeological expedition and it's not a big deal.,modal,subj,David|##wants|##to|##discover|##a|##bone|##on|##his|##arche|ological|##expedition|##and|##it|'s|##not|##a|##big|##deal|.|<|endoftext|>,-11.828095|-12.72628|-8.664257|-12.781494|-9.650175|-5.182879|-9.639605|-10.144624|-12.286422|-15.116123|-11.047236|-7.3998785|-9.436843|-10.584467|-8.12299|-9.15974|-7.114195|-12.542055|-10.71682|-12.637509,-67.67711,12
15_bone_managed,David managed to discover a bone on his archeological expedition. It likely belonged to an extinct bird species.,managed,it,David|##managed|##to|##discover|##a|##bone|##on|##his|##arche|ological|##expedition|.|##It|##likely|##belonged|##to|##an|##extinct|##bird|##species|.|<|endoftext|>,-11.828095|-12.4973|-8.756187|-14.0825205|-9.056656|-6.0444636|-9.470043|-9.941277|-12.13631|-15.842411|-10.043222|-10.548386|-14.529937|-10.02878|-11.702732|-10.128534|-5.7599807|-5.904115|-7.695323|-8.3194475|-10.416951|-12.6389,-84.48580019999999,12
15_bone_managed,David managed to discover a bone on his archeological expedition. It's not a big deal.,managed,subj,David|##managed|##to|##discover|##a|##bone|##on|##his|##arche|ological|##expedition|.|##It|'s|##not|##a|##big|##deal|.|<|endoftext|>,-11.828095|-12.4973|-8.756187|-14.0825205|-9.056656|-6.0444636|-9.470043|-9.941277|-12.13631|-15.842411|-10.043222|-10.548386|-14.529937|-11.339789|-8.087193|-8.934563|-7.492921|-13.159672|-11.265707|-12.609291,-74.809782,12
15_bone_failed,David failed to discover a bone on his archeological expedition. It likely belonged to an extinct bird species.,failed,it,David|##failed|##to|##discover|##a|##bone|##on|##his|##arche|ological|##expedition|.|##It|##likely|##belonged|##to|##an|##extinct|##bird|##species|.|<|endoftext|>,-11.828095|-10.032555|-8.798601|-14.140896|-9.70215|-5.524701|-9.462132|-10.011494|-12.593932|-14.947758|-10.893575|-10.029799|-14.471157|-8.827144|-12.000158|-9.950667|-5.5898647|-5.950009|-7.9146767|-8.829196|-10.180075|-12.522781,-83.7129474,12
15_bone_failed,David failed to discover a bone on his archeological expedition. It's not a big deal.,failed,subj,David|##failed|##to|##discover|##a|##bone|##on|##his|##arche|ological|##expedition|.|##It|'s|##not|##a|##big|##deal|.|<|endoftext|>,-11.828095|-10.032555|-8.798601|-14.140896|-9.70215|-5.524701|-9.462132|-10.011494|-12.593932|-14.947758|-10.893575|-10.029799|-14.471157|-10.774149|-7.9602194|-9.603167|-7.835067|-13.565939|-10.697096|-12.482173,-74.90679440000001,12
16_house_affirmative,Lisa built a house and it is the most beautiful building I have ever seen.,affirmative,it,Lisa|##built|##a|##house|##and|##it|##is|##the|##most|##beautiful|##building|##I|##have|##ever|##seen|.|<|endoftext|>,-10.467635|-11.443664|-8.618593|-8.980778|-6.7158484|-10.180532|-8.99006|-8.728593|-8.8572235|-8.083578|-9.655489|-10.812983|-10.568517|-7.2200537|-11.788727|-9.959912|-12.751266,-104.84566819999999,5
16_house_affirmative,Lisa built a house and it's not a big deal.,affirmative,subj,Lisa|##built|##a|##house|##and|##it|'s|##not|##a|##big|##deal|.|<|endoftext|>,-10.467635|-11.443664|-8.618593|-8.980778|-6.7158484|-10.180532|-10.038472|-7.3289037|-8.746574|-6.3925815|-12.937176|-10.3878355|-12.67825,-66.0120747,5
16_house_negated,Lisa didn't build a house and it is the most beautiful building I have ever seen.,negated,it,Lisa|##didn|'t|##build|##a|##house|##and|##it|##is|##the|##most|##beautiful|##building|##I|##have|##ever|##seen|.|<|endoftext|>,-10.467635|-13.932581|-11.731144|-12.20187|-9.252651|-10.577111|-7.305125|-9.989126|-8.62524|-8.363629|-8.426987|-8.113264|-9.307265|-10.704767|-10.668661|-7.4895926|-11.540039|-9.869875|-12.782791,-103.09844560000002,7
16_house_negated,Lisa didn't build a house and it's not a big deal.,negated,subj,Lisa|##didn|'t|##build|##a|##house|##and|##it|'s|##not|##a|##big|##deal|.|<|endoftext|>,-10.467635|-13.932581|-11.731144|-12.20187|-9.252651|-10.577111|-7.305125|-9.989126|-10.454092|-7.68027|-9.188213|-7.4457684|-13.4583435|-10.399656|-12.754572,-68.6154689,7
16_house_know,I know that Lisa built a house. It is the most beautiful building I have ever seen.,know,it,I|##know|##that|##Lisa|##built|##a|##house|.|##It|##is|##the|##most|##beautiful|##building|##I|##have|##ever|##seen|.|<|endoftext|>,-8.253021|-10.449959|-5.3576436|-5.8276854|-10.927808|-8.751206|-9.952804|-10.131411|-14.388201|-9.371088|-8.780661|-9.149255|-8.018737|-10.32343|-10.94507|-11.580829|-7.476061|-12.582448|-10.449194|-12.836135,-113.064974,8
16_house_know,I know that Lisa built a house. It's not a big deal.,know,subj,I|##know|##that|##Lisa|##built|##a|##house|.|##It|'s|##not|##a|##big|##deal|.|<|endoftext|>,-8.253021|-10.449959|-5.3576436|-5.8276854|-10.927808|-8.751206|-9.952804|-10.131411|-14.388201|-11.024394|-7.334775|-8.815882|-6.5541635|-13.5340605|-10.598299|-12.804258,-72.249775,8
16_house_doubt,I doubt that Lisa built a house. It is the most beautiful building I have ever seen.,doubt,it,I|##doubt|##that|##Lisa|##built|##a|##house|.|##It|##is|##the|##most|##beautiful|##building|##I|##have|##ever|##seen|.|<|endoftext|>,-8.253021|-11.769142|-5.1762204|-6.1359773|-11.194773|-8.944352|-9.405595|-10.145885|-14.125422|-9.285051|-8.421816|-8.202528|-8.277565|-8.687637|-10.9141865|-11.134951|-7.723665|-11.194386|-10.230061|-12.819276,-108.1972685,8
16_house_doubt,I doubt that Lisa built a house. It's not a big deal.,doubt,subj,I|##doubt|##that|##Lisa|##built|##a|##house|.|##It|'s|##not|##a|##big|##deal|.|<|endoftext|>,-8.253021|-11.769142|-5.1762204|-6.1359773|-11.194773|-8.944352|-9.405595|-10.145885|-14.125422|-10.790255|-7.6776233|-9.279245|-6.938313|-13.718557|-10.504652|-12.791522,-73.0340673,8
16_house_modal,Lisa wants to build a house and it is the most beautiful building I have ever seen.,modal,it,Lisa|##wants|##to|##build|##a|##house|##and|##it|##is|##the|##most|##beautiful|##building|##I|##have|##ever|##seen|.|<|endoftext|>,-10.467635|-11.920947|-8.364164|-12.312426|-8.711692|-10.188664|-7.143415|-9.902517|-9.173189|-8.525641|-8.374686|-7.968825|-7.974863|-10.969548|-11.079053|-7.3161774|-11.283316|-10.236967|-12.66843,-102.8047824,7
16_house_modal,Lisa wants to build a house and it's not a big deal.,modal,subj,Lisa|##wants|##to|##build|##a|##house|##and|##it|'s|##not|##a|##big|##deal|.|<|endoftext|>,-10.467635|-11.920947|-8.364164|-12.312426|-8.711692|-10.188664|-7.143415|-9.902517|-10.785907|-7.9348803|-8.91258|-6.773406|-12.835431|-10.782057|-12.662041,-67.9267783,7
16_house_managed,Lisa managed to build a house. It is the most beautiful building I have ever seen.,managed,it,Lisa|##managed|##to|##build|##a|##house|.|##It|##is|##the|##most|##beautiful|##building|##I|##have|##ever|##seen|.|<|endoftext|>,-10.467635|-12.259505|-8.676853|-12.313859|-8.652742|-9.593595|-10.618746|-14.855946|-9.112925|-8.925745|-8.207874|-8.176807|-9.318553|-11.023119|-10.723484|-7.617893|-11.583222|-10.530657|-12.565205,-110.07622500000001,7
16_house_managed,Lisa managed to build a house. It's not a big deal.,managed,subj,Lisa|##managed|##to|##build|##a|##house|.|##It|'s|##not|##a|##big|##deal|.|<|endoftext|>,-10.467635|-12.259505|-8.676853|-12.313859|-8.652742|-9.593595|-10.618746|-14.855946|-10.760474|-7.626174|-9.102383|-6.6921086|-13.28811|-11.136593|-12.559993,-73.4617886,7
16_house_failed,Lisa failed to build a house. It is the most beautiful building I have ever seen.,failed,it,Lisa|##failed|##to|##build|##a|##house|.|##It|##is|##the|##most|##beautiful|##building|##I|##have|##ever|##seen|.|<|endoftext|>,-10.467635|-10.406096|-9.221946|-11.864896|-9.270032|-9.592559|-10.255283|-14.830119|-8.677503|-8.816614|-8.395366|-7.963123|-8.563019|-10.8677635|-10.852979|-7.4312468|-11.504519|-10.187095|-12.552765,-108.0893473,7
16_house_failed,Lisa failed to build a house. It's not a big deal.,failed,subj,Lisa|##failed|##to|##build|##a|##house|.|##It|'s|##not|##a|##big|##deal|.|<|endoftext|>,-10.467635|-10.406096|-9.221946|-11.864896|-9.270032|-9.592559|-10.255283|-14.830119|-10.766703|-7.752276|-9.567146|-7.834707|-13.722139|-10.675231|-12.561446,-75.148321,7
